ISO-10303-21;
HEADER;
FILE_DESCRIPTION((''),'2;1');
FILE_NAME('LARGER_OPTIM_HOUSING','2025-12-29T09:27:12',('mosta'),(''),
'CREO PARAMETRIC BY PTC INC, 2025102','CREO PARAMETRIC BY PTC INC, 2025102','');
FILE_SCHEMA(('CONFIG_CONTROL_DESIGN'));
ENDSEC;
DATA;
#1=DIRECTION('',(5.392731066883E-3,9.999162770057E-1,-1.176254354968E-2));
#2=VECTOR('',#1,9.500795436756E-1);
#3=CARTESIAN_POINT('',(2.336245583749E0,1.849999999891E0,-1.637243279761E0));
#4=LINE('',#3,#2);
#5=DIRECTION('',(-1.168558976339E-2,-9.999168952677E-1,5.445140035607E-3));
#6=VECTOR('',#5,4.500374002755E-1);
#7=CARTESIAN_POINT('',(1.642502028460E0,2.300000000014E0,-2.338696436051E0));
#8=LINE('',#7,#6);
#9=CARTESIAN_POINT('',(0.E0,2.3E0,0.E0));
#10=DIRECTION('',(0.E0,-1.E0,0.E0));
#11=DIRECTION('',(-4.907395077347E-1,0.E0,-8.713063385218E-1));
#12=AXIS2_PLACEMENT_3D('',#9,#10,#11);
#14=CARTESIAN_POINT('',(-1.8616E0,2.3E0,-1.8616E0));
#15=DIRECTION('',(0.E0,-1.E0,0.E0));
#16=DIRECTION('',(0.E0,0.E0,-1.E0));
#17=AXIS2_PLACEMENT_3D('',#14,#15,#16);
#19=CARTESIAN_POINT('',(-1.8616E0,2.3E0,-1.8616E0));
#20=DIRECTION('',(0.E0,-1.E0,0.E0));
#21=DIRECTION('',(-9.087552646447E-1,0.E0,4.173294489734E-1));
#22=AXIS2_PLACEMENT_3D('',#19,#20,#21);
#24=CARTESIAN_POINT('',(0.E0,2.3E0,0.E0));
#25=DIRECTION('',(0.E0,-1.E0,0.E0));
#26=DIRECTION('',(-8.713063385218E-1,0.E0,4.907395077347E-1));
#27=AXIS2_PLACEMENT_3D('',#24,#25,#26);
#29=CARTESIAN_POINT('',(0.E0,2.3E0,0.E0));
#30=DIRECTION('',(0.E0,1.E0,0.E0));
#31=DIRECTION('',(-9.766194815396E-1,0.E0,2.149753201587E-1));
#32=AXIS2_PLACEMENT_3D('',#29,#30,#31);
#34=CARTESIAN_POINT('',(-2.981619277140E0,2.3E0,6.563196524445E-1));
#35=DIRECTION('',(0.E0,-1.E0,0.E0));
#36=DIRECTION('',(0.E0,0.E0,-1.E0));
#37=AXIS2_PLACEMENT_3D('',#34,#35,#36);
#39=CARTESIAN_POINT('',(-2.981619277140E0,2.3E0,6.563196524445E-1));
#40=DIRECTION('',(0.E0,-1.E0,0.E0));
#41=DIRECTION('',(-8.348054299600E-2,0.E0,-9.965094073520E-1));
#42=AXIS2_PLACEMENT_3D('',#39,#40,#41);
#44=CARTESIAN_POINT('',(-3.053412544117E0,2.3E0,-2.006784378783E-1));
#45=DIRECTION('',(0.E0,1.E0,0.E0));
#46=DIRECTION('',(-9.978472366395E-1,0.E0,-6.558118884910E-2));
#47=AXIS2_PLACEMENT_3D('',#44,#45,#46);
#49=CARTESIAN_POINT('',(0.E0,2.3E0,0.E0));
#50=DIRECTION('',(0.E0,1.E0,0.E0));
#51=DIRECTION('',(-7.674171694958E-1,0.E0,-6.411481014267E-1));
#52=AXIS2_PLACEMENT_3D('',#49,#50,#51);
#54=CARTESIAN_POINT('',(-3.008275304423E0,2.3E0,-2.513300557593E0));
#55=DIRECTION('',(0.E0,-1.E0,0.E0));
#56=DIRECTION('',(7.071067811865E-1,0.E0,-7.071067811866E-1));
#57=AXIS2_PLACEMENT_3D('',#54,#55,#56);
#59=DIRECTION('',(7.071067811865E-1,0.E0,7.071067811865E-1));
#60=VECTOR('',#59,2.369121133021E-1);
#61=CARTESIAN_POINT('',(-2.928310092869E0,2.3E0,-2.928310092869E0));
#62=LINE('',#61,#60);
#63=CARTESIAN_POINT('',(-2.433335346039E0,2.3E0,-3.423284839700E0));
#64=DIRECTION('',(0.E0,-1.E0,0.E0));
#65=DIRECTION('',(0.E0,0.E0,1.E0));
#66=AXIS2_PLACEMENT_3D('',#63,#64,#65);
#68=CARTESIAN_POINT('',(-2.433335346039E0,2.3E0,-3.423284839700E0));
#69=DIRECTION('',(0.E0,-1.E0,0.E0));
#70=DIRECTION('',(5.793655585806E-1,0.E0,8.150678189761E-1));
#71=AXIS2_PLACEMENT_3D('',#68,#69,#70);
#73=CARTESIAN_POINT('',(0.E0,2.3E0,0.E0));
#74=DIRECTION('',(0.E0,1.E0,0.E0));
#75=DIRECTION('',(0.E0,0.E0,-1.E0));
#76=AXIS2_PLACEMENT_3D('',#73,#74,#75);
#78=CARTESIAN_POINT('',(0.E0,2.3E0,0.E0));
#79=DIRECTION('',(0.E0,1.E0,0.E0));
#80=DIRECTION('',(5.793655585806E-1,0.E0,-8.150678189762E-1));
#81=AXIS2_PLACEMENT_3D('',#78,#79,#80);
#83=CARTESIAN_POINT('',(2.433335346039E0,2.3E0,-3.423284839700E0));
#84=DIRECTION('',(0.E0,-1.E0,0.E0));
#85=DIRECTION('',(0.E0,0.E0,1.E0));
#86=AXIS2_PLACEMENT_3D('',#83,#84,#85);
#88=CARTESIAN_POINT('',(2.433335346039E0,2.3E0,-3.423284839700E0));
#89=DIRECTION('',(0.E0,-1.E0,0.E0));
#90=DIRECTION('',(7.071067811866E-1,0.E0,7.071067811865E-1));
#91=AXIS2_PLACEMENT_3D('',#88,#89,#90);
#93=DIRECTION('',(7.071067811865E-1,0.E0,-7.071067811865E-1));
#94=VECTOR('',#93,7.066051338387E-1);
#95=CARTESIAN_POINT('',(2.428664811111E0,2.3E0,-2.428664811111E0));
#96=LINE('',#95,#94);
#97=CARTESIAN_POINT('',(2.676152184526E0,2.3E0,-2.181177437695E0));
#98=DIRECTION('',(0.E0,-1.E0,0.E0));
#99=DIRECTION('',(-9.309167823154E-1,0.E0,3.652313573662E-1));
#100=AXIS2_PLACEMENT_3D('',#97,#98,#99);
#102=CARTESIAN_POINT('',(1.8616E0,2.3E0,-1.8616E0));
#103=DIRECTION('',(0.E0,-1.E0,0.E0));
#104=DIRECTION('',(0.E0,0.E0,-1.E0));
#105=AXIS2_PLACEMENT_3D('',#102,#103,#104);
#107=CARTESIAN_POINT('',(1.8616E0,2.3E0,-1.8616E0));
#108=DIRECTION('',(0.E0,-1.E0,0.E0));
#109=DIRECTION('',(-4.173294489735E-1,0.E0,-9.087552646447E-1));
#110=AXIS2_PLACEMENT_3D('',#107,#108,#109);
#112=CARTESIAN_POINT('',(0.E0,2.3E0,0.E0));
#113=DIRECTION('',(0.E0,-1.E0,0.E0));
#114=DIRECTION('',(0.E0,0.E0,-1.E0));
#115=AXIS2_PLACEMENT_3D('',#112,#113,#114);
#117=CARTESIAN_POINT('',(0.E0,1.5E0,0.E0));
#118=DIRECTION('',(0.E0,1.E0,0.E0));
#119=DIRECTION('',(0.E0,0.E0,-1.E0));
#120=AXIS2_PLACEMENT_3D('',#117,#118,#119);
#122=DIRECTION('',(0.E0,-9.998476951564E-1,-1.745240643728E-2));
#123=VECTOR('',#122,8.001218624351E-1);
#124=CARTESIAN_POINT('',(0.E0,2.3E0,2.699159885716E0));
#125=LINE('',#124,#123);
#126=DIRECTION('',(-1.821631786215E-2,9.997862280301E-1,9.780797759371E-3));
#127=VECTOR('',#126,4.500962188345E-1);
#128=CARTESIAN_POINT('',(-1.316385396037E0,1.849999999908E0,2.347392726806E0));
#129=LINE('',#128,#127);
#130=DIRECTION('',(9.754262362503E-3,-9.997857709363E-1,-1.825559090023E-2));
#131=VECTOR('',#130,4.500964803889E-1);
#132=CARTESIAN_POINT('',(-2.351788260388E0,2.300000035930E0,1.324592878247E0));
#133=LINE('',#132,#131);
#134=DIRECTION('',(-9.780797759368E-3,9.997862280301E-1,-1.821631786215E-2));
#135=VECTOR('',#134,4.500962188345E-1);
#136=CARTESIAN_POINT('',(-2.347392726806E0,1.849999999908E0,-1.316385396037E0));
#137=LINE('',#136,#135);
#138=DIRECTION('',(1.821631786215E-2,-9.997862280301E-1,9.780797759368E-3));
#139=VECTOR('',#138,4.500962188345E-1);
#140=CARTESIAN_POINT('',(-1.324584491828E0,2.300000000787E0,-2.351795026895E0));
#141=LINE('',#140,#139);
#142=CARTESIAN_POINT('',(0.E0,1.5E0,0.E0));
#143=DIRECTION('',(0.E0,-1.E0,0.E0));
#144=DIRECTION('',(1.E0,0.E0,0.E0));
#145=AXIS2_PLACEMENT_3D('',#142,#143,#144);
#147=CARTESIAN_POINT('',(0.E0,1.5E0,0.E0));
#148=DIRECTION('',(0.E0,-1.E0,0.E0));
#149=DIRECTION('',(-1.E0,0.E0,0.E0));
#150=AXIS2_PLACEMENT_3D('',#147,#148,#149);
#152=CARTESIAN_POINT('',(0.E0,1.5E0,0.E0));
#153=DIRECTION('',(0.E0,1.E0,0.E0));
#154=DIRECTION('',(0.E0,0.E0,1.E0));
#155=AXIS2_PLACEMENT_3D('',#152,#153,#154);
#157=DIRECTION('',(0.E0,-9.998476951564E-1,1.745240643728E-2));
#158=VECTOR('',#157,8.001218624351E-1);
#159=CARTESIAN_POINT('',(0.E0,2.3E0,-2.699159885716E0));
#160=LINE('',#159,#158);
#161=DIRECTION('',(1.821631786215E-2,9.997862280301E-1,-9.780797759369E-3));
#162=VECTOR('',#161,4.500962188345E-1);
#163=CARTESIAN_POINT('',(1.316385396037E0,1.849999999908E0,-2.347392726806E0));
#164=LINE('',#163,#162);
#165=DIRECTION('',(-9.754262362501E-3,-9.997857709363E-1,1.825559090023E-2));
#166=VECTOR('',#165,4.500964803889E-1);
#167=CARTESIAN_POINT('',(2.351788260388E0,2.300000035930E0,-1.324592878247E0));
#168=LINE('',#167,#166);
#169=DIRECTION('',(9.780797759372E-3,9.997862280301E-1,1.821631786215E-2));
#170=VECTOR('',#169,4.500962188345E-1);
#171=CARTESIAN_POINT('',(2.347392726806E0,1.849999999908E0,1.316385396037E0));
#172=LINE('',#171,#170);
#173=DIRECTION('',(-1.821631786215E-2,-9.997862280301E-1,-9.780797759370E-3));
#174=VECTOR('',#173,4.500962188345E-1);
#175=CARTESIAN_POINT('',(1.324584491828E0,2.300000000787E0,2.351795026895E0));
#176=LINE('',#175,#174);
#177=CARTESIAN_POINT('',(1.642502028460E0,2.300000000014E0,-2.338696436051E0));
#178=CARTESIAN_POINT('',(1.616903551888E0,2.300000000014E0,-2.326940757863E0));
#179=CARTESIAN_POINT('',(1.564620425368E0,2.299999999965E0,-2.310209159213E0));
#180=CARTESIAN_POINT('',(1.481818745217E0,2.300000000100E0,-2.303762369420E0));
#181=CARTESIAN_POINT('',(1.399834776975E0,2.299999999634E0,-2.317002049136E0));
#182=CARTESIAN_POINT('',(1.349119977393E0,2.300000000787E0,-2.337976022536E0));
#183=CARTESIAN_POINT('',(1.324584491828E0,2.300000000787E0,-2.351795026895E0));
#185=CARTESIAN_POINT('',(1.316385396037E0,1.849999999908E0,-2.347392726806E0));
#186=CARTESIAN_POINT('',(1.341194752809E0,1.849999999908E0,-2.333479908204E0));
#187=CARTESIAN_POINT('',(1.392464050253E0,1.850000000044E0,-2.312460800172E0));
#188=CARTESIAN_POINT('',(1.475329921834E0,1.849999999985E0,-2.299525844047E0));
#189=CARTESIAN_POINT('',(1.558900179206E0,1.850000000014E0,-2.306674978752E0));
#190=CARTESIAN_POINT('',(1.611518754905E0,1.849999999976E0,-2.324086500682E0));
#191=CARTESIAN_POINT('',(1.637243076022E0,1.849999999976E0,-2.336245919386E0));
#193=CARTESIAN_POINT('',(0.E0,1.85E0,0.E0));
#194=DIRECTION('',(0.E0,-1.E0,0.E0));
#195=DIRECTION('',(4.891253358453E-1,0.E0,-8.722135093165E-1));
#196=AXIS2_PLACEMENT_3D('',#193,#194,#195);
#198=CARTESIAN_POINT('',(1.8616E0,1.85E0,-1.8616E0));
#199=DIRECTION('',(0.E0,1.E0,0.E0));
#200=DIRECTION('',(0.E0,0.E0,-1.E0));
#201=AXIS2_PLACEMENT_3D('',#198,#199,#200);
#203=CARTESIAN_POINT('',(1.8616E0,1.85E0,-1.8616E0));
#204=DIRECTION('',(0.E0,1.E0,0.E0));
#205=DIRECTION('',(9.040877954537E-1,0.E0,4.273467656501E-1));
#206=AXIS2_PLACEMENT_3D('',#203,#204,#205);
#208=CARTESIAN_POINT('',(2.336245583749E0,1.849999999891E0,-1.637243279761E0));
#209=CARTESIAN_POINT('',(2.324086201491E0,1.849999999891E0,-1.611518985182E0));
#210=CARTESIAN_POINT('',(2.306673621092E0,1.850000000790E0,-1.558901210847E0));
#211=CARTESIAN_POINT('',(2.299525556415E0,1.849999997398E0,-1.475329005623E0));
#212=CARTESIAN_POINT('',(2.312458901546E0,1.850000009620E0,-1.392469072752E0));
#213=CARTESIAN_POINT('',(2.333482674532E0,1.849999979289E0,-1.341184244977E0));
#214=CARTESIAN_POINT('',(2.347397901230E0,1.849999979289E0,-1.316376101035E0));
#216=CARTESIAN_POINT('',(2.356615564648E0,2.799999984520E0,-1.333797914319E0));
#217=CARTESIAN_POINT('',(2.342899460507E0,2.799999984520E0,-1.358027251642E0));
#218=CARTESIAN_POINT('',(2.321974254113E0,2.800000007185E0,-1.408136787326E0));
#219=CARTESIAN_POINT('',(2.308404184557E0,2.799999998073E0,-1.489129525532E0));
#220=CARTESIAN_POINT('',(2.314077873331E0,2.800000000524E0,-1.571067866795E0));
#221=CARTESIAN_POINT('',(2.330059640898E0,2.800000000063E0,-1.622966635417E0));
#222=CARTESIAN_POINT('',(2.341369107220E0,2.800000000063E0,-1.648418631769E0));
#224=CARTESIAN_POINT('',(2.330865581032E0,2.300000072443E0,-1.368667135846E0));
#225=CARTESIAN_POINT('',(2.331240311728E0,2.307471247365E0,-1.368028962108E0));
#226=CARTESIAN_POINT('',(2.331985225419E0,2.321802057159E0,-1.366772486992E0));
#227=CARTESIAN_POINT('',(2.333061140375E0,2.341407463275E0,-1.364929701705E0));
#228=CARTESIAN_POINT('',(2.334105735714E0,2.359291065651E0,-1.363144021377E0));
#229=CARTESIAN_POINT('',(2.335111652450E0,2.375552982160E0,-1.361419709462E0));
#230=CARTESIAN_POINT('',(2.336076631746E0,2.390324651822E0,-1.359763289034E0));
#231=CARTESIAN_POINT('',(2.336997721621E0,2.403729393899E0,-1.358179553070E0));
#232=CARTESIAN_POINT('',(2.337873386371E0,2.415892705686E0,-1.356671661305E0));
#233=CARTESIAN_POINT('',(2.338703484858E0,2.426939229564E0,-1.355240151782E0));
#234=CARTESIAN_POINT('',(2.339488844751E0,2.436993711340E0,-1.353883944336E0));
#235=CARTESIAN_POINT('',(2.340252644282E0,2.446171442271E0,-1.352563243444E0));
#236=CARTESIAN_POINT('',(2.341010523704E0,2.454591272658E0,-1.351251085437E0));
#237=CARTESIAN_POINT('',(2.341773788709E0,2.462374166797E0,-1.349927891970E0));
#238=CARTESIAN_POINT('',(2.342552548423E0,2.469641841027E0,-1.348576061265E0));
#239=CARTESIAN_POINT('',(2.343357644375E0,2.476515787446E0,-1.347176625019E0));
#240=CARTESIAN_POINT('',(2.344202732589E0,2.483116746225E0,-1.345705600475E0));
#241=CARTESIAN_POINT('',(2.345103210980E0,2.489563636589E0,-1.344135824202E0));
#242=CARTESIAN_POINT('',(2.346085720974E0,2.495975032216E0,-1.342420283598E0));
#243=CARTESIAN_POINT('',(2.347157455237E0,2.502459248953E0,-1.340545616618E0));
#244=CARTESIAN_POINT('',(2.348403585398E0,2.508619170965E0,-1.338361855451E0));
#245=CARTESIAN_POINT('',(2.349899357442E0,2.514012474119E0,-1.335733633275E0));
#246=CARTESIAN_POINT('',(2.351619417114E0,2.518446762175E0,-1.332705587094E0));
#247=CARTESIAN_POINT('',(2.353092674739E0,2.520004238046E0,-1.330097029017E0));
#248=CARTESIAN_POINT('',(2.353918483975E0,2.519996363813E0,-1.328633945647E0));
#250=CARTESIAN_POINT('',(2.351788260388E0,2.300000035930E0,-1.324592878247E0));
#251=CARTESIAN_POINT('',(2.349122922813E0,2.300000035930E0,-1.329324148410E0));
#252=CARTESIAN_POINT('',(2.344021767974E0,2.299999992892E0,-1.338881667959E0));
#253=CARTESIAN_POINT('',(2.337028121492E0,2.299999970984E0,-1.353600624841E0));
#254=CARTESIAN_POINT('',(2.332847478842E0,2.300000072443E0,-1.363611017510E0));
#255=CARTESIAN_POINT('',(2.330865581032E0,2.300000072443E0,-1.368667135846E0));
#257=CARTESIAN_POINT('',(0.E0,2.8E0,0.E0));
#258=DIRECTION('',(0.E0,1.E0,0.E0));
#259=DIRECTION('',(7.583240076487E-1,0.E0,6.518778255346E-1));
#260=AXIS2_PLACEMENT_3D('',#257,#258,#259);
#262=CARTESIAN_POINT('',(3.526206635566E0,2.8E0,3.031231888736E0));
#263=DIRECTION('',(0.E0,1.E0,0.E0));
#264=DIRECTION('',(-7.071067811865E-1,0.E0,7.071067811866E-1));
#265=AXIS2_PLACEMENT_3D('',#262,#263,#264);
#267=DIRECTION('',(7.071067811865E-1,0.E0,7.071067811865E-1));
#268=VECTOR('',#267,7.324655128802E-1);
#269=CARTESIAN_POINT('',(2.760787931008E0,2.8E0,2.760787931008E0));
#270=LINE('',#269,#268);
#271=CARTESIAN_POINT('',(3.008275304423E0,2.8E0,2.513300557593E0));
#272=DIRECTION('',(0.E0,1.E0,0.E0));
#273=DIRECTION('',(-7.674171694958E-1,0.E0,-6.411481014267E-1));
#274=AXIS2_PLACEMENT_3D('',#271,#272,#273);
#276=CARTESIAN_POINT('',(0.E0,2.8E0,0.E0));
#277=DIRECTION('',(0.E0,-1.E0,0.E0));
#278=DIRECTION('',(9.978472366395E-1,0.E0,6.558118884911E-2));
#279=AXIS2_PLACEMENT_3D('',#276,#277,#278);
#281=CARTESIAN_POINT('',(3.053412544117E0,2.8E0,2.006784378783E-1));
#282=DIRECTION('',(0.E0,-1.E0,0.E0));
#283=DIRECTION('',(0.E0,0.E0,-1.E0));
#284=AXIS2_PLACEMENT_3D('',#281,#282,#283);
#286=CARTESIAN_POINT('',(3.053412544117E0,2.8E0,2.006784378783E-1));
#287=DIRECTION('',(0.E0,-1.E0,0.E0));
#288=DIRECTION('',(-8.348054299600E-2,0.E0,-9.965094073520E-1));
#289=AXIS2_PLACEMENT_3D('',#286,#287,#288);
#291=CARTESIAN_POINT('',(2.981619277140E0,2.8E0,-6.563196524445E-1));
#292=DIRECTION('',(0.E0,1.E0,0.E0));
#293=DIRECTION('',(0.E0,0.E0,1.E0));
#294=AXIS2_PLACEMENT_3D('',#291,#292,#293);
#296=CARTESIAN_POINT('',(2.981619277140E0,2.8E0,-6.563196524445E-1));
#297=DIRECTION('',(0.E0,1.E0,0.E0));
#298=DIRECTION('',(-9.766194815396E-1,0.E0,2.149753201587E-1));
#299=AXIS2_PLACEMENT_3D('',#296,#297,#298);
#301=CARTESIAN_POINT('',(0.E0,2.8E0,0.E0));
#302=DIRECTION('',(0.E0,-1.E0,0.E0));
#303=DIRECTION('',(8.871570850902E-1,0.E0,-4.614675572283E-1));
#304=AXIS2_PLACEMENT_3D('',#301,#302,#303);
#306=CARTESIAN_POINT('',(2.5908E0,2.8E0,-7.752E-1));
#307=DIRECTION('',(0.E0,1.E0,0.E0));
#308=DIRECTION('',(-3.691365236278E-1,0.E0,-9.293751809275E-1));
#309=AXIS2_PLACEMENT_3D('',#306,#307,#308);
#311=CARTESIAN_POINT('',(0.E0,2.8E0,0.E0));
#312=DIRECTION('',(0.E0,-1.E0,0.E0));
#313=DIRECTION('',(8.702767052381E-1,0.E0,-4.925631495757E-1));
#314=AXIS2_PLACEMENT_3D('',#311,#312,#313);
#316=CARTESIAN_POINT('',(1.8616E0,2.8E0,-1.8616E0));
#317=DIRECTION('',(0.E0,-1.E0,0.E0));
#318=DIRECTION('',(9.309167823154E-1,0.E0,-3.652313573662E-1));
#319=AXIS2_PLACEMENT_3D('',#316,#317,#318);
#321=CARTESIAN_POINT('',(2.676152184526E0,2.8E0,-2.181177437695E0));
#322=DIRECTION('',(0.E0,1.E0,0.E0));
#323=DIRECTION('',(-7.071067811865E-1,0.E0,-7.071067811865E-1));
#324=AXIS2_PLACEMENT_3D('',#321,#322,#323);
#326=DIRECTION('',(-7.071067811865E-1,0.E0,7.071067811865E-1));
#327=VECTOR('',#326,1.202158533417E0);
#328=CARTESIAN_POINT('',(3.278719262151E0,2.8E0,-3.278719262151E0));
#329=LINE('',#328,#327);
#330=CARTESIAN_POINT('',(3.526206635566E0,2.8E0,-3.031231888736E0));
#331=DIRECTION('',(0.E0,1.E0,0.E0));
#332=DIRECTION('',(0.E0,0.E0,-1.E0));
#333=AXIS2_PLACEMENT_3D('',#330,#331,#332);
#335=CARTESIAN_POINT('',(3.526206635566E0,2.8E0,-3.031231888736E0));
#336=DIRECTION('',(0.E0,1.E0,0.E0));
#337=DIRECTION('',(7.583240076487E-1,0.E0,-6.518778255346E-1));
#338=AXIS2_PLACEMENT_3D('',#335,#336,#337);
#340=DIRECTION('',(7.071067811865E-1,0.E0,-7.071067811865E-1));
#341=VECTOR('',#340,4.955533995781E-1);
#342=CARTESIAN_POINT('',(2.928310092869E0,1.8E0,-2.928310092869E0));
#343=LINE('',#342,#341);
#344=CARTESIAN_POINT('',(2.433335346039E0,1.8E0,-3.423284839700E0));
#345=DIRECTION('',(0.E0,1.E0,0.E0));
#346=DIRECTION('',(0.E0,0.E0,1.E0));
#347=AXIS2_PLACEMENT_3D('',#344,#345,#346);
#349=CARTESIAN_POINT('',(2.433335346039E0,1.8E0,-3.423284839700E0));
#350=DIRECTION('',(0.E0,1.E0,0.E0));
#351=DIRECTION('',(-5.793655585806E-1,0.E0,8.150678189762E-1));
#352=AXIS2_PLACEMENT_3D('',#349,#350,#351);
#354=CARTESIAN_POINT('',(0.E0,1.8E0,0.E0));
#355=DIRECTION('',(0.E0,1.E0,0.E0));
#356=DIRECTION('',(5.793655585806E-1,0.E0,8.150678189762E-1));
#357=AXIS2_PLACEMENT_3D('',#354,#355,#356);
#359=CARTESIAN_POINT('',(2.433335346039E0,1.8E0,3.423284839700E0));
#360=DIRECTION('',(0.E0,1.E0,0.E0));
#361=DIRECTION('',(0.E0,0.E0,-1.E0));
#362=AXIS2_PLACEMENT_3D('',#359,#360,#361);
#364=CARTESIAN_POINT('',(2.433335346039E0,1.8E0,3.423284839700E0));
#365=DIRECTION('',(0.E0,1.E0,0.E0));
#366=DIRECTION('',(7.071067811866E-1,0.E0,-7.071067811865E-1));
#367=AXIS2_PLACEMENT_3D('',#364,#365,#366);
#369=DIRECTION('',(-7.071067811865E-1,0.E0,-7.071067811865E-1));
#370=VECTOR('',#369,4.955533995781E-1);
#371=CARTESIAN_POINT('',(3.278719262151E0,1.8E0,3.278719262151E0));
#372=LINE('',#371,#370);
#373=CARTESIAN_POINT('',(3.526206635566E0,1.8E0,3.031231888736E0));
#374=DIRECTION('',(0.E0,-1.E0,0.E0));
#375=DIRECTION('',(7.583240076486E-1,0.E0,6.518778255346E-1));
#376=AXIS2_PLACEMENT_3D('',#373,#374,#375);
#378=CARTESIAN_POINT('',(0.E0,1.8E0,0.E0));
#379=DIRECTION('',(0.E0,-1.E0,0.E0));
#380=DIRECTION('',(7.583240076487E-1,0.E0,-6.518778255346E-1));
#381=AXIS2_PLACEMENT_3D('',#378,#379,#380);
#383=CARTESIAN_POINT('',(3.526206635566E0,1.8E0,-3.031231888736E0));
#384=DIRECTION('',(0.E0,-1.E0,0.E0));
#385=DIRECTION('',(0.E0,0.E0,-1.E0));
#386=AXIS2_PLACEMENT_3D('',#383,#384,#385);
#388=CARTESIAN_POINT('',(3.526206635566E0,1.8E0,-3.031231888736E0));
#389=DIRECTION('',(0.E0,-1.E0,0.E0));
#390=DIRECTION('',(-7.071067811866E-1,0.E0,-7.071067811865E-1));
#391=AXIS2_PLACEMENT_3D('',#388,#389,#390);
#393=DIRECTION('',(0.E0,1.E0,0.E0));
#394=VECTOR('',#393,5.E-1);
#395=CARTESIAN_POINT('',(2.350331310716E0,2.3E0,-2.053346462617E0));
#396=LINE('',#395,#394);
#397=DIRECTION('',(0.E0,-1.E0,0.E0));
#398=VECTOR('',#397,5.E-1);
#399=CARTESIAN_POINT('',(2.428664811111E0,2.8E0,-2.428664811111E0));
#400=LINE('',#399,#398);
#401=DIRECTION('',(0.E0,-1.E0,0.E0));
#402=VECTOR('',#401,5.E-1);
#403=CARTESIAN_POINT('',(2.928310092869E0,2.3E0,-2.928310092869E0));
#404=LINE('',#403,#402);
#405=DIRECTION('',(0.E0,-1.E0,0.E0));
#406=VECTOR('',#405,5.E-1);
#407=CARTESIAN_POINT('',(2.433335346039E0,2.3E0,-2.723284839700E0));
#408=LINE('',#407,#406);
#409=DIRECTION('',(0.E0,1.E0,0.E0));
#410=VECTOR('',#409,5.E-1);
#411=CARTESIAN_POINT('',(2.027779455032E0,1.8E0,-2.852737366417E0));
#412=LINE('',#411,#410);
#413=DIRECTION('',(0.E0,-1.E0,0.E0));
#414=VECTOR('',#413,3.200000000006E0);
#415=CARTESIAN_POINT('',(-3.5E0,1.5E0,0.E0));
#416=LINE('',#415,#414);
#417=CARTESIAN_POINT('',(0.E0,-1.700000000006E0,0.E0));
#418=DIRECTION('',(0.E0,1.E0,0.E0));
#419=DIRECTION('',(1.E0,0.E0,0.E0));
#420=AXIS2_PLACEMENT_3D('',#417,#418,#419);
#422=DIRECTION('',(0.E0,1.E0,0.E0));
#423=VECTOR('',#422,3.200000000006E0);
#424=CARTESIAN_POINT('',(3.5E0,-1.700000000006E0,0.E0));
#425=LINE('',#424,#423);
#426=CARTESIAN_POINT('',(0.E0,1.5E0,0.E0));
#427=DIRECTION('',(0.E0,1.E0,0.E0));
#428=DIRECTION('',(0.E0,0.E0,1.E0));
#429=AXIS2_PLACEMENT_3D('',#426,#427,#428);
#431=DIRECTION('',(0.E0,-1.E0,0.E0));
#432=VECTOR('',#431,8.E-1);
#433=CARTESIAN_POINT('',(0.E0,2.3E0,3.5E0));
#434=LINE('',#433,#432);
#435=CARTESIAN_POINT('',(0.E0,-1.700000000006E0,0.E0));
#436=DIRECTION('',(0.E0,-1.E0,0.E0));
#437=DIRECTION('',(1.E0,0.E0,0.E0));
#438=AXIS2_PLACEMENT_3D('',#435,#436,#437);
#440=CARTESIAN_POINT('',(0.E0,1.5E0,0.E0));
#441=DIRECTION('',(0.E0,1.E0,0.E0));
#442=DIRECTION('',(0.E0,0.E0,-1.E0));
#443=AXIS2_PLACEMENT_3D('',#440,#441,#442);
#445=DIRECTION('',(0.E0,-1.E0,0.E0));
#446=VECTOR('',#445,8.E-1);
#447=CARTESIAN_POINT('',(0.E0,2.3E0,-3.5E0));
#448=LINE('',#447,#446);
#449=CARTESIAN_POINT('',(0.E0,-1.700000000006E0,0.E0));
#450=DIRECTION('',(0.E0,1.E0,0.E0));
#451=DIRECTION('',(1.E0,0.E0,0.E0));
#452=AXIS2_PLACEMENT_3D('',#449,#450,#451);
#454=CARTESIAN_POINT('',(0.E0,-1.700000000006E0,0.E0));
#455=DIRECTION('',(0.E0,-1.E0,0.E0));
#456=DIRECTION('',(1.E0,0.E0,0.E0));
#457=AXIS2_PLACEMENT_3D('',#454,#455,#456);
#459=DIRECTION('',(-9.856600361506E-1,-1.687432758232E-1,0.E0));
#460=VECTOR('',#459,3.827293246800E-1);
#461=CARTESIAN_POINT('',(2.177241E0,-1.635417000006E0,0.E0));
#462=LINE('',#461,#460);
#463=DIRECTION('',(9.856600361506E-1,-1.687432758232E-1,0.E0));
#464=VECTOR('',#463,3.827293246800E-1);
#465=CARTESIAN_POINT('',(-2.177241E0,-1.635417000006E0,0.E0));
#466=LINE('',#465,#464);
#467=CARTESIAN_POINT('',(0.E0,-1.635417000006E0,0.E0));
#468=DIRECTION('',(0.E0,1.E0,0.E0));
#469=DIRECTION('',(1.E0,0.E0,0.E0));
#470=AXIS2_PLACEMENT_3D('',#467,#468,#469);
#472=CARTESIAN_POINT('',(0.E0,-1.635417000006E0,0.E0));
#473=DIRECTION('',(0.E0,-1.E0,0.E0));
#474=DIRECTION('',(1.E0,0.E0,0.E0));
#475=AXIS2_PLACEMENT_3D('',#472,#473,#474);
#477=CARTESIAN_POINT('',(0.E0,-1.570833000006E0,0.E0));
#478=DIRECTION('',(0.E0,-1.E0,0.E0));
#479=DIRECTION('',(1.E0,0.E0,0.E0));
#480=AXIS2_PLACEMENT_3D('',#477,#478,#479);
#482=DIRECTION('',(-6.265314707314E-1,-7.793961227663E-1,0.E0));
#483=VECTOR('',#482,8.286415355864E-2);
#484=CARTESIAN_POINT('',(2.229158E0,-1.570833000006E0,0.E0));
#485=LINE('',#484,#483);
#486=DIRECTION('',(6.265314707314E-1,-7.793961227663E-1,0.E0));
#487=VECTOR('',#486,8.286415355864E-2);
#488=CARTESIAN_POINT('',(-2.229158E0,-1.570833000006E0,0.E0));
#489=LINE('',#488,#487);
#490=CARTESIAN_POINT('',(0.E0,-1.570833000006E0,0.E0));
#491=DIRECTION('',(0.E0,1.E0,0.E0));
#492=DIRECTION('',(1.E0,0.E0,0.E0));
#493=AXIS2_PLACEMENT_3D('',#490,#491,#492);
#495=DIRECTION('',(-4.414412482002E-1,-8.972901561855E-1,0.E0));
#496=VECTOR('',#495,7.197560293604E-2);
#497=CARTESIAN_POINT('',(2.260931E0,-1.506250000006E0,0.E0));
#498=LINE('',#497,#496);
#499=DIRECTION('',(4.414412482002E-1,-8.972901561855E-1,0.E0));
#500=VECTOR('',#499,7.197560293604E-2);
#501=CARTESIAN_POINT('',(-2.260931E0,-1.506250000006E0,0.E0));
#502=LINE('',#501,#500);
#503=CARTESIAN_POINT('',(0.E0,-1.506250000006E0,0.E0));
#504=DIRECTION('',(0.E0,1.E0,0.E0));
#505=DIRECTION('',(1.E0,0.E0,0.E0));
#506=AXIS2_PLACEMENT_3D('',#503,#504,#505);
#508=CARTESIAN_POINT('',(0.E0,-1.506250000006E0,0.E0));
#509=DIRECTION('',(0.E0,-1.E0,0.E0));
#510=DIRECTION('',(1.E0,0.E0,0.E0));
#511=AXIS2_PLACEMENT_3D('',#508,#509,#510);
#513=CARTESIAN_POINT('',(0.E0,-1.441667000006E0,0.E0));
#514=DIRECTION('',(0.E0,-1.E0,0.E0));
#515=DIRECTION('',(1.E0,0.E0,0.E0));
#516=AXIS2_PLACEMENT_3D('',#513,#514,#515);
#518=DIRECTION('',(-3.306882234362E-1,-9.437400589572E-1,0.E0));
#519=VECTOR('',#518,6.843303872402E-2);
#520=CARTESIAN_POINT('',(2.283561E0,-1.441667000006E0,0.E0));
#521=LINE('',#520,#519);
#522=DIRECTION('',(3.306882234362E-1,-9.437400589572E-1,0.E0));
#523=VECTOR('',#522,6.843303872402E-2);
#524=CARTESIAN_POINT('',(-2.283561E0,-1.441667000006E0,0.E0));
#525=LINE('',#524,#523);
#526=CARTESIAN_POINT('',(0.E0,-1.441667000006E0,0.E0));
#527=DIRECTION('',(0.E0,1.E0,0.E0));
#528=DIRECTION('',(1.E0,0.E0,0.E0));
#529=AXIS2_PLACEMENT_3D('',#526,#527,#528);
#531=DIRECTION('',(-2.579503498215E-1,-9.661581739172E-1,0.E0));
#532=VECTOR('',#531,6.684619738622E-2);
#533=CARTESIAN_POINT('',(2.300804E0,-1.377083000006E0,0.E0));
#534=LINE('',#533,#532);
#535=DIRECTION('',(2.579503498215E-1,-9.661581739172E-1,0.E0));
#536=VECTOR('',#535,6.684619738622E-2);
#537=CARTESIAN_POINT('',(-2.300804E0,-1.377083000006E0,0.E0));
#538=LINE('',#537,#536);
#539=CARTESIAN_POINT('',(0.E0,-1.377083000006E0,0.E0));
#540=DIRECTION('',(0.E0,1.E0,0.E0));
#541=DIRECTION('',(1.E0,0.E0,0.E0));
#542=AXIS2_PLACEMENT_3D('',#539,#540,#541);
#544=CARTESIAN_POINT('',(0.E0,-1.377083000006E0,0.E0));
#545=DIRECTION('',(0.E0,-1.E0,0.E0));
#546=DIRECTION('',(1.E0,0.E0,0.E0));
#547=AXIS2_PLACEMENT_3D('',#544,#545,#546);
#549=CARTESIAN_POINT('',(0.E0,-1.312500000006E0,0.E0));
#550=DIRECTION('',(0.E0,-1.E0,0.E0));
#551=DIRECTION('',(1.E0,0.E0,0.E0));
#552=AXIS2_PLACEMENT_3D('',#549,#550,#551);
#554=DIRECTION('',(-2.064250708770E-1,-9.784624111909E-1,0.E0));
#555=VECTOR('',#554,6.600457949273E-2);
#556=CARTESIAN_POINT('',(2.314429E0,-1.312500000006E0,0.E0));
#557=LINE('',#556,#555);
#558=DIRECTION('',(2.064250708770E-1,-9.784624111909E-1,0.E0));
#559=VECTOR('',#558,6.600457949273E-2);
#560=CARTESIAN_POINT('',(-2.314429E0,-1.312500000006E0,0.E0));
#561=LINE('',#560,#559);
#562=CARTESIAN_POINT('',(0.E0,-1.312500000006E0,0.E0));
#563=DIRECTION('',(0.E0,1.E0,0.E0));
#564=DIRECTION('',(1.E0,0.E0,0.E0));
#565=AXIS2_PLACEMENT_3D('',#562,#563,#564);
#567=DIRECTION('',(-1.677867228049E-1,-9.858233186785E-1,0.E0));
#568=VECTOR('',#567,6.551173904727E-2);
#569=CARTESIAN_POINT('',(2.325421E0,-1.247917000006E0,0.E0));
#570=LINE('',#569,#568);
#571=DIRECTION('',(1.677867228049E-1,-9.858233186785E-1,0.E0));
#572=VECTOR('',#571,6.551173904727E-2);
#573=CARTESIAN_POINT('',(-2.325421E0,-1.247917000006E0,0.E0));
#574=LINE('',#573,#572);
#575=CARTESIAN_POINT('',(0.E0,-1.247917000006E0,0.E0));
#576=DIRECTION('',(0.E0,1.E0,0.E0));
#577=DIRECTION('',(1.E0,0.E0,0.E0));
#578=AXIS2_PLACEMENT_3D('',#575,#576,#577);
#580=CARTESIAN_POINT('',(0.E0,-1.247917000006E0,0.E0));
#581=DIRECTION('',(0.E0,-1.E0,0.E0));
#582=DIRECTION('',(1.E0,0.E0,0.E0));
#583=AXIS2_PLACEMENT_3D('',#580,#581,#582);
#585=CARTESIAN_POINT('',(0.E0,-1.183333000006E0,0.E0));
#586=DIRECTION('',(0.E0,-1.E0,0.E0));
#587=DIRECTION('',(1.E0,0.E0,0.E0));
#588=AXIS2_PLACEMENT_3D('',#585,#586,#587);
#590=DIRECTION('',(-1.374780920476E-1,-9.905048077657E-1,0.E0));
#591=VECTOR('',#590,6.520311612183E-2);
#592=CARTESIAN_POINT('',(2.334385E0,-1.183333000006E0,0.E0));
#593=LINE('',#592,#591);
#594=DIRECTION('',(1.374780920476E-1,-9.905048077657E-1,0.E0));
#595=VECTOR('',#594,6.520311612183E-2);
#596=CARTESIAN_POINT('',(-2.334385E0,-1.183333000006E0,0.E0));
#597=LINE('',#596,#595);
#598=CARTESIAN_POINT('',(0.E0,-1.183333000006E0,0.E0));
#599=DIRECTION('',(0.E0,1.E0,0.E0));
#600=DIRECTION('',(1.E0,0.E0,0.E0));
#601=AXIS2_PLACEMENT_3D('',#598,#599,#600);
#603=DIRECTION('',(-1.128796554924E-1,-9.936086671200E-1,0.E0));
#604=VECTOR('',#603,6.499842658094E-2);
#605=CARTESIAN_POINT('',(2.341722E0,-1.118750000006E0,0.E0));
#606=LINE('',#605,#604);
#607=DIRECTION('',(1.128796554924E-1,-9.936086671200E-1,0.E0));
#608=VECTOR('',#607,6.499842658094E-2);
#609=CARTESIAN_POINT('',(-2.341722E0,-1.118750000006E0,0.E0));
#610=LINE('',#609,#608);
#611=CARTESIAN_POINT('',(0.E0,-1.118750000006E0,0.E0));
#612=DIRECTION('',(0.E0,1.E0,0.E0));
#613=DIRECTION('',(1.E0,0.E0,0.E0));
#614=AXIS2_PLACEMENT_3D('',#611,#612,#613);
#616=CARTESIAN_POINT('',(0.E0,-1.118750000006E0,0.E0));
#617=DIRECTION('',(0.E0,-1.E0,0.E0));
#618=DIRECTION('',(1.E0,0.E0,0.E0));
#619=AXIS2_PLACEMENT_3D('',#616,#617,#618);
#621=CARTESIAN_POINT('',(0.E0,-1.054167000006E0,0.E0));
#622=DIRECTION('',(0.E0,-1.E0,0.E0));
#623=DIRECTION('',(1.E0,0.E0,0.E0));
#624=AXIS2_PLACEMENT_3D('',#621,#622,#623);
#626=DIRECTION('',(-9.230663294944E-2,-9.957306289924E-1,0.E0));
#627=VECTOR('',#626,6.485991102378E-2);
#628=CARTESIAN_POINT('',(2.347709E0,-1.054167000006E0,0.E0));
#629=LINE('',#628,#627);
#630=DIRECTION('',(9.230663294945E-2,-9.957306289924E-1,0.E0));
#631=VECTOR('',#630,6.485991102378E-2);
#632=CARTESIAN_POINT('',(-2.347709E0,-1.054167000006E0,0.E0));
#633=LINE('',#632,#631);
#634=CARTESIAN_POINT('',(0.E0,-1.054167000006E0,0.E0));
#635=DIRECTION('',(0.E0,1.E0,0.E0));
#636=DIRECTION('',(1.E0,0.E0,0.E0));
#637=AXIS2_PLACEMENT_3D('',#634,#635,#636);
#639=DIRECTION('',(-7.471624852550E-2,-9.972048346284E-1,0.E0));
#640=VECTOR('',#639,6.476502896624E-2);
#641=CARTESIAN_POINT('',(2.352548E0,-9.895830000063E-1,0.E0));
#642=LINE('',#641,#640);
#643=DIRECTION('',(7.471624852549E-2,-9.972048346284E-1,0.E0));
#644=VECTOR('',#643,6.476502896624E-2);
#645=CARTESIAN_POINT('',(-2.352548E0,-9.895830000063E-1,0.E0));
#646=LINE('',#645,#644);
#647=CARTESIAN_POINT('',(0.E0,-9.895830000063E-1,0.E0));
#648=DIRECTION('',(0.E0,1.E0,0.E0));
#649=DIRECTION('',(1.E0,0.E0,0.E0));
#650=AXIS2_PLACEMENT_3D('',#647,#648,#649);
#652=CARTESIAN_POINT('',(0.E0,-9.895830000063E-1,0.E0));
#653=DIRECTION('',(0.E0,-1.E0,0.E0));
#654=DIRECTION('',(1.E0,0.E0,0.E0));
#655=AXIS2_PLACEMENT_3D('',#652,#653,#654);
#657=CARTESIAN_POINT('',(0.E0,-9.25E-1,0.E0));
#658=DIRECTION('',(0.E0,-1.E0,0.E0));
#659=DIRECTION('',(1.E0,0.E0,0.E0));
#660=AXIS2_PLACEMENT_3D('',#657,#658,#659);
#662=DIRECTION('',(-5.933814550156E-2,-9.982379398162E-1,0.E0));
#663=VECTOR('',#662,6.469700001405E-2);
#664=CARTESIAN_POINT('',(2.356387E0,-9.25E-1,0.E0));
#665=LINE('',#664,#663);
#666=DIRECTION('',(5.933814550155E-2,-9.982379398162E-1,0.E0));
#667=VECTOR('',#666,6.469700001405E-2);
#668=CARTESIAN_POINT('',(-2.356387E0,-9.25E-1,0.E0));
#669=LINE('',#668,#667);
#670=CARTESIAN_POINT('',(0.E0,-9.25E-1,0.E0));
#671=DIRECTION('',(0.E0,1.E0,0.E0));
#672=DIRECTION('',(1.E0,0.E0,0.E0));
#673=AXIS2_PLACEMENT_3D('',#670,#671,#672);
#675=DIRECTION('',(-4.567638422314E-2,-9.989562892961E-1,0.E0));
#676=VECTOR('',#675,6.465047639419E-2);
#677=CARTESIAN_POINT('',(2.35934E0,-8.60417E-1,0.E0));
#678=LINE('',#677,#676);
#679=DIRECTION('',(4.567638422314E-2,-9.989562892961E-1,0.E0));
#680=VECTOR('',#679,6.465047639419E-2);
#681=CARTESIAN_POINT('',(-2.35934E0,-8.60417E-1,0.E0));
#682=LINE('',#681,#680);
#683=CARTESIAN_POINT('',(0.E0,-8.60417E-1,0.E0));
#684=DIRECTION('',(0.E0,1.E0,0.E0));
#685=DIRECTION('',(1.E0,0.E0,0.E0));
#686=AXIS2_PLACEMENT_3D('',#683,#684,#685);
#688=CARTESIAN_POINT('',(0.E0,-8.60417E-1,0.E0));
#689=DIRECTION('',(0.E0,-1.E0,0.E0));
#690=DIRECTION('',(1.E0,0.E0,0.E0));
#691=AXIS2_PLACEMENT_3D('',#688,#689,#690);
#693=CARTESIAN_POINT('',(0.E0,-7.95833E-1,0.E0));
#694=DIRECTION('',(0.E0,-1.E0,0.E0));
#695=DIRECTION('',(1.E0,0.E0,0.E0));
#696=AXIS2_PLACEMENT_3D('',#693,#694,#695);
#698=DIRECTION('',(-3.330246387268E-2,-9.994453191146E-1,0.E0));
#699=VECTOR('',#698,6.461984339203E-2);
#700=CARTESIAN_POINT('',(2.361492E0,-7.95833E-1,0.E0));
#701=LINE('',#700,#699);
#702=DIRECTION('',(3.330246387268E-2,-9.994453191146E-1,0.E0));
#703=VECTOR('',#702,6.461984339203E-2);
#704=CARTESIAN_POINT('',(-2.361492E0,-7.95833E-1,0.E0));
#705=LINE('',#704,#703);
#706=CARTESIAN_POINT('',(0.E0,-7.95833E-1,0.E0));
#707=DIRECTION('',(0.E0,1.E0,0.E0));
#708=DIRECTION('',(1.E0,0.E0,0.E0));
#709=AXIS2_PLACEMENT_3D('',#706,#707,#708);
#711=DIRECTION('',(-2.198189746270E-2,-9.997583688992E-1,0.E0));
#712=VECTOR('',#711,6.459860903293E-2);
#713=CARTESIAN_POINT('',(2.362912E0,-7.3125E-1,0.E0));
#714=LINE('',#713,#712);
#715=DIRECTION('',(2.198189746272E-2,-9.997583688992E-1,0.E0));
#716=VECTOR('',#715,6.459860903293E-2);
#717=CARTESIAN_POINT('',(-2.362912E0,-7.3125E-1,0.E0));
#718=LINE('',#717,#716);
#719=CARTESIAN_POINT('',(0.E0,-7.3125E-1,0.E0));
#720=DIRECTION('',(0.E0,1.E0,0.E0));
#721=DIRECTION('',(1.E0,0.E0,0.E0));
#722=AXIS2_PLACEMENT_3D('',#719,#720,#721);
#724=CARTESIAN_POINT('',(0.E0,-7.3125E-1,0.E0));
#725=DIRECTION('',(0.E0,-1.E0,0.E0));
#726=DIRECTION('',(1.E0,0.E0,0.E0));
#727=AXIS2_PLACEMENT_3D('',#724,#725,#726);
#729=CARTESIAN_POINT('',(0.E0,-6.66667E-1,0.E0));
#730=DIRECTION('',(0.E0,-1.E0,0.E0));
#731=DIRECTION('',(1.E0,0.E0,0.E0));
#732=AXIS2_PLACEMENT_3D('',#729,#730,#731);
#734=DIRECTION('',(-1.144189066233E-2,-9.999345394265E-1,0.E0));
#735=VECTOR('',#734,6.458722791704E-2);
#736=CARTESIAN_POINT('',(2.363651E0,-6.66667E-1,0.E0));
#737=LINE('',#736,#735);
#738=DIRECTION('',(1.144189066233E-2,-9.999345394265E-1,0.E0));
#739=VECTOR('',#738,6.458722791704E-2);
#740=CARTESIAN_POINT('',(-2.363651E0,-6.66667E-1,0.E0));
#741=LINE('',#740,#739);
#742=CARTESIAN_POINT('',(0.E0,-6.66667E-1,0.E0));
#743=DIRECTION('',(0.E0,1.E0,0.E0));
#744=DIRECTION('',(1.E0,0.E0,0.E0));
#745=AXIS2_PLACEMENT_3D('',#742,#743,#744);
#747=DIRECTION('',(-1.548369257137E-3,-9.999988012756E-1,0.E0));
#748=VECTOR('',#747,6.458407741851E-2);
#749=CARTESIAN_POINT('',(2.363751E0,-6.02083E-1,0.E0));
#750=LINE('',#749,#748);
#751=DIRECTION('',(1.548369257130E-3,-9.999988012756E-1,0.E0));
#752=VECTOR('',#751,6.458407741851E-2);
#753=CARTESIAN_POINT('',(-2.363751E0,-6.02083E-1,0.E0));
#754=LINE('',#753,#752);
#755=CARTESIAN_POINT('',(0.E0,-6.02083E-1,0.E0));
#756=DIRECTION('',(0.E0,1.E0,0.E0));
#757=DIRECTION('',(1.E0,0.E0,0.E0));
#758=AXIS2_PLACEMENT_3D('',#755,#756,#757);
#760=CARTESIAN_POINT('',(0.E0,-6.02083E-1,0.E0));
#761=DIRECTION('',(0.E0,-1.E0,0.E0));
#762=DIRECTION('',(1.E0,0.E0,0.E0));
#763=AXIS2_PLACEMENT_3D('',#760,#761,#762);
#765=CARTESIAN_POINT('',(0.E0,-5.374999999991E-1,0.E0));
#766=DIRECTION('',(0.E0,-1.E0,0.E0));
#767=DIRECTION('',(1.E0,0.E0,0.E0));
#768=AXIS2_PLACEMENT_3D('',#765,#766,#767);
#770=DIRECTION('',(7.896568740733E-3,-9.999688216150E-1,0.E0));
#771=VECTOR('',#770,6.458501365741E-2);
#772=CARTESIAN_POINT('',(2.363241E0,-5.374999999990E-1,0.E0));
#773=LINE('',#772,#771);
#774=DIRECTION('',(-7.896568740740E-3,-9.999688216150E-1,0.E0));
#775=VECTOR('',#774,6.458501365741E-2);
#776=CARTESIAN_POINT('',(-2.363241E0,-5.374999999990E-1,0.E0));
#777=LINE('',#776,#775);
#778=CARTESIAN_POINT('',(0.E0,-5.374999999991E-1,0.E0));
#779=DIRECTION('',(0.E0,1.E0,0.E0));
#780=DIRECTION('',(1.E0,0.E0,0.E0));
#781=AXIS2_PLACEMENT_3D('',#778,#779,#780);
#783=DIRECTION('',(1.695248973247E-2,-9.998562962205E-1,0.E0));
#784=VECTOR('',#783,6.459228215508E-2);
#785=CARTESIAN_POINT('',(2.362146E0,-4.729169999990E-1,0.E0));
#786=LINE('',#785,#784);
#787=DIRECTION('',(-1.695248973246E-2,-9.998562962205E-1,0.E0));
#788=VECTOR('',#787,6.459228215508E-2);
#789=CARTESIAN_POINT('',(-2.362146E0,-4.729169999990E-1,0.E0));
#790=LINE('',#789,#788);
#791=CARTESIAN_POINT('',(0.E0,-4.729169999990E-1,0.E0));
#792=DIRECTION('',(0.E0,1.E0,0.E0));
#793=DIRECTION('',(1.E0,0.E0,0.E0));
#794=AXIS2_PLACEMENT_3D('',#791,#792,#793);
#796=CARTESIAN_POINT('',(0.E0,-4.729169999990E-1,0.E0));
#797=DIRECTION('',(0.E0,-1.E0,0.E0));
#798=DIRECTION('',(1.E0,0.E0,0.E0));
#799=AXIS2_PLACEMENT_3D('',#796,#797,#798);
#801=CARTESIAN_POINT('',(0.E0,-4.083329999988E-1,0.E0));
#802=DIRECTION('',(0.E0,-1.E0,0.E0));
#803=DIRECTION('',(1.E0,0.E0,0.E0));
#804=AXIS2_PLACEMENT_3D('',#801,#802,#803);
#806=DIRECTION('',(2.577181612918E-2,-9.996678515854E-1,0.E0));
#807=VECTOR('',#806,6.460545860076E-2);
#808=CARTESIAN_POINT('',(2.360481E0,-4.083329999989E-1,0.E0));
#809=LINE('',#808,#807);
#810=DIRECTION('',(-2.577181612918E-2,-9.996678515854E-1,0.E0));
#811=VECTOR('',#810,6.460545860076E-2);
#812=CARTESIAN_POINT('',(-2.360481E0,-4.083329999989E-1,0.E0));
#813=LINE('',#812,#811);
#814=CARTESIAN_POINT('',(0.E0,-4.083329999988E-1,0.E0));
#815=DIRECTION('',(0.E0,1.E0,0.E0));
#816=DIRECTION('',(1.E0,0.E0,0.E0));
#817=AXIS2_PLACEMENT_3D('',#814,#815,#816);
#819=DIRECTION('',(3.441590660418E-2,-9.994075972158E-1,0.E0));
#820=VECTOR('',#819,6.462128182726E-2);
#821=CARTESIAN_POINT('',(2.358257E0,-3.437499999989E-1,0.E0));
#822=LINE('',#821,#820);
#823=DIRECTION('',(-3.441590660418E-2,-9.994075972158E-1,0.E0));
#824=VECTOR('',#823,6.462128182726E-2);
#825=CARTESIAN_POINT('',(-2.358257E0,-3.437499999989E-1,0.E0));
#826=LINE('',#825,#824);
#827=CARTESIAN_POINT('',(0.E0,-3.437499999989E-1,0.E0));
#828=DIRECTION('',(0.E0,1.E0,0.E0));
#829=DIRECTION('',(1.E0,0.E0,0.E0));
#830=AXIS2_PLACEMENT_3D('',#827,#828,#829);
#832=CARTESIAN_POINT('',(0.E0,-3.437499999989E-1,0.E0));
#833=DIRECTION('',(0.E0,-1.E0,0.E0));
#834=DIRECTION('',(1.E0,0.E0,0.E0));
#835=AXIS2_PLACEMENT_3D('',#832,#833,#834);
#837=CARTESIAN_POINT('',(0.E0,-2.791669999989E-1,0.E0));
#838=DIRECTION('',(0.E0,-1.E0,0.E0));
#839=DIRECTION('',(1.E0,0.E0,0.E0));
#840=AXIS2_PLACEMENT_3D('',#837,#838,#839);
#842=DIRECTION('',(4.299011825976E-2,-9.990754975136E-1,0.E0));
#843=VECTOR('',#842,6.464276239455E-2);
#844=CARTESIAN_POINT('',(2.355478E0,-2.791669999989E-1,0.E0));
#845=LINE('',#844,#843);
#846=DIRECTION('',(-4.299011825976E-2,-9.990754975136E-1,0.E0));
#847=VECTOR('',#846,6.464276239455E-2);
#848=CARTESIAN_POINT('',(-2.355478E0,-2.791669999989E-1,0.E0));
#849=LINE('',#848,#847);
#850=CARTESIAN_POINT('',(0.E0,-2.791669999989E-1,0.E0));
#851=DIRECTION('',(0.E0,1.E0,0.E0));
#852=DIRECTION('',(1.E0,0.E0,0.E0));
#853=AXIS2_PLACEMENT_3D('',#850,#851,#852);
#855=DIRECTION('',(5.153862333977E-2,-9.986710020343E-1,0.E0));
#856=VECTOR('',#855,6.466994622707E-2);
#857=CARTESIAN_POINT('',(2.352145E0,-2.145829999988E-1,0.E0));
#858=LINE('',#857,#856);
#859=DIRECTION('',(-5.153862333977E-2,-9.986710020343E-1,0.E0));
#860=VECTOR('',#859,6.466994622707E-2);
#861=CARTESIAN_POINT('',(-2.352145E0,-2.145829999988E-1,0.E0));
#862=LINE('',#861,#860);
#863=CARTESIAN_POINT('',(0.E0,-2.145829999988E-1,0.E0));
#864=DIRECTION('',(0.E0,1.E0,0.E0));
#865=DIRECTION('',(1.E0,0.E0,0.E0));
#866=AXIS2_PLACEMENT_3D('',#863,#864,#865);
#868=CARTESIAN_POINT('',(0.E0,-2.145829999988E-1,0.E0));
#869=DIRECTION('',(0.E0,-1.E0,0.E0));
#870=DIRECTION('',(1.E0,0.E0,0.E0));
#871=AXIS2_PLACEMENT_3D('',#868,#869,#870);
#873=CARTESIAN_POINT('',(0.E0,-1.499999999988E-1,0.E0));
#874=DIRECTION('',(0.E0,-1.E0,0.E0));
#875=DIRECTION('',(1.E0,0.E0,0.E0));
#876=AXIS2_PLACEMENT_3D('',#873,#874,#875);
#878=DIRECTION('',(6.016980460782E-2,-9.981881559172E-1,0.E0));
#879=VECTOR('',#878,6.470022672293E-2);
#880=CARTESIAN_POINT('',(2.348252E0,-1.499999999988E-1,0.E0));
#881=LINE('',#880,#879);
#882=DIRECTION('',(-6.016980460781E-2,-9.981881559172E-1,0.E0));
#883=VECTOR('',#882,6.470022672293E-2);
#884=CARTESIAN_POINT('',(-2.348252E0,-1.499999999988E-1,0.E0));
#885=LINE('',#884,#883);
#886=CARTESIAN_POINT('',(0.E0,-1.499999999988E-1,0.E0));
#887=DIRECTION('',(0.E0,1.E0,0.E0));
#888=DIRECTION('',(1.E0,0.E0,0.E0));
#889=AXIS2_PLACEMENT_3D('',#886,#887,#888);
#891=DIRECTION('',(6.895583052137E-2,-9.976197138374E-1,0.E0));
#892=VECTOR('',#891,6.473709280620E-2);
#893=CARTESIAN_POINT('',(2.343788E0,-8.541699999883E-2,0.E0));
#894=LINE('',#893,#892);
#895=DIRECTION('',(-6.895583052136E-2,-9.976197138374E-1,0.E0));
#896=VECTOR('',#895,6.473709280620E-2);
#897=CARTESIAN_POINT('',(-2.343788E0,-8.541699999883E-2,0.E0));
#898=LINE('',#897,#896);
#899=CARTESIAN_POINT('',(0.E0,-8.541699999886E-2,0.E0));
#900=DIRECTION('',(0.E0,1.E0,0.E0));
#901=DIRECTION('',(1.E0,0.E0,0.E0));
#902=AXIS2_PLACEMENT_3D('',#899,#900,#901);
#904=CARTESIAN_POINT('',(0.E0,-8.541699999886E-2,0.E0));
#905=DIRECTION('',(0.E0,-1.E0,0.E0));
#906=DIRECTION('',(1.E0,0.E0,0.E0));
#907=AXIS2_PLACEMENT_3D('',#904,#905,#906);
#909=CARTESIAN_POINT('',(0.E0,-2.083299999884E-2,0.E0));
#910=DIRECTION('',(0.E0,-1.E0,0.E0));
#911=DIRECTION('',(1.E0,0.E0,0.E0));
#912=AXIS2_PLACEMENT_3D('',#909,#910,#911);
#914=DIRECTION('',(7.793944969578E-2,-9.969580944960E-1,0.E0));
#915=VECTOR('',#914,6.478105785643E-2);
#916=CARTESIAN_POINT('',(2.338739E0,-2.083299999885E-2,0.E0));
#917=LINE('',#916,#915);
#918=DIRECTION('',(-7.793944969577E-2,-9.969580944960E-1,0.E0));
#919=VECTOR('',#918,6.478105785643E-2);
#920=CARTESIAN_POINT('',(-2.338739E0,-2.083299999885E-2,0.E0));
#921=LINE('',#920,#919);
#922=CARTESIAN_POINT('',(0.E0,-2.083299999884E-2,0.E0));
#923=DIRECTION('',(0.E0,1.E0,0.E0));
#924=DIRECTION('',(1.E0,0.E0,0.E0));
#925=AXIS2_PLACEMENT_3D('',#922,#923,#924);
#927=DIRECTION('',(8.722798969851E-2,-9.961883746627E-1,0.E0));
#928=VECTOR('',#927,6.483010808269E-2);
#929=CARTESIAN_POINT('',(2.333084E0,4.375000000125E-2,0.E0));
#930=LINE('',#929,#928);
#931=DIRECTION('',(-8.722798969850E-2,-9.961883746627E-1,0.E0));
#932=VECTOR('',#931,6.483010808269E-2);
#933=CARTESIAN_POINT('',(-2.333084E0,4.375000000125E-2,0.E0));
#934=LINE('',#933,#932);
#935=CARTESIAN_POINT('',(0.E0,4.375000000124E-2,0.E0));
#936=DIRECTION('',(0.E0,1.E0,0.E0));
#937=DIRECTION('',(1.E0,0.E0,0.E0));
#938=AXIS2_PLACEMENT_3D('',#935,#936,#937);
#940=CARTESIAN_POINT('',(0.E0,4.375000000124E-2,0.E0));
#941=DIRECTION('',(0.E0,-1.E0,0.E0));
#942=DIRECTION('',(1.E0,0.E0,0.E0));
#943=AXIS2_PLACEMENT_3D('',#940,#941,#942);
#945=CARTESIAN_POINT('',(0.E0,1.083330000012E-1,0.E0));
#946=DIRECTION('',(0.E0,-1.E0,0.E0));
#947=DIRECTION('',(1.E0,0.E0,0.E0));
#948=AXIS2_PLACEMENT_3D('',#945,#946,#947);
#950=DIRECTION('',(9.692012467835E-2,-9.952921628509E-1,0.E0));
#951=VECTOR('',#950,6.488848441747E-2);
#952=CARTESIAN_POINT('',(2.326795E0,1.083330000012E-1,0.E0));
#953=LINE('',#952,#951);
#954=DIRECTION('',(-9.692012467836E-2,-9.952921628509E-1,0.E0));
#955=VECTOR('',#954,6.488848441747E-2);
#956=CARTESIAN_POINT('',(-2.326795E0,1.083330000012E-1,0.E0));
#957=LINE('',#956,#955);
#958=CARTESIAN_POINT('',(0.E0,1.083330000012E-1,0.E0));
#959=DIRECTION('',(0.E0,1.E0,0.E0));
#960=DIRECTION('',(1.E0,0.E0,0.E0));
#961=AXIS2_PLACEMENT_3D('',#958,#959,#960);
#963=DIRECTION('',(1.070853742586E-1,-9.942498290771E-1,0.E0));
#964=VECTOR('',#963,6.495751680004E-2);
#965=CARTESIAN_POINT('',(2.319839000003E0,1.729169999769E-1,0.E0));
#966=LINE('',#965,#964);
#967=DIRECTION('',(-1.070853742586E-1,-9.942498290771E-1,0.E0));
#968=VECTOR('',#967,6.495751680004E-2);
#969=CARTESIAN_POINT('',(-2.319839000003E0,1.729169999769E-1,0.E0));
#970=LINE('',#969,#968);
#971=CARTESIAN_POINT('',(0.E0,1.729169999769E-1,0.E0));
#972=DIRECTION('',(0.E0,1.E0,0.E0));
#973=DIRECTION('',(1.E0,0.E0,0.E0));
#974=AXIS2_PLACEMENT_3D('',#971,#972,#973);
#976=CARTESIAN_POINT('',(0.E0,1.729169999769E-1,0.E0));
#977=DIRECTION('',(0.E0,-1.E0,0.E0));
#978=DIRECTION('',(1.E0,0.E0,0.E0));
#979=AXIS2_PLACEMENT_3D('',#976,#977,#978);
#981=CARTESIAN_POINT('',(0.E0,2.375E-1,0.E0));
#982=DIRECTION('',(0.E0,-1.E0,0.E0));
#983=DIRECTION('',(1.E0,0.E0,0.E0));
#984=AXIS2_PLACEMENT_3D('',#981,#982,#983);
#986=DIRECTION('',(1.178421542435E-1,-9.930323391931E-1,0.E0));
#987=VECTOR('',#986,6.503614985539E-2);
#988=CARTESIAN_POINT('',(2.312175E0,2.375E-1,0.E0));
#989=LINE('',#988,#987);
#990=DIRECTION('',(-1.178421542435E-1,-9.930323391931E-1,0.E0));
#991=VECTOR('',#990,6.503614985539E-2);
#992=CARTESIAN_POINT('',(-2.312175E0,2.375E-1,0.E0));
#993=LINE('',#992,#991);
#994=CARTESIAN_POINT('',(0.E0,2.375E-1,0.E0));
#995=DIRECTION('',(0.E0,1.E0,0.E0));
#996=DIRECTION('',(1.E0,0.E0,0.E0));
#997=AXIS2_PLACEMENT_3D('',#994,#995,#996);
#999=DIRECTION('',(1.293260561721E-1,-9.916021234321E-1,0.E0));
#1000=VECTOR('',#999,6.512995330885E-2);
#1001=CARTESIAN_POINT('',(2.303752E0,3.02083E-1,0.E0));
#1002=LINE('',#1001,#1000);
#1003=DIRECTION('',(-1.293260561721E-1,-9.916021234321E-1,0.E0));
#1004=VECTOR('',#1003,6.512995330885E-2);
#1005=CARTESIAN_POINT('',(-2.303752E0,3.02083E-1,0.E0));
#1006=LINE('',#1005,#1004);
#1007=CARTESIAN_POINT('',(0.E0,3.02083E-1,0.E0));
#1008=DIRECTION('',(0.E0,1.E0,0.E0));
#1009=DIRECTION('',(1.E0,0.E0,0.E0));
#1010=AXIS2_PLACEMENT_3D('',#1007,#1008,#1009);
#1012=CARTESIAN_POINT('',(0.E0,3.02083E-1,0.E0));
#1013=DIRECTION('',(0.E0,-1.E0,0.E0));
#1014=DIRECTION('',(1.E0,0.E0,0.E0));
#1015=AXIS2_PLACEMENT_3D('',#1012,#1013,#1014);
#1017=CARTESIAN_POINT('',(0.E0,3.66667E-1,0.E0));
#1018=DIRECTION('',(0.E0,-1.E0,0.E0));
#1019=DIRECTION('',(1.E0,0.E0,0.E0));
#1020=AXIS2_PLACEMENT_3D('',#1017,#1018,#1019);
#1022=DIRECTION('',(1.416724167312E-1,-9.899135953898E-1,0.E0));
#1023=VECTOR('',#1022,6.524205779241E-2);
#1024=CARTESIAN_POINT('',(2.294509E0,3.666669999999E-1,0.E0));
#1025=LINE('',#1024,#1023);
#1026=DIRECTION('',(-1.416724167312E-1,-9.899135953898E-1,0.E0));
#1027=VECTOR('',#1026,6.524205779241E-2);
#1028=CARTESIAN_POINT('',(-2.294509E0,3.666669999999E-1,0.E0));
#1029=LINE('',#1028,#1027);
#1030=CARTESIAN_POINT('',(0.E0,3.66667E-1,0.E0));
#1031=DIRECTION('',(0.E0,1.E0,0.E0));
#1032=DIRECTION('',(1.E0,0.E0,0.E0));
#1033=AXIS2_PLACEMENT_3D('',#1030,#1031,#1032);
#1035=DIRECTION('',(1.550772492987E-1,-9.879023467681E-1,0.E0));
#1036=VECTOR('',#1035,6.537387041473E-2);
#1037=CARTESIAN_POINT('',(2.284371E0,4.3125E-1,0.E0));
#1038=LINE('',#1037,#1036);
#1039=DIRECTION('',(-1.550772492987E-1,-9.879023467681E-1,0.E0));
#1040=VECTOR('',#1039,6.537387041473E-2);
#1041=CARTESIAN_POINT('',(-2.284371E0,4.3125E-1,0.E0));
#1042=LINE('',#1041,#1040);
#1043=CARTESIAN_POINT('',(0.E0,4.3125E-1,0.E0));
#1044=DIRECTION('',(0.E0,1.E0,0.E0));
#1045=DIRECTION('',(1.E0,0.E0,0.E0));
#1046=AXIS2_PLACEMENT_3D('',#1043,#1044,#1045);
#1048=CARTESIAN_POINT('',(0.E0,4.3125E-1,0.E0));
#1049=DIRECTION('',(0.E0,-1.E0,0.E0));
#1050=DIRECTION('',(1.E0,0.E0,0.E0));
#1051=AXIS2_PLACEMENT_3D('',#1048,#1049,#1050);
#1053=CARTESIAN_POINT('',(0.E0,4.95833E-1,0.E0));
#1054=DIRECTION('',(0.E0,-1.E0,0.E0));
#1055=DIRECTION('',(1.E0,0.E0,0.E0));
#1056=AXIS2_PLACEMENT_3D('',#1053,#1054,#1055);
#1058=DIRECTION('',(1.697587275577E-1,-9.854856540904E-1,0.E0));
#1059=VECTOR('',#1058,6.553418584224E-2);
#1060=CARTESIAN_POINT('',(2.273246E0,4.95833E-1,0.E0));
#1061=LINE('',#1060,#1059);
#1062=DIRECTION('',(-1.697587275577E-1,-9.854856540904E-1,0.E0));
#1063=VECTOR('',#1062,6.553418584224E-2);
#1064=CARTESIAN_POINT('',(-2.273246E0,4.95833E-1,0.E0));
#1065=LINE('',#1064,#1063);
#1066=CARTESIAN_POINT('',(0.E0,4.95833E-1,0.E0));
#1067=DIRECTION('',(0.E0,1.E0,0.E0));
#1068=DIRECTION('',(1.E0,0.E0,0.E0));
#1069=AXIS2_PLACEMENT_3D('',#1066,#1067,#1068);
#1071=DIRECTION('',(1.859710614671E-1,-9.825552220088E-1,0.E0));
#1072=VECTOR('',#1071,6.573065671355E-2);
#1073=CARTESIAN_POINT('',(2.261022E0,5.60417E-1,0.E0));
#1074=LINE('',#1073,#1072);
#1075=DIRECTION('',(-1.859710614671E-1,-9.825552220088E-1,0.E0));
#1076=VECTOR('',#1075,6.573065671355E-2);
#1077=CARTESIAN_POINT('',(-2.261022E0,5.60417E-1,0.E0));
#1078=LINE('',#1077,#1076);
#1079=CARTESIAN_POINT('',(0.E0,5.60417E-1,0.E0));
#1080=DIRECTION('',(0.E0,1.E0,0.E0));
#1081=DIRECTION('',(1.E0,0.E0,0.E0));
#1082=AXIS2_PLACEMENT_3D('',#1079,#1080,#1081);
#1084=CARTESIAN_POINT('',(0.E0,5.60417E-1,0.E0));
#1085=DIRECTION('',(0.E0,-1.E0,0.E0));
#1086=DIRECTION('',(1.E0,0.E0,0.E0));
#1087=AXIS2_PLACEMENT_3D('',#1084,#1085,#1086);
#1089=CARTESIAN_POINT('',(0.E0,6.25E-1,0.E0));
#1090=DIRECTION('',(0.E0,-1.E0,0.E0));
#1091=DIRECTION('',(1.E0,0.E0,0.E0));
#1092=AXIS2_PLACEMENT_3D('',#1089,#1090,#1091);
#1094=DIRECTION('',(2.040734996814E-1,-9.789555693328E-1,0.E0));
#1095=VECTOR('',#1094,6.597132906046E-2);
#1096=CARTESIAN_POINT('',(2.247559E0,6.25E-1,0.E0));
#1097=LINE('',#1096,#1095);
#1098=DIRECTION('',(-2.040734996814E-1,-9.789555693328E-1,0.E0));
#1099=VECTOR('',#1098,6.597132906046E-2);
#1100=CARTESIAN_POINT('',(-2.247559E0,6.25E-1,0.E0));
#1101=LINE('',#1100,#1099);
#1102=CARTESIAN_POINT('',(0.E0,6.25E-1,0.E0));
#1103=DIRECTION('',(0.E0,1.E0,0.E0));
#1104=DIRECTION('',(1.E0,0.E0,0.E0));
#1105=AXIS2_PLACEMENT_3D('',#1102,#1103,#1104);
#1107=DIRECTION('',(2.244903249546E-1,-9.744763178250E-1,0.E0));
#1108=VECTOR('',#1107,6.627457108879E-2);
#1109=CARTESIAN_POINT('',(2.232681E0,6.89583E-1,0.E0));
#1110=LINE('',#1109,#1108);
#1111=DIRECTION('',(-2.244903249546E-1,-9.744763178250E-1,0.E0));
#1112=VECTOR('',#1111,6.627457108879E-2);
#1113=CARTESIAN_POINT('',(-2.232681E0,6.89583E-1,0.E0));
#1114=LINE('',#1113,#1112);
#1115=CARTESIAN_POINT('',(0.E0,6.89583E-1,0.E0));
#1116=DIRECTION('',(0.E0,1.E0,0.E0));
#1117=DIRECTION('',(1.E0,0.E0,0.E0));
#1118=AXIS2_PLACEMENT_3D('',#1115,#1116,#1117);
#1120=CARTESIAN_POINT('',(0.E0,6.89583E-1,0.E0));
#1121=DIRECTION('',(0.E0,-1.E0,0.E0));
#1122=DIRECTION('',(1.E0,0.E0,0.E0));
#1123=AXIS2_PLACEMENT_3D('',#1120,#1121,#1122);
#1125=CARTESIAN_POINT('',(0.E0,7.54167E-1,0.E0));
#1126=DIRECTION('',(0.E0,-1.E0,0.E0));
#1127=DIRECTION('',(1.E0,0.E0,0.E0));
#1128=AXIS2_PLACEMENT_3D('',#1125,#1126,#1127);
#1130=DIRECTION('',(2.477982149585E-1,-9.688116662507E-1,0.E0));
#1131=VECTOR('',#1130,6.666311136601E-2);
#1132=CARTESIAN_POINT('',(2.216162E0,7.54167E-1,0.E0));
#1133=LINE('',#1132,#1131);
#1134=DIRECTION('',(-2.477982149585E-1,-9.688116662507E-1,0.E0));
#1135=VECTOR('',#1134,6.666311136601E-2);
#1136=CARTESIAN_POINT('',(-2.216162E0,7.54167E-1,0.E0));
#1137=LINE('',#1136,#1135);
#1138=CARTESIAN_POINT('',(0.E0,7.54167E-1,0.E0));
#1139=DIRECTION('',(0.E0,1.E0,0.E0));
#1140=DIRECTION('',(1.E0,0.E0,0.E0));
#1141=AXIS2_PLACEMENT_3D('',#1138,#1139,#1140);
#1143=DIRECTION('',(2.747584882041E-1,-9.615132724824E-1,0.E0));
#1144=VECTOR('',#1143,6.716807957652E-2);
#1145=CARTESIAN_POINT('',(2.197707E0,8.1875E-1,0.E0));
#1146=LINE('',#1145,#1144);
#1147=DIRECTION('',(-2.747584882041E-1,-9.615132724824E-1,0.E0));
#1148=VECTOR('',#1147,6.716807957652E-2);
#1149=CARTESIAN_POINT('',(-2.197707E0,8.1875E-1,0.E0));
#1150=LINE('',#1149,#1148);
#1151=CARTESIAN_POINT('',(0.E0,8.1875E-1,0.E0));
#1152=DIRECTION('',(0.E0,1.E0,0.E0));
#1153=DIRECTION('',(1.E0,0.E0,0.E0));
#1154=AXIS2_PLACEMENT_3D('',#1151,#1152,#1153);
#1156=CARTESIAN_POINT('',(0.E0,8.1875E-1,0.E0));
#1157=DIRECTION('',(0.E0,-1.E0,0.E0));
#1158=DIRECTION('',(1.E0,0.E0,0.E0));
#1159=AXIS2_PLACEMENT_3D('',#1156,#1157,#1158);
#1161=CARTESIAN_POINT('',(0.E0,8.833330000001E-1,0.E0));
#1162=DIRECTION('',(0.E0,-1.E0,0.E0));
#1163=DIRECTION('',(1.E0,0.E0,0.E0));
#1164=AXIS2_PLACEMENT_3D('',#1161,#1162,#1163);
#1166=DIRECTION('',(3.063455283675E-1,-9.519203838816E-1,0.E0));
#1167=VECTOR('',#1166,6.784495961389E-2);
#1168=CARTESIAN_POINT('',(2.176923E0,8.833330000001E-1,0.E0));
#1169=LINE('',#1168,#1167);
#1170=DIRECTION('',(-3.063455283675E-1,-9.519203838816E-1,0.E0));
#1171=VECTOR('',#1170,6.784495961389E-2);
#1172=CARTESIAN_POINT('',(-2.176923E0,8.833330000001E-1,0.E0));
#1173=LINE('',#1172,#1171);
#1174=CARTESIAN_POINT('',(0.E0,8.833330000001E-1,0.E0));
#1175=DIRECTION('',(0.E0,1.E0,0.E0));
#1176=DIRECTION('',(1.E0,0.E0,0.E0));
#1177=AXIS2_PLACEMENT_3D('',#1174,#1175,#1176);
#1179=DIRECTION('',(3.440008851998E-1,-9.389693237704E-1,0.E0));
#1180=VECTOR('',#1179,6.878179975107E-2);
#1181=CARTESIAN_POINT('',(2.153262E0,9.47917E-1,0.E0));
#1182=LINE('',#1181,#1180);
#1183=DIRECTION('',(-3.440008851998E-1,-9.389693237704E-1,0.E0));
#1184=VECTOR('',#1183,6.878179975107E-2);
#1185=CARTESIAN_POINT('',(-2.153262E0,9.47917E-1,0.E0));
#1186=LINE('',#1185,#1184);
#1187=CARTESIAN_POINT('',(0.E0,9.47917E-1,0.E0));
#1188=DIRECTION('',(0.E0,1.E0,0.E0));
#1189=DIRECTION('',(1.E0,0.E0,0.E0));
#1190=AXIS2_PLACEMENT_3D('',#1187,#1188,#1189);
#1192=CARTESIAN_POINT('',(0.E0,9.47917E-1,0.E0));
#1193=DIRECTION('',(0.E0,-1.E0,0.E0));
#1194=DIRECTION('',(1.E0,0.E0,0.E0));
#1195=AXIS2_PLACEMENT_3D('',#1192,#1193,#1194);
#1197=CARTESIAN_POINT('',(0.E0,1.0125E0,0.E0));
#1198=DIRECTION('',(0.E0,-1.E0,0.E0));
#1199=DIRECTION('',(1.E0,0.E0,0.E0));
#1200=AXIS2_PLACEMENT_3D('',#1197,#1198,#1199);
#1202=DIRECTION('',(3.896209173290E-1,-9.209753203966E-1,0.E0));
#1203=VECTOR('',#1202,7.012457182040E-2);
#1204=CARTESIAN_POINT('',(2.12594E0,1.0125E0,0.E0));
#1205=LINE('',#1204,#1203);
#1206=DIRECTION('',(-3.896209173290E-1,-9.209753203966E-1,0.E0));
#1207=VECTOR('',#1206,7.012457182040E-2);
#1208=CARTESIAN_POINT('',(-2.12594E0,1.0125E0,0.E0));
#1209=LINE('',#1208,#1207);
#1210=CARTESIAN_POINT('',(0.E0,1.0125E0,0.E0));
#1211=DIRECTION('',(0.E0,1.E0,0.E0));
#1212=DIRECTION('',(1.E0,0.E0,0.E0));
#1213=AXIS2_PLACEMENT_3D('',#1210,#1211,#1212);
#1215=DIRECTION('',(4.459214468296E-1,-8.950720994743E-1,0.E0));
#1216=VECTOR('',#1215,7.215396395206E-2);
#1217=CARTESIAN_POINT('',(2.093765E0,1.077083E0,0.E0));
#1218=LINE('',#1217,#1216);
#1219=DIRECTION('',(-4.459214468296E-1,-8.950720994743E-1,0.E0));
#1220=VECTOR('',#1219,7.215396395206E-2);
#1221=CARTESIAN_POINT('',(-2.093765E0,1.077083E0,0.E0));
#1222=LINE('',#1221,#1220);
#1223=CARTESIAN_POINT('',(0.E0,1.077083E0,0.E0));
#1224=DIRECTION('',(0.E0,1.E0,0.E0));
#1225=DIRECTION('',(1.E0,0.E0,0.E0));
#1226=AXIS2_PLACEMENT_3D('',#1223,#1224,#1225);
#1228=CARTESIAN_POINT('',(0.E0,1.077083E0,0.E0));
#1229=DIRECTION('',(0.E0,-1.E0,0.E0));
#1230=DIRECTION('',(1.E0,0.E0,0.E0));
#1231=AXIS2_PLACEMENT_3D('',#1228,#1229,#1230);
#1233=CARTESIAN_POINT('',(0.E0,1.141667E0,0.E0));
#1234=DIRECTION('',(0.E0,-1.E0,0.E0));
#1235=DIRECTION('',(1.E0,0.E0,0.E0));
#1236=AXIS2_PLACEMENT_3D('',#1233,#1234,#1235);
#1238=DIRECTION('',(5.166833984291E-1,-8.561765389146E-1,0.E0));
#1239=VECTOR('',#1238,7.543304104310E-2);
#1240=CARTESIAN_POINT('',(2.05479E0,1.141667E0,0.E0));
#1241=LINE('',#1240,#1239);
#1242=DIRECTION('',(-5.166833984291E-1,-8.561765389146E-1,0.E0));
#1243=VECTOR('',#1242,7.543304104310E-2);
#1244=CARTESIAN_POINT('',(-2.05479E0,1.141667E0,0.E0));
#1245=LINE('',#1244,#1243);
#1246=CARTESIAN_POINT('',(0.E0,1.141667E0,0.E0));
#1247=DIRECTION('',(0.E0,1.E0,0.E0));
#1248=DIRECTION('',(1.E0,0.E0,0.E0));
#1249=AXIS2_PLACEMENT_3D('',#1246,#1247,#1248);
#1251=DIRECTION('',(6.068364276139E-1,-7.948267422029E-1,0.E0));
#1252=VECTOR('',#1251,8.125418606440E-2);
#1253=CARTESIAN_POINT('',(2.005482E0,1.20625E0,0.E0));
#1254=LINE('',#1253,#1252);
#1255=DIRECTION('',(-6.068364276139E-1,-7.948267422029E-1,0.E0));
#1256=VECTOR('',#1255,8.125418606440E-2);
#1257=CARTESIAN_POINT('',(-2.005482E0,1.20625E0,0.E0));
#1258=LINE('',#1257,#1256);
#1259=CARTESIAN_POINT('',(0.E0,1.20625E0,0.E0));
#1260=DIRECTION('',(0.E0,1.E0,0.E0));
#1261=DIRECTION('',(1.E0,0.E0,0.E0));
#1262=AXIS2_PLACEMENT_3D('',#1259,#1260,#1261);
#1264=CARTESIAN_POINT('',(0.E0,1.20625E0,0.E0));
#1265=DIRECTION('',(0.E0,-1.E0,0.E0));
#1266=DIRECTION('',(1.E0,0.E0,0.E0));
#1267=AXIS2_PLACEMENT_3D('',#1264,#1265,#1266);
#1269=CARTESIAN_POINT('',(0.E0,1.270833E0,0.E0));
#1270=DIRECTION('',(0.E0,-1.E0,0.E0));
#1271=DIRECTION('',(1.E0,0.E0,0.E0));
#1272=AXIS2_PLACEMENT_3D('',#1269,#1270,#1271);
#1274=DIRECTION('',(7.212023167534E-1,-6.927244894686E-1,0.E0));
#1275=VECTOR('',#1274,9.323042707726E-2);
#1276=CARTESIAN_POINT('',(1.938244E0,1.270833E0,0.E0));
#1277=LINE('',#1276,#1275);
#1278=DIRECTION('',(-7.212023167534E-1,-6.927244894686E-1,0.E0));
#1279=VECTOR('',#1278,9.323042707726E-2);
#1280=CARTESIAN_POINT('',(-1.938244E0,1.270833E0,0.E0));
#1281=LINE('',#1280,#1279);
#1282=CARTESIAN_POINT('',(0.E0,1.270833E0,0.E0));
#1283=DIRECTION('',(0.E0,1.E0,0.E0));
#1284=DIRECTION('',(1.E0,0.E0,0.E0));
#1285=AXIS2_PLACEMENT_3D('',#1282,#1283,#1284);
#1287=DIRECTION('',(8.579767921764E-1,-5.136884504121E-1,0.E0));
#1288=VECTOR('',#1287,1.257260114535E-1);
#1289=CARTESIAN_POINT('',(1.830374E0,1.335417E0,0.E0));
#1290=LINE('',#1289,#1288);
#1291=DIRECTION('',(-8.579767921764E-1,-5.136884504121E-1,0.E0));
#1292=VECTOR('',#1291,1.257260114535E-1);
#1293=CARTESIAN_POINT('',(-1.830374E0,1.335417E0,0.E0));
#1294=LINE('',#1293,#1292);
#1295=CARTESIAN_POINT('',(0.E0,1.335417E0,0.E0));
#1296=DIRECTION('',(0.E0,1.E0,0.E0));
#1297=DIRECTION('',(1.E0,0.E0,0.E0));
#1298=AXIS2_PLACEMENT_3D('',#1295,#1296,#1297);
#1300=CARTESIAN_POINT('',(0.E0,1.335417E0,0.E0));
#1301=DIRECTION('',(0.E0,-1.E0,0.E0));
#1302=DIRECTION('',(1.E0,0.E0,0.E0));
#1303=AXIS2_PLACEMENT_3D('',#1300,#1301,#1302);
#1305=CARTESIAN_POINT('',(0.E0,1.4E0,0.E0));
#1306=DIRECTION('',(0.E0,-1.E0,0.E0));
#1307=DIRECTION('',(1.E0,0.E0,0.E0));
#1308=AXIS2_PLACEMENT_3D('',#1305,#1306,#1307);
#1310=DIRECTION('',(0.E0,1.E0,0.E0));
#1311=VECTOR('',#1310,1.E-1);
#1312=CARTESIAN_POINT('',(8.4E-1,1.4E0,0.E0));
#1313=LINE('',#1312,#1311);
#1314=DIRECTION('',(0.E0,1.E0,0.E0));
#1315=VECTOR('',#1314,1.E-1);
#1316=CARTESIAN_POINT('',(-8.4E-1,1.4E0,0.E0));
#1317=LINE('',#1316,#1315);
#1318=CARTESIAN_POINT('',(0.E0,1.4E0,0.E0));
#1319=DIRECTION('',(0.E0,-1.E0,0.E0));
#1320=DIRECTION('',(-1.E0,0.E0,0.E0));
#1321=AXIS2_PLACEMENT_3D('',#1318,#1319,#1320);
#1323=DIRECTION('',(9.978805383732E-1,-6.507250675980E-2,0.E0));
#1324=VECTOR('',#1323,9.924775180152E-1);
#1325=CARTESIAN_POINT('',(8.4E-1,1.4E0,0.E0));
#1326=LINE('',#1325,#1324);
#1327=DIRECTION('',(-9.978805383732E-1,-6.507250675980E-2,0.E0));
#1328=VECTOR('',#1327,9.924775180152E-1);
#1329=CARTESIAN_POINT('',(-8.4E-1,1.4E0,0.E0));
#1330=LINE('',#1329,#1328);
#1331=DIRECTION('',(0.E0,-1.E0,0.E0));
#1332=VECTOR('',#1331,5.E-1);
#1333=CARTESIAN_POINT('',(-2.027779455032E0,2.3E0,-2.852737366417E0));
#1334=LINE('',#1333,#1332);
#1335=CARTESIAN_POINT('',(0.E0,1.8E0,0.E0));
#1336=DIRECTION('',(0.E0,-1.E0,0.E0));
#1337=DIRECTION('',(-7.583240076487E-1,0.E0,6.518778255346E-1));
#1338=AXIS2_PLACEMENT_3D('',#1335,#1336,#1337);
#1340=CARTESIAN_POINT('',(-3.526206635566E0,1.8E0,3.031231888736E0));
#1341=DIRECTION('',(0.E0,-1.E0,0.E0));
#1342=DIRECTION('',(0.E0,0.E0,1.E0));
#1343=AXIS2_PLACEMENT_3D('',#1340,#1341,#1342);
#1345=CARTESIAN_POINT('',(-3.526206635566E0,1.8E0,3.031231888736E0));
#1346=DIRECTION('',(0.E0,-1.E0,0.E0));
#1347=DIRECTION('',(7.071067811865E-1,0.E0,7.071067811865E-1));
#1348=AXIS2_PLACEMENT_3D('',#1345,#1346,#1347);
#1350=DIRECTION('',(-7.071067811865E-1,0.E0,7.071067811865E-1));
#1351=VECTOR('',#1350,4.955533995781E-1);
#1352=CARTESIAN_POINT('',(-2.928310092869E0,1.8E0,2.928310092869E0));
#1353=LINE('',#1352,#1351);
#1354=CARTESIAN_POINT('',(-2.433335346039E0,1.8E0,3.423284839700E0));
#1355=DIRECTION('',(0.E0,1.E0,0.E0));
#1356=DIRECTION('',(0.E0,0.E0,-1.E0));
#1357=AXIS2_PLACEMENT_3D('',#1354,#1355,#1356);
#1359=CARTESIAN_POINT('',(-2.433335346039E0,1.8E0,3.423284839700E0));
#1360=DIRECTION('',(0.E0,1.E0,0.E0));
#1361=DIRECTION('',(5.793655585806E-1,0.E0,-8.150678189762E-1));
#1362=AXIS2_PLACEMENT_3D('',#1359,#1360,#1361);
#1364=CARTESIAN_POINT('',(0.E0,1.8E0,0.E0));
#1365=DIRECTION('',(0.E0,1.E0,0.E0));
#1366=DIRECTION('',(-5.793655585806E-1,0.E0,-8.150678189762E-1));
#1367=AXIS2_PLACEMENT_3D('',#1364,#1365,#1366);
#1369=CARTESIAN_POINT('',(-2.433335346039E0,1.8E0,-3.423284839700E0));
#1370=DIRECTION('',(0.E0,1.E0,0.E0));
#1371=DIRECTION('',(0.E0,0.E0,1.E0));
#1372=AXIS2_PLACEMENT_3D('',#1369,#1370,#1371);
#1374=CARTESIAN_POINT('',(-2.433335346039E0,1.8E0,-3.423284839700E0));
#1375=DIRECTION('',(0.E0,1.E0,0.E0));
#1376=DIRECTION('',(-7.071067811865E-1,0.E0,7.071067811866E-1));
#1377=AXIS2_PLACEMENT_3D('',#1374,#1375,#1376);
#1379=DIRECTION('',(7.071067811865E-1,0.E0,7.071067811865E-1));
#1380=VECTOR('',#1379,4.955533995781E-1);
#1381=CARTESIAN_POINT('',(-3.278719262151E0,1.8E0,-3.278719262151E0));
#1382=LINE('',#1381,#1380);
#1383=CARTESIAN_POINT('',(-3.526206635566E0,1.8E0,-3.031231888736E0));
#1384=DIRECTION('',(0.E0,-1.E0,0.E0));
#1385=DIRECTION('',(0.E0,0.E0,-1.E0));
#1386=AXIS2_PLACEMENT_3D('',#1383,#1384,#1385);
#1388=CARTESIAN_POINT('',(-3.526206635566E0,1.8E0,-3.031231888736E0));
#1389=DIRECTION('',(0.E0,-1.E0,0.E0));
#1390=DIRECTION('',(-7.583240076487E-1,0.E0,-6.518778255346E-1));
#1391=AXIS2_PLACEMENT_3D('',#1388,#1389,#1390);
#1393=DIRECTION('',(-7.071067811865E-1,0.E0,-7.071067811865E-1));
#1394=VECTOR('',#1393,7.324655128802E-1);
#1395=CARTESIAN_POINT('',(-2.760787931008E0,2.8E0,-2.760787931008E0));
#1396=LINE('',#1395,#1394);
#1397=CARTESIAN_POINT('',(-3.008275304423E0,2.8E0,-2.513300557593E0));
#1398=DIRECTION('',(0.E0,1.E0,0.E0));
#1399=DIRECTION('',(7.674171694958E-1,0.E0,6.411481014267E-1));
#1400=AXIS2_PLACEMENT_3D('',#1397,#1398,#1399);
#1402=CARTESIAN_POINT('',(0.E0,2.8E0,0.E0));
#1403=DIRECTION('',(0.E0,-1.E0,0.E0));
#1404=DIRECTION('',(-9.978472366395E-1,0.E0,-6.558118884911E-2));
#1405=AXIS2_PLACEMENT_3D('',#1402,#1403,#1404);
#1407=CARTESIAN_POINT('',(-3.053412544117E0,2.8E0,-2.006784378783E-1));
#1408=DIRECTION('',(0.E0,-1.E0,0.E0));
#1409=DIRECTION('',(8.348054299601E-2,0.E0,9.965094073520E-1));
#1410=AXIS2_PLACEMENT_3D('',#1407,#1408,#1409);
#1412=CARTESIAN_POINT('',(-2.981619277140E0,2.8E0,6.563196524445E-1));
#1413=DIRECTION('',(0.E0,1.E0,0.E0));
#1414=DIRECTION('',(0.E0,0.E0,-1.E0));
#1415=AXIS2_PLACEMENT_3D('',#1412,#1413,#1414);
#1417=CARTESIAN_POINT('',(-2.981619277140E0,2.8E0,6.563196524445E-1));
#1418=DIRECTION('',(0.E0,1.E0,0.E0));
#1419=DIRECTION('',(9.766194815396E-1,0.E0,-2.149753201587E-1));
#1420=AXIS2_PLACEMENT_3D('',#1417,#1418,#1419);
#1422=CARTESIAN_POINT('',(0.E0,2.8E0,0.E0));
#1423=DIRECTION('',(0.E0,-1.E0,0.E0));
#1424=DIRECTION('',(-8.871570850902E-1,0.E0,4.614675572283E-1));
#1425=AXIS2_PLACEMENT_3D('',#1422,#1423,#1424);
#1427=CARTESIAN_POINT('',(-2.5908E0,2.8E0,7.752E-1));
#1428=DIRECTION('',(0.E0,1.E0,0.E0));
#1429=DIRECTION('',(3.691365236278E-1,0.E0,9.293751809275E-1));
#1430=AXIS2_PLACEMENT_3D('',#1427,#1428,#1429);
#1432=CARTESIAN_POINT('',(0.E0,2.8E0,0.E0));
#1433=DIRECTION('',(0.E0,-1.E0,0.E0));
#1434=DIRECTION('',(-8.702767052381E-1,0.E0,4.925631495757E-1));
#1435=AXIS2_PLACEMENT_3D('',#1432,#1433,#1434);
#1437=CARTESIAN_POINT('',(-1.8616E0,2.8E0,1.8616E0));
#1438=DIRECTION('',(0.E0,-1.E0,0.E0));
#1439=DIRECTION('',(-9.309167823154E-1,0.E0,3.652313573661E-1));
#1440=AXIS2_PLACEMENT_3D('',#1437,#1438,#1439);
#1442=CARTESIAN_POINT('',(-2.676152184526E0,2.8E0,2.181177437695E0));
#1443=DIRECTION('',(0.E0,1.E0,0.E0));
#1444=DIRECTION('',(7.071067811866E-1,0.E0,7.071067811865E-1));
#1445=AXIS2_PLACEMENT_3D('',#1442,#1443,#1444);
#1447=DIRECTION('',(7.071067811865E-1,0.E0,-7.071067811865E-1));
#1448=VECTOR('',#1447,1.202158533417E0);
#1449=CARTESIAN_POINT('',(-3.278719262151E0,2.8E0,3.278719262151E0));
#1450=LINE('',#1449,#1448);
#1451=CARTESIAN_POINT('',(-3.526206635566E0,2.8E0,3.031231888736E0));
#1452=DIRECTION('',(0.E0,1.E0,0.E0));
#1453=DIRECTION('',(0.E0,0.E0,1.E0));
#1454=AXIS2_PLACEMENT_3D('',#1451,#1452,#1453);
#1456=CARTESIAN_POINT('',(-3.526206635566E0,2.8E0,3.031231888736E0));
#1457=DIRECTION('',(0.E0,1.E0,0.E0));
#1458=DIRECTION('',(-7.583240076487E-1,0.E0,6.518778255346E-1));
#1459=AXIS2_PLACEMENT_3D('',#1456,#1457,#1458);
#1461=CARTESIAN_POINT('',(0.E0,2.8E0,0.E0));
#1462=DIRECTION('',(0.E0,1.E0,0.E0));
#1463=DIRECTION('',(-7.583240076487E-1,0.E0,-6.518778255346E-1));
#1464=AXIS2_PLACEMENT_3D('',#1461,#1462,#1463);
#1466=CARTESIAN_POINT('',(-3.526206635566E0,2.8E0,-3.031231888736E0));
#1467=DIRECTION('',(0.E0,1.E0,0.E0));
#1468=DIRECTION('',(0.E0,0.E0,-1.E0));
#1469=AXIS2_PLACEMENT_3D('',#1466,#1467,#1468);
#1471=CARTESIAN_POINT('',(-3.526206635566E0,2.8E0,-3.031231888736E0));
#1472=DIRECTION('',(0.E0,1.E0,0.E0));
#1473=DIRECTION('',(7.071067811866E-1,0.E0,-7.071067811865E-1));
#1474=AXIS2_PLACEMENT_3D('',#1471,#1472,#1473);
#1476=CARTESIAN_POINT('',(-2.857904862682E0,2.8E0,2.671356385118E0));
#1477=CARTESIAN_POINT('',(-2.865671694133E0,2.8E0,2.676982406327E0));
#1478=CARTESIAN_POINT('',(-2.881324548111E0,2.8E0,2.688320786595E0));
#1479=CARTESIAN_POINT('',(-2.906447863901E0,2.8E0,2.703304887063E0));
#1480=CARTESIAN_POINT('',(-2.932999243267E0,2.8E0,2.716568652221E0));
#1481=CARTESIAN_POINT('',(-2.956520418233E0,2.8E0,2.726231424224E0));
#1482=CARTESIAN_POINT('',(-2.976937070674E0,2.8E0,2.733610878977E0));
#1483=CARTESIAN_POINT('',(-2.994909944690E0,2.8E0,2.738724040177E0));
#1484=CARTESIAN_POINT('',(-3.015192639531E0,2.8E0,2.744230537131E0));
#1485=CARTESIAN_POINT('',(-3.037844557807E0,2.8E0,2.750067679934E0));
#1486=CARTESIAN_POINT('',(-3.063048809450E0,2.8E0,2.755409806153E0));
#1487=CARTESIAN_POINT('',(-3.090556308570E0,2.8E0,2.761267480114E0));
#1488=CARTESIAN_POINT('',(-3.120538056530E0,2.8E0,2.766963024483E0));
#1489=CARTESIAN_POINT('',(-3.141353922721E0,2.8E0,2.770623855215E0));
#1490=CARTESIAN_POINT('',(-3.152125615887E0,2.8E0,2.772518244092E0));
#1492=CARTESIAN_POINT('',(-2.789044686400E0,2.8E0,2.125482987682E0));
#1493=CARTESIAN_POINT('',(-2.780937982779E0,2.8E0,2.136582002657E0));
#1494=CARTESIAN_POINT('',(-2.765000534441E0,2.8E0,2.158402212948E0));
#1495=CARTESIAN_POINT('',(-2.745936997013E0,2.8E0,2.193507891566E0));
#1496=CARTESIAN_POINT('',(-2.730145655994E0,2.8E0,2.229032217621E0));
#1497=CARTESIAN_POINT('',(-2.718201441403E0,2.8E0,2.265478099247E0));
#1498=CARTESIAN_POINT('',(-2.710739493618E0,2.8E0,2.302978659891E0));
#1499=CARTESIAN_POINT('',(-2.707298514672E0,2.8E0,2.341248098054E0));
#1500=CARTESIAN_POINT('',(-2.707493877180E0,2.8E0,2.380256004653E0));
#1501=CARTESIAN_POINT('',(-2.711841997488E0,2.8E0,2.419476044643E0));
#1502=CARTESIAN_POINT('',(-2.719550661247E0,2.8E0,2.457995883653E0));
#1503=CARTESIAN_POINT('',(-2.730280301365E0,2.8E0,2.494981907375E0));
#1504=CARTESIAN_POINT('',(-2.744113648615E0,2.8E0,2.529810657136E0));
#1505=CARTESIAN_POINT('',(-2.760563932855E0,2.8E0,2.562704288064E0));
#1506=CARTESIAN_POINT('',(-2.780615059560E0,2.8E0,2.593033815399E0));
#1507=CARTESIAN_POINT('',(-2.803228254382E0,2.8E0,2.621604702381E0));
#1508=CARTESIAN_POINT('',(-2.829004653987E0,2.8E0,2.647967830327E0));
#1509=CARTESIAN_POINT('',(-2.848229219967E0,2.8E0,2.663526016066E0));
#1510=CARTESIAN_POINT('',(-2.857904862682E0,2.8E0,2.671356385118E0));
#1512=CARTESIAN_POINT('',(-3.333165279349E0,2.8E0,2.051614798580E0));
#1513=CARTESIAN_POINT('',(-3.322384286651E0,2.8E0,2.043784247300E0));
#1514=CARTESIAN_POINT('',(-3.301224085439E0,2.8E0,2.028414972380E0));
#1515=CARTESIAN_POINT('',(-3.267242555527E0,2.8E0,2.009664463390E0));
#1516=CARTESIAN_POINT('',(-3.232622100144E0,2.8E0,1.994210656747E0));
#1517=CARTESIAN_POINT('',(-3.196894974766E0,2.8E0,1.982571948286E0));
#1518=CARTESIAN_POINT('',(-3.160171764373E0,2.8E0,1.975096214771E0));
#1519=CARTESIAN_POINT('',(-3.122589604366E0,2.8E0,1.971419672322E0));
#1520=CARTESIAN_POINT('',(-3.084175872667E0,2.8E0,1.971038268390E0));
#1521=CARTESIAN_POINT('',(-3.045289597650E0,2.8E0,1.974952143713E0));
#1522=CARTESIAN_POINT('',(-3.006942000517E0,2.8E0,1.982144764685E0));
#1523=CARTESIAN_POINT('',(-2.969864737202E0,2.8E0,1.992276304725E0));
#1524=CARTESIAN_POINT('',(-2.934786661418E0,2.8E0,2.006169468374E0));
#1525=CARTESIAN_POINT('',(-2.901749504285E0,2.8E0,2.023543948991E0));
#1526=CARTESIAN_POINT('',(-2.870346223461E0,2.8E0,2.043929748506E0));
#1527=CARTESIAN_POINT('',(-2.841074026682E0,2.8E0,2.067858261670E0));
#1528=CARTESIAN_POINT('',(-2.813523904635E0,2.8E0,2.094933103457E0));
#1529=CARTESIAN_POINT('',(-2.797277021049E0,2.8E0,2.115209094619E0));
#1530=CARTESIAN_POINT('',(-2.789044686400E0,2.8E0,2.125482987682E0));
#1532=CARTESIAN_POINT('',(-3.417299894733E0,2.8E0,2.593231385118E0));
#1533=CARTESIAN_POINT('',(-3.424831272545E0,2.8E0,2.582672343871E0));
#1534=CARTESIAN_POINT('',(-3.439657615278E0,2.8E0,2.561885713807E0));
#1535=CARTESIAN_POINT('',(-3.458439521369E0,2.8E0,2.528897434025E0));
#1536=CARTESIAN_POINT('',(-3.472832080573E0,2.8E0,2.494668828124E0));
#1537=CARTESIAN_POINT('',(-3.484062449368E0,2.8E0,2.459683816794E0));
#1538=CARTESIAN_POINT('',(-3.491345398660E0,2.8E0,2.423656176847E0));
#1539=CARTESIAN_POINT('',(-3.494728065818E0,2.8E0,2.386734273149E0));
#1540=CARTESIAN_POINT('',(-3.494859645504E0,2.8E0,2.348817885072E0));
#1541=CARTESIAN_POINT('',(-3.490694152214E0,2.8E0,2.310440053905E0));
#1542=CARTESIAN_POINT('',(-3.483341327596E0,2.8E0,2.272262983048E0));
#1543=CARTESIAN_POINT('',(-3.472287865633E0,2.8E0,2.235465673980E0));
#1544=CARTESIAN_POINT('',(-3.457980068923E0,2.8E0,2.200217670952E0));
#1545=CARTESIAN_POINT('',(-3.439795002167E0,2.8E0,2.166945627297E0));
#1546=CARTESIAN_POINT('',(-3.418451590568E0,2.8E0,2.135154880549E0));
#1547=CARTESIAN_POINT('',(-3.393454759924E0,2.8E0,2.105291638395E0));
#1548=CARTESIAN_POINT('',(-3.365111115524E0,2.8E0,2.077017551763E0));
#1549=CARTESIAN_POINT('',(-3.343937753913E0,2.8E0,2.060180876206E0));
#1550=CARTESIAN_POINT('',(-3.333165279349E0,2.8E0,2.051614798580E0));
#1552=DIRECTION('',(9.846028091266E-1,0.E0,-1.748064880375E-1));
#1553=VECTOR('',#1552,4.755716664401E-1);
#1554=CARTESIAN_POINT('',(-3.885549093451E0,2.8E0,2.676364397939E0));
#1555=LINE('',#1554,#1553);
#1556=DIRECTION('',(-1.856306250924E-1,0.E0,-9.826195962975E-1));
#1557=VECTOR('',#1556,2.252694404841E-1);
#1558=CARTESIAN_POINT('',(-3.843732186400E0,2.8E0,2.897718564605E0));
#1559=LINE('',#1558,#1557);
#1560=DIRECTION('',(-9.840064284881E-1,0.E0,1.781329522969E-1));
#1561=VECTOR('',#1560,7.028476140907E-1);
#1562=CARTESIAN_POINT('',(-3.152125615887E0,2.8E0,2.772518244092E0));
#1563=LINE('',#1562,#1561);
#1564=CARTESIAN_POINT('',(-4.257149308207E0,2.8E0,1.253584889410E0));
#1565=CARTESIAN_POINT('',(-4.248188775401E0,2.8E0,1.250243799965E0));
#1566=CARTESIAN_POINT('',(-4.230249271758E0,2.8E0,1.243554746136E0));
#1567=CARTESIAN_POINT('',(-4.202246726938E0,2.8E0,1.236545350077E0));
#1568=CARTESIAN_POINT('',(-4.173605012009E0,2.8E0,1.230887320182E0));
#1569=CARTESIAN_POINT('',(-4.148783672346E0,2.8E0,1.227965219926E0));
#1570=CARTESIAN_POINT('',(-4.127372115812E0,2.8E0,1.226662619346E0));
#1571=CARTESIAN_POINT('',(-4.108914118904E0,2.8E0,1.226130137981E0));
#1572=CARTESIAN_POINT('',(-4.088040841495E0,2.8E0,1.226527443080E0));
#1573=CARTESIAN_POINT('',(-4.064825463897E0,2.8E0,1.227183685200E0));
#1574=CARTESIAN_POINT('',(-4.039289830266E0,2.8E0,1.228809719736E0));
#1575=CARTESIAN_POINT('',(-4.011494903914E0,2.8E0,1.230811974856E0));
#1576=CARTESIAN_POINT('',(-3.981347932018E0,2.8E0,1.233264246638E0));
#1577=CARTESIAN_POINT('',(-3.960504031014E0,2.8E0,1.235430417765E0));
#1578=CARTESIAN_POINT('',(-3.949657321028E0,2.8E0,1.236557645820E0));
#1580=CARTESIAN_POINT('',(-4.471993058207E0,2.8E0,1.757641379795E0));
#1581=CARTESIAN_POINT('',(-4.476675923206E0,2.8E0,1.744785212124E0));
#1582=CARTESIAN_POINT('',(-4.485886470892E0,2.8E0,1.719498908669E0));
#1583=CARTESIAN_POINT('',(-4.495044065550E0,2.8E0,1.680778901549E0));
#1584=CARTESIAN_POINT('',(-4.500457927329E0,2.8E0,1.642383487054E0));
#1585=CARTESIAN_POINT('',(-4.501718415149E0,2.8E0,1.604269212578E0));
#1586=CARTESIAN_POINT('',(-4.498915690465E0,2.8E0,1.566424307198E0));
#1587=CARTESIAN_POINT('',(-4.492235693656E0,2.8E0,1.528927721369E0));
#1588=CARTESIAN_POINT('',(-4.480874310925E0,2.8E0,1.491894462668E0));
#1589=CARTESIAN_POINT('',(-4.466298013711E0,2.8E0,1.455409813058E0));
#1590=CARTESIAN_POINT('',(-4.448425896485E0,2.8E0,1.420519171362E0));
#1591=CARTESIAN_POINT('',(-4.428101861976E0,2.8E0,1.387914120205E0));
#1592=CARTESIAN_POINT('',(-4.405270173913E0,2.8E0,1.358399435977E0));
#1593=CARTESIAN_POINT('',(-4.380326212214E0,2.8E0,1.331521840126E0));
#1594=CARTESIAN_POINT('',(-4.352898410202E0,2.8E0,1.307688137097E0));
#1595=CARTESIAN_POINT('',(-4.323191128197E0,2.8E0,1.286612115214E0));
#1596=CARTESIAN_POINT('',(-4.291355628570E0,2.8E0,1.268054545913E0));
#1597=CARTESIAN_POINT('',(-4.268617279182E0,2.8E0,1.258435969533E0));
#1598=CARTESIAN_POINT('',(-4.257149308207E0,2.8E0,1.253584889410E0));
#1600=CARTESIAN_POINT('',(-3.970440574233E0,2.8E0,1.975239536846E0));
#1601=CARTESIAN_POINT('',(-3.982877622778E0,2.8E0,1.979839344702E0));
#1602=CARTESIAN_POINT('',(-4.007399335164E0,2.8E0,1.988908631911E0));
#1603=CARTESIAN_POINT('',(-4.045130963634E0,2.8E0,1.997853293306E0));
#1604=CARTESIAN_POINT('',(-4.082718593093E0,2.8E0,2.002812318342E0));
#1605=CARTESIAN_POINT('',(-4.120119212101E0,2.8E0,2.004486113488E0));
#1606=CARTESIAN_POINT('',(-4.157404985621E0,2.8E0,2.001949929308E0));
#1607=CARTESIAN_POINT('',(-4.194453862404E0,2.8E0,1.995288977241E0));
#1608=CARTESIAN_POINT('',(-4.231347010203E0,2.8E0,1.984986466278E0));
#1609=CARTESIAN_POINT('',(-4.267633681924E0,2.8E0,1.971034949070E0));
#1610=CARTESIAN_POINT('',(-4.302492583160E0,2.8E0,1.953847720410E0));
#1611=CARTESIAN_POINT('',(-4.335185388924E0,2.8E0,1.933936626403E0));
#1612=CARTESIAN_POINT('',(-4.364843023597E0,2.8E0,1.910853021878E0));
#1613=CARTESIAN_POINT('',(-4.392051594216E0,2.8E0,1.885649150894E0));
#1614=CARTESIAN_POINT('',(-4.416252548681E0,2.8E0,1.857496621821E0));
#1615=CARTESIAN_POINT('',(-4.437862148005E0,2.8E0,1.826849062654E0));
#1616=CARTESIAN_POINT('',(-4.456780085916E0,2.8E0,1.793467066220E0));
#1617=CARTESIAN_POINT('',(-4.466878768256E0,2.8E0,1.769685242398E0));
#1618=CARTESIAN_POINT('',(-4.471993058207E0,2.8E0,1.757641379795E0));
#1620=CARTESIAN_POINT('',(-3.743577593463E0,2.8E0,1.479696668256E0));
#1621=CARTESIAN_POINT('',(-3.739163739214E0,2.8E0,1.491806537012E0));
#1622=CARTESIAN_POINT('',(-3.730455804613E0,2.8E0,1.515697662365E0));
#1623=CARTESIAN_POINT('',(-3.721722495133E0,2.8E0,1.552383020345E0));
#1624=CARTESIAN_POINT('',(-3.716921469860E0,2.8E0,1.588972244095E0));
#1625=CARTESIAN_POINT('',(-3.715903414303E0,2.8E0,1.625475599026E0));
#1626=CARTESIAN_POINT('',(-3.718690750725E0,2.8E0,1.661974714156E0));
#1627=CARTESIAN_POINT('',(-3.725244360267E0,2.8E0,1.698380907232E0));
#1628=CARTESIAN_POINT('',(-3.735590516594E0,2.8E0,1.734720458486E0));
#1629=CARTESIAN_POINT('',(-3.749807207835E0,2.8E0,1.770391545855E0));
#1630=CARTESIAN_POINT('',(-3.767215429225E0,2.8E0,1.804767823821E0));
#1631=CARTESIAN_POINT('',(-3.787530298292E0,2.8E0,1.837080777957E0));
#1632=CARTESIAN_POINT('',(-3.810979390946E0,2.8E0,1.866677487246E0));
#1633=CARTESIAN_POINT('',(-3.837060042140E0,2.8E0,1.893960702906E0));
#1634=CARTESIAN_POINT('',(-3.866351734624E0,2.8E0,1.918267446501E0));
#1635=CARTESIAN_POINT('',(-3.898317362098E0,2.8E0,1.940074916361E0));
#1636=CARTESIAN_POINT('',(-3.932973004727E0,2.8E0,1.959658250363E0));
#1637=CARTESIAN_POINT('',(-3.957800997076E0,2.8E0,1.969983234521E0));
#1638=CARTESIAN_POINT('',(-3.970440574233E0,2.8E0,1.975239536846E0));
#1640=DIRECTION('',(-9.949846515251E-1,0.E0,-1.000277123076E-1));
#1641=VECTOR('',#1640,4.731260973791E-1);
#1642=CARTESIAN_POINT('',(-3.272824388335E0,2.8E0,1.527022389410E0));
#1643=LINE('',#1642,#1641);
#1644=DIRECTION('',(-8.508360670213E-2,0.E0,9.963738153276E-1));
#1645=VECTOR('',#1644,2.236676306468E-1);
#1646=CARTESIAN_POINT('',(-3.253793939617E0,2.8E0,1.304165818897E0));
#1647=LINE('',#1646,#1645);
#1648=DIRECTION('',(9.953133878966E-1,0.E0,9.670191246207E-2));
#1649=VECTOR('',#1648,6.991399792992E-1);
#1650=CARTESIAN_POINT('',(-3.949657321028E0,2.8E0,1.236557645820E0));
#1651=LINE('',#1650,#1649);
#1652=DIRECTION('',(1.079537520984E-1,0.E0,9.941559170512E-1));
#1653=VECTOR('',#1652,2.551469492948E-1);
#1654=CARTESIAN_POINT('',(-4.520631934853E0,2.8E0,5.664447848433E-1));
#1655=LINE('',#1654,#1653);
#1656=DIRECTION('',(-9.941450378719E-1,0.E0,1.080538924550E-1));
#1657=VECTOR('',#1656,1.017324586026E0);
#1658=CARTESIAN_POINT('',(-3.509263745750E0,2.8E0,4.565189034331E-1));
#1659=LINE('',#1658,#1657);
#1660=DIRECTION('',(1.079673106562E-1,0.E0,9.941544446562E-1));
#1661=VECTOR('',#1660,2.342418699686E-1);
#1662=CARTESIAN_POINT('',(-3.534554210494E0,2.8E0,2.236463072792E-1));
#1663=LINE('',#1662,#1661);
#1664=DIRECTION('',(9.941590856326E-1,0.E0,-1.079245683529E-1));
#1665=VECTOR('',#1664,1.238957397267E0);
#1666=CARTESIAN_POINT('',(-4.766274963699E0,2.8E0,3.573602495869E-1));
#1667=LINE('',#1666,#1665);
#1668=DIRECTION('',(-1.085622532686E-1,0.E0,-9.940896524787E-1));
#1669=VECTOR('',#1668,3.528970422358E-1);
#1670=CARTESIAN_POINT('',(-4.727963665622E0,2.8E0,7.081715476638E-1));
#1671=LINE('',#1670,#1669);
#1672=DIRECTION('',(-9.027359553433E-1,0.E0,-4.301950661391E-1));
#1673=VECTOR('',#1672,2.601821716437E-1);
#1674=CARTESIAN_POINT('',(-4.493087864340E0,2.8E0,8.201006342023E-1));
#1675=LINE('',#1674,#1673);
#1676=DIRECTION('',(0.E0,-1.E0,0.E0));
#1677=VECTOR('',#1676,5.E-1);
#1678=CARTESIAN_POINT('',(-2.433335346039E0,2.3E0,-2.723284839700E0));
#1679=LINE('',#1678,#1677);
#1680=DIRECTION('',(0.E0,1.E0,0.E0));
#1681=VECTOR('',#1680,5.E-1);
#1682=CARTESIAN_POINT('',(-2.928310092869E0,1.8E0,-2.928310092869E0));
#1683=LINE('',#1682,#1681);
#1684=DIRECTION('',(0.E0,1.E0,0.E0));
#1685=VECTOR('',#1684,5.E-1);
#1686=CARTESIAN_POINT('',(-2.760787931008E0,2.3E0,-2.760787931008E0));
#1687=LINE('',#1686,#1685);
#1688=DIRECTION('',(0.E0,-1.E0,0.E0));
#1689=VECTOR('',#1688,5.E-1);
#1690=CARTESIAN_POINT('',(-2.739679295100E0,2.8E0,-2.288898722093E0));
#1691=LINE('',#1690,#1689);
#1692=DIRECTION('',(0.E0,-1.E0,0.E0));
#1693=VECTOR('',#1692,5.E-1);
#1694=CARTESIAN_POINT('',(-3.562314634803E0,2.8E0,-2.341248441913E-1));
#1695=LINE('',#1694,#1693);
#1696=DIRECTION('',(0.E0,-1.E0,0.E0));
#1697=VECTOR('',#1696,5.E-1);
#1698=CARTESIAN_POINT('',(-2.639802458602E0,2.8E0,5.810782903889E-1));
#1699=LINE('',#1698,#1697);
#1700=DIRECTION('',(0.E0,1.E0,0.E0));
#1701=VECTOR('',#1700,5.E-1);
#1702=CARTESIAN_POINT('',(-3.010837467189E0,2.3E0,3.075413598713E-1));
#1703=LINE('',#1702,#1701);
#1704=DIRECTION('',(0.E0,-1.E0,0.E0));
#1705=VECTOR('',#1704,2.8E-1);
#1706=CARTESIAN_POINT('',(-2.397985600999E0,2.8E0,1.247346807188E0));
#1707=LINE('',#1706,#1705);
#1708=CARTESIAN_POINT('',(0.E0,2.52E0,0.E0));
#1709=DIRECTION('',(0.E0,-1.E0,0.E0));
#1710=DIRECTION('',(-8.708561392794E-1,0.E0,4.915379788779E-1));
#1711=AXIS2_PLACEMENT_3D('',#1708,#1709,#1710);
#1713=DIRECTION('',(9.630222149604E-3,-9.997836165614E-1,-1.843851612255E-2));
#1714=VECTOR('',#1713,2.800642219665E-1);
#1715=CARTESIAN_POINT('',(-2.356615564648E0,2.799999984520E0,1.333797914319E0));
#1716=LINE('',#1715,#1714);
#1717=CARTESIAN_POINT('',(-2.402540372950E0,2.8E0,1.249181342273E0));
#1718=CARTESIAN_POINT('',(-2.402033073655E0,2.768888893428E0,1.248979849160E0));
#1719=CARTESIAN_POINT('',(-2.401019922228E0,2.706666665112E0,1.248575553354E0));
#1720=CARTESIAN_POINT('',(-2.399501626966E0,2.613333331965E0,1.247964027933E0));
#1721=CARTESIAN_POINT('',(-2.398490473936E0,2.551111115340E0,1.247552986221E0));
#1722=CARTESIAN_POINT('',(-2.397985600999E0,2.52E0,1.247346807188E0));
#1724=CARTESIAN_POINT('',(-2.336245583749E0,1.849999999891E0,1.637243279761E0));
#1725=CARTESIAN_POINT('',(-2.324086201491E0,1.849999999891E0,1.611518985182E0));
#1726=CARTESIAN_POINT('',(-2.306673621092E0,1.850000000790E0,1.558901210847E0));
#1727=CARTESIAN_POINT('',(-2.299525556415E0,1.849999997398E0,1.475329005623E0));
#1728=CARTESIAN_POINT('',(-2.312458901546E0,1.850000009620E0,1.392469072752E0));
#1729=CARTESIAN_POINT('',(-2.333482674532E0,1.849999979289E0,1.341184244977E0));
#1730=CARTESIAN_POINT('',(-2.347397901230E0,1.849999979289E0,1.316376101035E0));
#1732=CARTESIAN_POINT('',(-2.356615564648E0,2.799999984520E0,1.333797914319E0));
#1733=CARTESIAN_POINT('',(-2.342899460507E0,2.799999984520E0,1.358027251642E0));
#1734=CARTESIAN_POINT('',(-2.321974254113E0,2.800000007185E0,1.408136787326E0));
#1735=CARTESIAN_POINT('',(-2.308404184557E0,2.799999998073E0,1.489129525532E0));
#1736=CARTESIAN_POINT('',(-2.314077873331E0,2.800000000524E0,1.571067866795E0));
#1737=CARTESIAN_POINT('',(-2.330059640898E0,2.800000000063E0,1.622966635417E0));
#1738=CARTESIAN_POINT('',(-2.341369107220E0,2.800000000063E0,1.648418631769E0));
#1740=CARTESIAN_POINT('',(-2.330865581032E0,2.300000072443E0,1.368667135846E0));
#1741=CARTESIAN_POINT('',(-2.331240311728E0,2.307471247365E0,1.368028962108E0));
#1742=CARTESIAN_POINT('',(-2.331985225419E0,2.321802057159E0,1.366772486992E0));
#1743=CARTESIAN_POINT('',(-2.333061140375E0,2.341407463275E0,1.364929701705E0));
#1744=CARTESIAN_POINT('',(-2.334105735714E0,2.359291065650E0,1.363144021377E0));
#1745=CARTESIAN_POINT('',(-2.335111652450E0,2.375552982160E0,1.361419709462E0));
#1746=CARTESIAN_POINT('',(-2.336076631746E0,2.390324651822E0,1.359763289034E0));
#1747=CARTESIAN_POINT('',(-2.336997721621E0,2.403729393898E0,1.358179553070E0));
#1748=CARTESIAN_POINT('',(-2.337873386371E0,2.415892705685E0,1.356671661305E0));
#1749=CARTESIAN_POINT('',(-2.338703484858E0,2.426939229564E0,1.355240151782E0));
#1750=CARTESIAN_POINT('',(-2.339488844750E0,2.436993711339E0,1.353883944336E0));
#1751=CARTESIAN_POINT('',(-2.340252644282E0,2.446171442270E0,1.352563243444E0));
#1752=CARTESIAN_POINT('',(-2.341010523703E0,2.454591272657E0,1.351251085437E0));
#1753=CARTESIAN_POINT('',(-2.341773788709E0,2.462374166797E0,1.349927891970E0));
#1754=CARTESIAN_POINT('',(-2.342552548423E0,2.469641841027E0,1.348576061265E0));
#1755=CARTESIAN_POINT('',(-2.343357644375E0,2.476515787445E0,1.347176625019E0));
#1756=CARTESIAN_POINT('',(-2.344202732589E0,2.483116746225E0,1.345705600475E0));
#1757=CARTESIAN_POINT('',(-2.345103210980E0,2.489563636589E0,1.344135824202E0));
#1758=CARTESIAN_POINT('',(-2.346085720974E0,2.495975032216E0,1.342420283598E0));
#1759=CARTESIAN_POINT('',(-2.347157455237E0,2.502459248953E0,1.340545616618E0));
#1760=CARTESIAN_POINT('',(-2.348403585398E0,2.508619170965E0,1.338361855451E0));
#1761=CARTESIAN_POINT('',(-2.349899357442E0,2.514012474119E0,1.335733633275E0));
#1762=CARTESIAN_POINT('',(-2.351619417114E0,2.518446762175E0,1.332705587094E0));
#1763=CARTESIAN_POINT('',(-2.353092674739E0,2.520004238046E0,1.330097029017E0));
#1764=CARTESIAN_POINT('',(-2.353918483975E0,2.519996363813E0,1.328633945647E0));
#1766=CARTESIAN_POINT('',(-2.351788260388E0,2.300000035930E0,1.324592878247E0));
#1767=CARTESIAN_POINT('',(-2.349122922813E0,2.300000035930E0,1.329324148410E0));
#1768=CARTESIAN_POINT('',(-2.344021767974E0,2.299999992892E0,1.338881667959E0));
#1769=CARTESIAN_POINT('',(-2.337028121492E0,2.299999970984E0,1.353600624841E0));
#1770=CARTESIAN_POINT('',(-2.332847478842E0,2.300000072443E0,1.363611017510E0));
#1771=CARTESIAN_POINT('',(-2.330865581032E0,2.300000072443E0,1.368667135846E0));
#1773=CARTESIAN_POINT('',(0.E0,1.85E0,0.E0));
#1774=DIRECTION('',(0.E0,-1.E0,0.E0));
#1775=DIRECTION('',(-4.891253358453E-1,0.E0,8.722135093165E-1));
#1776=AXIS2_PLACEMENT_3D('',#1773,#1774,#1775);
#1778=CARTESIAN_POINT('',(-1.8616E0,1.85E0,1.8616E0));
#1779=DIRECTION('',(0.E0,1.E0,0.E0));
#1780=DIRECTION('',(0.E0,0.E0,1.E0));
#1781=AXIS2_PLACEMENT_3D('',#1778,#1779,#1780);
#1783=CARTESIAN_POINT('',(-1.8616E0,1.85E0,1.8616E0));
#1784=DIRECTION('',(0.E0,1.E0,0.E0));
#1785=DIRECTION('',(-9.040877954537E-1,0.E0,-4.273467656501E-1));
#1786=AXIS2_PLACEMENT_3D('',#1783,#1784,#1785);
#1788=CARTESIAN_POINT('',(-1.642502028460E0,2.300000000014E0,2.338696436051E0));
#1789=CARTESIAN_POINT('',(-1.616903551888E0,2.300000000014E0,2.326940757863E0));
#1790=CARTESIAN_POINT('',(-1.564620425368E0,2.299999999965E0,2.310209159213E0));
#1791=CARTESIAN_POINT('',(-1.481818745217E0,2.300000000100E0,2.303762369420E0));
#1792=CARTESIAN_POINT('',(-1.399834776975E0,2.299999999634E0,2.317002049136E0));
#1793=CARTESIAN_POINT('',(-1.349119977393E0,2.300000000787E0,2.337976022536E0));
#1794=CARTESIAN_POINT('',(-1.324584491828E0,2.300000000787E0,2.351795026895E0));
#1796=CARTESIAN_POINT('',(-1.316385396037E0,1.849999999908E0,2.347392726806E0));
#1797=CARTESIAN_POINT('',(-1.341194754401E0,1.849999999908E0,2.333479907311E0));
#1798=CARTESIAN_POINT('',(-1.392464054213E0,1.850000000044E0,2.312460799127E0));
#1799=CARTESIAN_POINT('',(-1.475329921852E0,1.849999999985E0,2.299525844499E0));
#1800=CARTESIAN_POINT('',(-1.558900175183E0,1.850000000014E0,2.306674977986E0));
#1801=CARTESIAN_POINT('',(-1.611518753255E0,1.849999999976E0,2.324086499902E0));
#1802=CARTESIAN_POINT('',(-1.637243076022E0,1.849999999976E0,2.336245919386E0));
#1804=CARTESIAN_POINT('',(0.E0,2.3E0,0.E0));
#1805=DIRECTION('',(0.E0,-1.E0,0.E0));
#1806=DIRECTION('',(4.907395077347E-1,0.E0,8.713063385218E-1));
#1807=AXIS2_PLACEMENT_3D('',#1804,#1805,#1806);
#1809=CARTESIAN_POINT('',(1.8616E0,2.3E0,1.8616E0));
#1810=DIRECTION('',(0.E0,-1.E0,0.E0));
#1811=DIRECTION('',(0.E0,0.E0,1.E0));
#1812=AXIS2_PLACEMENT_3D('',#1809,#1810,#1811);
#1814=CARTESIAN_POINT('',(1.8616E0,2.3E0,1.8616E0));
#1815=DIRECTION('',(0.E0,-1.E0,0.E0));
#1816=DIRECTION('',(9.087552646447E-1,0.E0,-4.173294489735E-1));
#1817=AXIS2_PLACEMENT_3D('',#1814,#1815,#1816);
#1819=CARTESIAN_POINT('',(0.E0,2.3E0,0.E0));
#1820=DIRECTION('',(0.E0,-1.E0,0.E0));
#1821=DIRECTION('',(8.713063385218E-1,0.E0,-4.907395077347E-1));
#1822=AXIS2_PLACEMENT_3D('',#1819,#1820,#1821);
#1824=CARTESIAN_POINT('',(0.E0,2.3E0,0.E0));
#1825=DIRECTION('',(0.E0,1.E0,0.E0));
#1826=DIRECTION('',(9.766194815396E-1,0.E0,-2.149753201587E-1));
#1827=AXIS2_PLACEMENT_3D('',#1824,#1825,#1826);
#1829=CARTESIAN_POINT('',(2.981619277140E0,2.3E0,-6.563196524445E-1));
#1830=DIRECTION('',(0.E0,-1.E0,0.E0));
#1831=DIRECTION('',(0.E0,0.E0,1.E0));
#1832=AXIS2_PLACEMENT_3D('',#1829,#1830,#1831);
#1834=CARTESIAN_POINT('',(2.981619277140E0,2.3E0,-6.563196524445E-1));
#1835=DIRECTION('',(0.E0,-1.E0,0.E0));
#1836=DIRECTION('',(8.348054299600E-2,0.E0,9.965094073520E-1));
#1837=AXIS2_PLACEMENT_3D('',#1834,#1835,#1836);
#1839=CARTESIAN_POINT('',(3.053412544117E0,2.3E0,2.006784378783E-1));
#1840=DIRECTION('',(0.E0,1.E0,0.E0));
#1841=DIRECTION('',(0.E0,0.E0,-1.E0));
#1842=AXIS2_PLACEMENT_3D('',#1839,#1840,#1841);
#1844=CARTESIAN_POINT('',(3.053412544117E0,2.3E0,2.006784378783E-1));
#1845=DIRECTION('',(0.E0,1.E0,0.E0));
#1846=DIRECTION('',(9.978472366395E-1,0.E0,6.558118884899E-2));
#1847=AXIS2_PLACEMENT_3D('',#1844,#1845,#1846);
#1849=CARTESIAN_POINT('',(0.E0,2.3E0,0.E0));
#1850=DIRECTION('',(0.E0,1.E0,0.E0));
#1851=DIRECTION('',(7.674171694958E-1,0.E0,6.411481014267E-1));
#1852=AXIS2_PLACEMENT_3D('',#1849,#1850,#1851);
#1854=CARTESIAN_POINT('',(3.008275304423E0,2.3E0,2.513300557593E0));
#1855=DIRECTION('',(0.E0,-1.E0,0.E0));
#1856=DIRECTION('',(-7.071067811867E-1,0.E0,7.071067811864E-1));
#1857=AXIS2_PLACEMENT_3D('',#1854,#1855,#1856);
#1859=DIRECTION('',(-7.071067811865E-1,0.E0,-7.071067811866E-1));
#1860=VECTOR('',#1859,2.369121133021E-1);
#1861=CARTESIAN_POINT('',(2.928310092869E0,2.3E0,2.928310092869E0));
#1862=LINE('',#1861,#1860);
#1863=CARTESIAN_POINT('',(2.433335346039E0,2.3E0,3.423284839700E0));
#1864=DIRECTION('',(0.E0,-1.E0,0.E0));
#1865=DIRECTION('',(0.E0,0.E0,-1.E0));
#1866=AXIS2_PLACEMENT_3D('',#1863,#1864,#1865);
#1868=CARTESIAN_POINT('',(2.433335346039E0,2.3E0,3.423284839700E0));
#1869=DIRECTION('',(0.E0,-1.E0,0.E0));
#1870=DIRECTION('',(-5.793655585806E-1,0.E0,-8.150678189762E-1));
#1871=AXIS2_PLACEMENT_3D('',#1868,#1869,#1870);
#1873=CARTESIAN_POINT('',(0.E0,2.3E0,0.E0));
#1874=DIRECTION('',(0.E0,1.E0,0.E0));
#1875=DIRECTION('',(0.E0,0.E0,1.E0));
#1876=AXIS2_PLACEMENT_3D('',#1873,#1874,#1875);
#1878=CARTESIAN_POINT('',(0.E0,2.3E0,0.E0));
#1879=DIRECTION('',(0.E0,1.E0,0.E0));
#1880=DIRECTION('',(-5.793655585806E-1,0.E0,8.150678189762E-1));
#1881=AXIS2_PLACEMENT_3D('',#1878,#1879,#1880);
#1883=CARTESIAN_POINT('',(-2.433335346039E0,2.3E0,3.423284839700E0));
#1884=DIRECTION('',(0.E0,-1.E0,0.E0));
#1885=DIRECTION('',(0.E0,0.E0,-1.E0));
#1886=AXIS2_PLACEMENT_3D('',#1883,#1884,#1885);
#1888=CARTESIAN_POINT('',(-2.433335346039E0,2.3E0,3.423284839700E0));
#1889=DIRECTION('',(0.E0,-1.E0,0.E0));
#1890=DIRECTION('',(-7.071067811866E-1,0.E0,-7.071067811865E-1));
#1891=AXIS2_PLACEMENT_3D('',#1888,#1889,#1890);
#1893=DIRECTION('',(-7.071067811865E-1,0.E0,7.071067811865E-1));
#1894=VECTOR('',#1893,7.066051338387E-1);
#1895=CARTESIAN_POINT('',(-2.428664811111E0,2.3E0,2.428664811111E0));
#1896=LINE('',#1895,#1894);
#1897=CARTESIAN_POINT('',(-2.676152184526E0,2.3E0,2.181177437695E0));
#1898=DIRECTION('',(0.E0,-1.E0,0.E0));
#1899=DIRECTION('',(9.309167823154E-1,0.E0,-3.652313573662E-1));
#1900=AXIS2_PLACEMENT_3D('',#1897,#1898,#1899);
#1902=CARTESIAN_POINT('',(-1.8616E0,2.3E0,1.8616E0));
#1903=DIRECTION('',(0.E0,-1.E0,0.E0));
#1904=DIRECTION('',(0.E0,0.E0,1.E0));
#1905=AXIS2_PLACEMENT_3D('',#1902,#1903,#1904);
#1907=CARTESIAN_POINT('',(-1.8616E0,2.3E0,1.8616E0));
#1908=DIRECTION('',(0.E0,-1.E0,0.E0));
#1909=DIRECTION('',(4.173294489735E-1,0.E0,9.087552646447E-1));
#1910=AXIS2_PLACEMENT_3D('',#1907,#1908,#1909);
#1912=CARTESIAN_POINT('',(0.E0,2.3E0,0.E0));
#1913=DIRECTION('',(0.E0,-1.E0,0.E0));
#1914=DIRECTION('',(0.E0,0.E0,1.E0));
#1915=AXIS2_PLACEMENT_3D('',#1912,#1913,#1914);
#1917=CARTESIAN_POINT('',(1.637243076022E0,1.849999999976E0,2.336245919386E0));
#1918=CARTESIAN_POINT('',(1.611518768472E0,1.849999999976E0,2.324086507095E0));
#1919=CARTESIAN_POINT('',(1.558900212622E0,1.850000000014E0,2.306674984196E0));
#1920=CARTESIAN_POINT('',(1.475329907710E0,1.849999999985E0,2.299525840704E0));
#1921=CARTESIAN_POINT('',(1.392464016191E0,1.850000000044E0,2.312460810098E0));
#1922=CARTESIAN_POINT('',(1.341194738959E0,1.849999999908E0,2.333479915971E0));
#1923=CARTESIAN_POINT('',(1.316385396037E0,1.849999999908E0,2.347392726806E0));
#1925=CARTESIAN_POINT('',(1.324584491828E0,2.300000000787E0,2.351795026895E0));
#1926=CARTESIAN_POINT('',(1.349119995398E0,2.300000000787E0,2.337976012395E0));
#1927=CARTESIAN_POINT('',(1.399834821285E0,2.299999999634E0,2.317002036202E0));
#1928=CARTESIAN_POINT('',(1.481818761025E0,2.300000000100E0,2.303762373729E0));
#1929=CARTESIAN_POINT('',(1.564620381507E0,2.299999999965E0,2.310209152266E0));
#1930=CARTESIAN_POINT('',(1.616903533970E0,2.300000000014E0,2.326940749634E0));
#1931=CARTESIAN_POINT('',(1.642502028460E0,2.300000000014E0,2.338696436051E0));
#1933=CARTESIAN_POINT('',(0.E0,1.85E0,0.E0));
#1934=DIRECTION('',(0.E0,-1.E0,0.E0));
#1935=DIRECTION('',(8.722135093165E-1,0.E0,4.891253358453E-1));
#1936=AXIS2_PLACEMENT_3D('',#1933,#1934,#1935);
#1938=CARTESIAN_POINT('',(1.8616E0,1.85E0,1.8616E0));
#1939=DIRECTION('',(0.E0,1.E0,0.E0));
#1940=DIRECTION('',(0.E0,0.E0,1.E0));
#1941=AXIS2_PLACEMENT_3D('',#1938,#1939,#1940);
#1943=CARTESIAN_POINT('',(1.8616E0,1.85E0,1.8616E0));
#1944=DIRECTION('',(0.E0,1.E0,0.E0));
#1945=DIRECTION('',(-4.273467656501E-1,0.E0,9.040877954537E-1));
#1946=AXIS2_PLACEMENT_3D('',#1943,#1944,#1945);
#1948=CARTESIAN_POINT('',(2.338696436051E0,2.300000000014E0,1.642502028460E0));
#1949=CARTESIAN_POINT('',(2.326940757863E0,2.300000000014E0,1.616903551888E0));
#1950=CARTESIAN_POINT('',(2.310209159213E0,2.299999999965E0,1.564620425368E0));
#1951=CARTESIAN_POINT('',(2.303762369420E0,2.300000000100E0,1.481818745217E0));
#1952=CARTESIAN_POINT('',(2.317002049136E0,2.299999999634E0,1.399834776975E0));
#1953=CARTESIAN_POINT('',(2.337976022536E0,2.300000000787E0,1.349119977393E0));
#1954=CARTESIAN_POINT('',(2.351795026895E0,2.300000000787E0,1.324584491828E0));
#1956=CARTESIAN_POINT('',(2.347392726806E0,1.849999999908E0,1.316385396037E0));
#1957=CARTESIAN_POINT('',(2.333479908204E0,1.849999999908E0,1.341194752809E0));
#1958=CARTESIAN_POINT('',(2.312460800172E0,1.850000000044E0,1.392464050253E0));
#1959=CARTESIAN_POINT('',(2.299525844047E0,1.849999999985E0,1.475329921834E0));
#1960=CARTESIAN_POINT('',(2.306674978752E0,1.850000000014E0,1.558900179206E0));
#1961=CARTESIAN_POINT('',(2.324086500682E0,1.849999999976E0,1.611518754905E0));
#1962=CARTESIAN_POINT('',(2.336245919386E0,1.849999999976E0,1.637243076022E0));
#1964=DIRECTION('',(-5.445140035609E-3,-9.999168952677E-1,-1.168558976340E-2));
#1965=VECTOR('',#1964,4.500374002755E-1);
#1966=CARTESIAN_POINT('',(2.338696436051E0,2.300000000014E0,1.642502028460E0));
#1967=LINE('',#1966,#1965);
#1968=DIRECTION('',(0.E0,-1.E0,0.E0));
#1969=VECTOR('',#1968,4.5E-1);
#1970=CARTESIAN_POINT('',(1.8616E0,2.3E0,2.3866E0));
#1971=LINE('',#1970,#1969);
#1972=DIRECTION('',(1.168558976338E-2,9.999168952677E-1,5.445140035606E-3));
#1973=VECTOR('',#1972,4.500374002755E-1);
#1974=CARTESIAN_POINT('',(1.637243076022E0,1.849999999976E0,2.336245919386E0));
#1975=LINE('',#1974,#1973);
#1976=DIRECTION('',(0.E0,-1.E0,0.E0));
#1977=VECTOR('',#1976,2.8E-1);
#1978=CARTESIAN_POINT('',(2.397985600999E0,2.8E0,-1.247346807188E0));
#1979=LINE('',#1978,#1977);
#1980=CARTESIAN_POINT('',(0.E0,2.52E0,0.E0));
#1981=DIRECTION('',(0.E0,-1.E0,0.E0));
#1982=DIRECTION('',(8.708561392794E-1,0.E0,-4.915379788779E-1));
#1983=AXIS2_PLACEMENT_3D('',#1980,#1981,#1982);
#1985=DIRECTION('',(-9.630222149602E-3,-9.997836165614E-1,1.843851612255E-2));
#1986=VECTOR('',#1985,2.800642219666E-1);
#1987=CARTESIAN_POINT('',(2.356615564648E0,2.799999984520E0,-1.333797914319E0));
#1988=LINE('',#1987,#1986);
#1989=CARTESIAN_POINT('',(2.402540372950E0,2.8E0,-1.249181342273E0));
#1990=CARTESIAN_POINT('',(2.402033073655E0,2.768888893428E0,-1.248979849160E0));
#1991=CARTESIAN_POINT('',(2.401019922228E0,2.706666665112E0,-1.248575553354E0));
#1992=CARTESIAN_POINT('',(2.399501626966E0,2.613333331965E0,-1.247964027933E0));
#1993=CARTESIAN_POINT('',(2.398490473936E0,2.551111115340E0,-1.247552986221E0));
#1994=CARTESIAN_POINT('',(2.397985600999E0,2.52E0,-1.247346807188E0));
#1996=DIRECTION('',(0.E0,-1.E0,0.E0));
#1997=VECTOR('',#1996,5.E-1);
#1998=CARTESIAN_POINT('',(2.639802458602E0,2.8E0,-5.810782903889E-1));
#1999=LINE('',#1998,#1997);
#2000=DIRECTION('',(0.E0,-1.E0,0.E0));
#2001=VECTOR('',#2000,5.E-1);
#2002=CARTESIAN_POINT('',(2.981619277140E0,2.8E0,-3.063196524445E-1));
#2003=LINE('',#2002,#2001);
#2004=DIRECTION('',(0.E0,1.E0,0.E0));
#2005=VECTOR('',#2004,5.E-1);
#2006=CARTESIAN_POINT('',(3.010837467189E0,2.3E0,-3.075413598713E-1));
#2007=LINE('',#2006,#2005);
#2008=DIRECTION('',(0.E0,-1.E0,0.E0));
#2009=VECTOR('',#2008,5.E-1);
#2010=CARTESIAN_POINT('',(3.053412544117E0,2.8E0,-3.093215621217E-1));
#2011=LINE('',#2010,#2009);
#2012=DIRECTION('',(0.E0,-1.E0,-4.196643033083E-14));
#2013=VECTOR('',#2012,5.E-1);
#2014=CARTESIAN_POINT('',(3.562314634803E0,2.8E0,2.341248441913E-1));
#2015=LINE('',#2014,#2013);
#2016=DIRECTION('',(2.398081733190E-14,1.E0,3.019806626980E-14));
#2017=VECTOR('',#2016,5.E-1);
#2018=CARTESIAN_POINT('',(2.760787931008E0,2.3E0,2.760787931008E0));
#2019=LINE('',#2018,#2017);
#2020=DIRECTION('',(6.661338147751E-14,-1.E0,-1.021405182655E-13));
#2021=VECTOR('',#2020,5.E-1);
#2022=CARTESIAN_POINT('',(2.739679295100E0,2.8E0,2.288898722093E0));
#2023=LINE('',#2022,#2021);
#2024=DIRECTION('',(0.E0,1.E0,0.E0));
#2025=VECTOR('',#2024,5.E-1);
#2026=CARTESIAN_POINT('',(2.928310092869E0,1.8E0,2.928310092869E0));
#2027=LINE('',#2026,#2025);
#2028=DIRECTION('',(-1.421085471520E-14,-1.E0,0.E0));
#2029=VECTOR('',#2028,5.E-1);
#2030=CARTESIAN_POINT('',(2.027779455032E0,2.3E0,2.852737366417E0));
#2031=LINE('',#2030,#2029);
#2032=DIRECTION('',(0.E0,1.E0,0.E0));
#2033=VECTOR('',#2032,1.E0);
#2034=CARTESIAN_POINT('',(3.791620038243E0,1.8E0,3.259389127673E0));
#2035=LINE('',#2034,#2033);
#2036=DIRECTION('',(0.E0,-1.E0,0.E0));
#2037=VECTOR('',#2036,1.E0);
#2038=CARTESIAN_POINT('',(3.278719262151E0,2.8E0,3.278719262151E0));
#2039=LINE('',#2038,#2037);
#2040=DIRECTION('',(0.E0,1.E0,0.E0));
#2041=VECTOR('',#2040,5.E-1);
#2042=CARTESIAN_POINT('',(-2.027779455032E0,1.8E0,2.852737366417E0));
#2043=LINE('',#2042,#2041);
#2044=DIRECTION('',(0.E0,-1.E0,0.E0));
#2045=VECTOR('',#2044,5.E-1);
#2046=CARTESIAN_POINT('',(-2.928310092869E0,2.3E0,2.928310092869E0));
#2047=LINE('',#2046,#2045);
#2048=DIRECTION('',(0.E0,1.E0,-1.687538997430E-14));
#2049=VECTOR('',#2048,5.E-1);
#2050=CARTESIAN_POINT('',(-2.350331310716E0,2.3E0,2.053346462617E0));
#2051=LINE('',#2050,#2049);
#2052=DIRECTION('',(0.E0,-1.E0,1.065814103640E-14));
#2053=VECTOR('',#2052,5.E-1);
#2054=CARTESIAN_POINT('',(-2.428664811111E0,2.8E0,2.428664811111E0));
#2055=LINE('',#2054,#2053);
#2056=DIRECTION('',(0.E0,-1.E0,0.E0));
#2057=VECTOR('',#2056,4.5E-1);
#2058=CARTESIAN_POINT('',(-1.8616E0,2.3E0,2.3866E0));
#2059=LINE('',#2058,#2057);
#2060=DIRECTION('',(-5.392731066883E-3,9.999162770057E-1,1.176254354969E-2));
#2061=VECTOR('',#2060,9.500795436756E-1);
#2062=CARTESIAN_POINT('',(-2.336245583749E0,1.849999999891E0,1.637243279761E0));
#2063=LINE('',#2062,#2061);
#2064=DIRECTION('',(1.168558976338E-2,-9.999168952677E-1,-5.445140035607E-3));
#2065=VECTOR('',#2064,4.500374002755E-1);
#2066=CARTESIAN_POINT('',(-1.642502028460E0,2.300000000014E0,2.338696436051E0));
#2067=LINE('',#2066,#2065);
#2068=DIRECTION('',(0.E0,-1.E0,0.E0));
#2069=VECTOR('',#2068,1.E0);
#2070=CARTESIAN_POINT('',(-3.526206635566E0,2.8E0,3.381231888736E0));
#2071=LINE('',#2070,#2069);
#2072=DIRECTION('',(0.E0,1.E0,0.E0));
#2073=VECTOR('',#2072,1.E0);
#2074=CARTESIAN_POINT('',(-3.278719262151E0,1.8E0,3.278719262151E0));
#2075=LINE('',#2074,#2073);
#2076=DIRECTION('',(0.E0,-1.E0,0.E0));
#2077=VECTOR('',#2076,1.E0);
#2078=CARTESIAN_POINT('',(-3.791620038243E0,2.8E0,3.259389127673E0));
#2079=LINE('',#2078,#2077);
#2080=DIRECTION('',(0.E0,-1.E0,0.E0));
#2081=VECTOR('',#2080,1.E0);
#2082=CARTESIAN_POINT('',(-3.278719262151E0,2.8E0,-3.278719262151E0));
#2083=LINE('',#2082,#2081);
#2084=DIRECTION('',(0.E0,1.E0,0.E0));
#2085=VECTOR('',#2084,1.E0);
#2086=CARTESIAN_POINT('',(-3.791620038243E0,1.8E0,-3.259389127673E0));
#2087=LINE('',#2086,#2085);
#2088=DIRECTION('',(0.E0,1.E0,0.E0));
#2089=VECTOR('',#2088,3.5E-1);
#2090=CARTESIAN_POINT('',(-3.152125615887E0,2.45E0,2.772518244092E0));
#2091=LINE('',#2090,#2089);
#2092=DIRECTION('',(0.E0,-1.E0,0.E0));
#2093=VECTOR('',#2092,3.5E-1);
#2094=CARTESIAN_POINT('',(-2.857904862682E0,2.8E0,2.671356385118E0));
#2095=LINE('',#2094,#2093);
#2096=DIRECTION('',(0.E0,-1.E0,0.E0));
#2097=VECTOR('',#2096,3.5E-1);
#2098=CARTESIAN_POINT('',(-3.843732186400E0,2.8E0,2.897718564605E0));
#2099=LINE('',#2098,#2097);
#2100=DIRECTION('',(0.E0,-1.E0,0.E0));
#2101=VECTOR('',#2100,3.5E-1);
#2102=CARTESIAN_POINT('',(-3.885549093451E0,2.8E0,2.676364397939E0));
#2103=LINE('',#2102,#2101);
#2104=DIRECTION('',(0.E0,-1.E0,0.E0));
#2105=VECTOR('',#2104,3.5E-1);
#2106=CARTESIAN_POINT('',(-3.417299894733E0,2.8E0,2.593231385118E0));
#2107=LINE('',#2106,#2105);
#2108=DIRECTION('',(0.E0,-1.E0,0.E0));
#2109=VECTOR('',#2108,3.5E-1);
#2110=CARTESIAN_POINT('',(-3.333165279349E0,2.8E0,2.051614798580E0));
#2111=LINE('',#2110,#2109);
#2112=DIRECTION('',(0.E0,-1.E0,0.E0));
#2113=VECTOR('',#2112,3.499999999999E-1);
#2114=CARTESIAN_POINT('',(-2.789044686400E0,2.8E0,2.125482987682E0));
#2115=LINE('',#2114,#2113);
#2116=DIRECTION('',(9.840064284881E-1,6.823902322818E-14,-1.781329522969E-1));
#2117=VECTOR('',#2116,7.028476140907E-1);
#2118=CARTESIAN_POINT('',(-3.843732186400E0,2.45E0,2.897718564605E0));
#2119=LINE('',#2118,#2117);
#2120=DIRECTION('',(1.856306250924E-1,-3.154190529497E-14,9.826195962975E-1));
#2121=VECTOR('',#2120,2.252694404841E-1);
#2122=CARTESIAN_POINT('',(-3.885549093451E0,2.45E0,2.676364397939E0));
#2123=LINE('',#2122,#2121);
#2124=DIRECTION('',(-9.846028091266E-1,-6.723365870080E-14,1.748064880375E-1));
#2125=VECTOR('',#2124,4.755716664401E-1);
#2126=CARTESIAN_POINT('',(-3.417299894733E0,2.45E0,2.593231385118E0));
#2127=LINE('',#2126,#2125);
#2128=CARTESIAN_POINT('',(-3.333165279349E0,2.45E0,2.051614798580E0));
#2129=CARTESIAN_POINT('',(-3.343937753913E0,2.45E0,2.060180876206E0));
#2130=CARTESIAN_POINT('',(-3.365111115524E0,2.45E0,2.077017551763E0));
#2131=CARTESIAN_POINT('',(-3.393454759924E0,2.45E0,2.105291638395E0));
#2132=CARTESIAN_POINT('',(-3.418451590568E0,2.45E0,2.135154880549E0));
#2133=CARTESIAN_POINT('',(-3.439795002167E0,2.45E0,2.166945627297E0));
#2134=CARTESIAN_POINT('',(-3.457980068923E0,2.45E0,2.200217670952E0));
#2135=CARTESIAN_POINT('',(-3.472287865633E0,2.45E0,2.235465673980E0));
#2136=CARTESIAN_POINT('',(-3.483341327596E0,2.45E0,2.272262983048E0));
#2137=CARTESIAN_POINT('',(-3.490694152214E0,2.45E0,2.310440053905E0));
#2138=CARTESIAN_POINT('',(-3.494859645504E0,2.45E0,2.348817885072E0));
#2139=CARTESIAN_POINT('',(-3.494728065818E0,2.45E0,2.386734273149E0));
#2140=CARTESIAN_POINT('',(-3.491345398660E0,2.45E0,2.423656176847E0));
#2141=CARTESIAN_POINT('',(-3.484062449368E0,2.45E0,2.459683816794E0));
#2142=CARTESIAN_POINT('',(-3.472832080573E0,2.45E0,2.494668828124E0));
#2143=CARTESIAN_POINT('',(-3.458439521369E0,2.45E0,2.528897434025E0));
#2144=CARTESIAN_POINT('',(-3.439657615278E0,2.45E0,2.561885713807E0));
#2145=CARTESIAN_POINT('',(-3.424831272545E0,2.45E0,2.582672343871E0));
#2146=CARTESIAN_POINT('',(-3.417299894733E0,2.45E0,2.593231385118E0));
#2148=CARTESIAN_POINT('',(-2.789044686400E0,2.45E0,2.125482987682E0));
#2149=CARTESIAN_POINT('',(-2.797277021049E0,2.45E0,2.115209094619E0));
#2150=CARTESIAN_POINT('',(-2.813523904635E0,2.45E0,2.094933103457E0));
#2151=CARTESIAN_POINT('',(-2.841074026682E0,2.45E0,2.067858261670E0));
#2152=CARTESIAN_POINT('',(-2.870346223461E0,2.45E0,2.043929748506E0));
#2153=CARTESIAN_POINT('',(-2.901749504285E0,2.45E0,2.023543948991E0));
#2154=CARTESIAN_POINT('',(-2.934786661418E0,2.45E0,2.006169468374E0));
#2155=CARTESIAN_POINT('',(-2.969864737202E0,2.45E0,1.992276304725E0));
#2156=CARTESIAN_POINT('',(-3.006942000517E0,2.45E0,1.982144764685E0));
#2157=CARTESIAN_POINT('',(-3.045289597650E0,2.45E0,1.974952143713E0));
#2158=CARTESIAN_POINT('',(-3.084175872667E0,2.45E0,1.971038268390E0));
#2159=CARTESIAN_POINT('',(-3.122589604366E0,2.45E0,1.971419672322E0));
#2160=CARTESIAN_POINT('',(-3.160171764373E0,2.45E0,1.975096214771E0));
#2161=CARTESIAN_POINT('',(-3.196894974766E0,2.45E0,1.982571948286E0));
#2162=CARTESIAN_POINT('',(-3.232622100144E0,2.45E0,1.994210656747E0));
#2163=CARTESIAN_POINT('',(-3.267242555527E0,2.45E0,2.009664463390E0));
#2164=CARTESIAN_POINT('',(-3.301224085439E0,2.45E0,2.028414972380E0));
#2165=CARTESIAN_POINT('',(-3.322384286651E0,2.45E0,2.043784247300E0));
#2166=CARTESIAN_POINT('',(-3.333165279349E0,2.45E0,2.051614798580E0));
#2168=CARTESIAN_POINT('',(-2.857904862682E0,2.45E0,2.671356385118E0));
#2169=CARTESIAN_POINT('',(-2.848229219967E0,2.45E0,2.663526016066E0));
#2170=CARTESIAN_POINT('',(-2.829004653987E0,2.45E0,2.647967830327E0));
#2171=CARTESIAN_POINT('',(-2.803228254382E0,2.45E0,2.621604702381E0));
#2172=CARTESIAN_POINT('',(-2.780615059560E0,2.45E0,2.593033815399E0));
#2173=CARTESIAN_POINT('',(-2.760563932855E0,2.45E0,2.562704288064E0));
#2174=CARTESIAN_POINT('',(-2.744113648615E0,2.45E0,2.529810657136E0));
#2175=CARTESIAN_POINT('',(-2.730280301365E0,2.45E0,2.494981907375E0));
#2176=CARTESIAN_POINT('',(-2.719550661247E0,2.45E0,2.457995883653E0));
#2177=CARTESIAN_POINT('',(-2.711841997488E0,2.45E0,2.419476044643E0));
#2178=CARTESIAN_POINT('',(-2.707493877180E0,2.45E0,2.380256004653E0));
#2179=CARTESIAN_POINT('',(-2.707298514672E0,2.45E0,2.341248098054E0));
#2180=CARTESIAN_POINT('',(-2.710739493618E0,2.45E0,2.302978659891E0));
#2181=CARTESIAN_POINT('',(-2.718201441403E0,2.45E0,2.265478099247E0));
#2182=CARTESIAN_POINT('',(-2.730145655994E0,2.45E0,2.229032217621E0));
#2183=CARTESIAN_POINT('',(-2.745936997013E0,2.45E0,2.193507891566E0));
#2184=CARTESIAN_POINT('',(-2.765000534441E0,2.45E0,2.158402212948E0));
#2185=CARTESIAN_POINT('',(-2.780937982779E0,2.45E0,2.136582002657E0));
#2186=CARTESIAN_POINT('',(-2.789044686400E0,2.45E0,2.125482987682E0));
#2188=CARTESIAN_POINT('',(-3.152125615887E0,2.45E0,2.772518244092E0));
#2189=CARTESIAN_POINT('',(-3.141353922721E0,2.45E0,2.770623855215E0));
#2190=CARTESIAN_POINT('',(-3.120538056530E0,2.45E0,2.766963024483E0));
#2191=CARTESIAN_POINT('',(-3.090556308570E0,2.45E0,2.761267480114E0));
#2192=CARTESIAN_POINT('',(-3.063048809450E0,2.45E0,2.755409806153E0));
#2193=CARTESIAN_POINT('',(-3.037844557807E0,2.45E0,2.750067679934E0));
#2194=CARTESIAN_POINT('',(-3.015192639531E0,2.45E0,2.744230537131E0));
#2195=CARTESIAN_POINT('',(-2.994909944690E0,2.45E0,2.738724040177E0));
#2196=CARTESIAN_POINT('',(-2.976937070674E0,2.45E0,2.733610878977E0));
#2197=CARTESIAN_POINT('',(-2.956520418233E0,2.45E0,2.726231424224E0));
#2198=CARTESIAN_POINT('',(-2.932999243267E0,2.45E0,2.716568652221E0));
#2199=CARTESIAN_POINT('',(-2.906447863901E0,2.45E0,2.703304887063E0));
#2200=CARTESIAN_POINT('',(-2.881324548111E0,2.45E0,2.688320786595E0));
#2201=CARTESIAN_POINT('',(-2.865671694133E0,2.45E0,2.676982406327E0));
#2202=CARTESIAN_POINT('',(-2.857904862682E0,2.45E0,2.671356385118E0));
#2204=CARTESIAN_POINT('',(-3.195695327426E0,2.45E0,2.237912875503E0));
#2205=CARTESIAN_POINT('',(-3.186002613185E0,2.45E0,2.231142676879E0));
#2206=CARTESIAN_POINT('',(-3.167157293501E0,2.45E0,2.217979536586E0));
#2207=CARTESIAN_POINT('',(-3.135453357819E0,2.45E0,2.205742254373E0));
#2208=CARTESIAN_POINT('',(-3.102892930042E0,2.45E0,2.199603491772E0));
#2209=CARTESIAN_POINT('',(-3.070032773865E0,2.45E0,2.200895517165E0));
#2210=CARTESIAN_POINT('',(-3.038314841871E0,2.45E0,2.207709692117E0));
#2211=CARTESIAN_POINT('',(-3.009227758119E0,2.45E0,2.220386207451E0));
#2212=CARTESIAN_POINT('',(-2.983397118745E0,2.45E0,2.238751178908E0));
#2213=CARTESIAN_POINT('',(-2.969768689170E0,2.45E0,2.254782372628E0));
#2214=CARTESIAN_POINT('',(-2.962822731272E0,2.45E0,2.262952939605E0));
#2216=CARTESIAN_POINT('',(-3.230751417169E0,2.45E0,2.468031064605E0));
#2217=CARTESIAN_POINT('',(-3.237083191401E0,2.45E0,2.458826210333E0));
#2218=CARTESIAN_POINT('',(-3.249406805391E0,2.45E0,2.440910683542E0));
#2219=CARTESIAN_POINT('',(-3.260846284943E0,2.45E0,2.410518566586E0));
#2220=CARTESIAN_POINT('',(-3.265692563273E0,2.45E0,2.378960941456E0));
#2221=CARTESIAN_POINT('',(-3.263771904122E0,2.45E0,2.346785740946E0));
#2222=CARTESIAN_POINT('',(-3.255931688850E0,2.45E0,2.315423543640E0));
#2223=CARTESIAN_POINT('',(-3.241741035495E0,2.45E0,2.286173579522E0));
#2224=CARTESIAN_POINT('',(-3.221765318887E0,2.45E0,2.259619622688E0));
#2225=CARTESIAN_POINT('',(-3.204530221891E0,2.45E0,2.245269104248E0));
#2226=CARTESIAN_POINT('',(-3.195695327426E0,2.45E0,2.237912875503E0));
#2228=CARTESIAN_POINT('',(-3.003387635118E0,2.45E0,2.490316721656E0));
#2229=CARTESIAN_POINT('',(-3.012862779341E0,2.45E0,2.496845684270E0));
#2230=CARTESIAN_POINT('',(-3.031290147422E0,2.45E0,2.509543284902E0));
#2231=CARTESIAN_POINT('',(-3.061948911496E0,2.45E0,2.522379756373E0));
#2232=CARTESIAN_POINT('',(-3.093753791406E0,2.45E0,2.528442565426E0));
#2233=CARTESIAN_POINT('',(-3.125798580183E0,2.45E0,2.528102172042E0));
#2234=CARTESIAN_POINT('',(-3.156775843475E0,2.45E0,2.522080608089E0));
#2235=CARTESIAN_POINT('',(-3.185129075723E0,2.45E0,2.509776446737E0));
#2236=CARTESIAN_POINT('',(-3.210519379027E0,2.45E0,2.491919083892E0));
#2237=CARTESIAN_POINT('',(-3.223894881525E0,2.45E0,2.476126593812E0));
#2238=CARTESIAN_POINT('',(-3.230751417169E0,2.45E0,2.468031064605E0));
#2240=CARTESIAN_POINT('',(-2.962822731272E0,2.45E0,2.262952939605E0));
#2241=CARTESIAN_POINT('',(-2.957190963176E0,2.45E0,2.271431213701E0));
#2242=CARTESIAN_POINT('',(-2.946050861629E0,2.45E0,2.288201938765E0));
#2243=CARTESIAN_POINT('',(-2.935867823040E0,2.45E0,2.317052269142E0));
#2244=CARTESIAN_POINT('',(-2.932262347639E0,2.45E0,2.348023785926E0));
#2245=CARTESIAN_POINT('',(-2.934604975239E0,2.45E0,2.380191805053E0));
#2246=CARTESIAN_POINT('',(-2.942648361814E0,2.45E0,2.412059199357E0));
#2247=CARTESIAN_POINT('',(-2.956983044691E0,2.45E0,2.441652835951E0));
#2248=CARTESIAN_POINT('',(-2.977144994844E0,2.45E0,2.468447405610E0));
#2249=CARTESIAN_POINT('',(-2.994464970913E0,2.45E0,2.482881015438E0));
#2250=CARTESIAN_POINT('',(-3.003387635118E0,2.45E0,2.490316721656E0));
#2252=DIRECTION('',(0.E0,-1.E0,0.E0));
#2253=VECTOR('',#2252,3.5E-1);
#2254=CARTESIAN_POINT('',(-2.962822731272E0,2.8E0,2.262952939605E0));
#2255=LINE('',#2254,#2253);
#2256=CARTESIAN_POINT('',(-2.962822731272E0,2.8E0,2.262952939605E0));
#2257=CARTESIAN_POINT('',(-2.969768689170E0,2.8E0,2.254782372628E0));
#2258=CARTESIAN_POINT('',(-2.983397118745E0,2.8E0,2.238751178908E0));
#2259=CARTESIAN_POINT('',(-3.009227758119E0,2.8E0,2.220386207451E0));
#2260=CARTESIAN_POINT('',(-3.038314841871E0,2.8E0,2.207709692117E0));
#2261=CARTESIAN_POINT('',(-3.070032773865E0,2.8E0,2.200895517165E0));
#2262=CARTESIAN_POINT('',(-3.102892930042E0,2.8E0,2.199603491772E0));
#2263=CARTESIAN_POINT('',(-3.135453357819E0,2.8E0,2.205742254373E0));
#2264=CARTESIAN_POINT('',(-3.167157293501E0,2.8E0,2.217979536586E0));
#2265=CARTESIAN_POINT('',(-3.186002613185E0,2.8E0,2.231142676879E0));
#2266=CARTESIAN_POINT('',(-3.195695327426E0,2.8E0,2.237912875503E0));
#2268=CARTESIAN_POINT('',(-3.003387635118E0,2.8E0,2.490316721656E0));
#2269=CARTESIAN_POINT('',(-2.994464970913E0,2.8E0,2.482881015438E0));
#2270=CARTESIAN_POINT('',(-2.977144994844E0,2.8E0,2.468447405610E0));
#2271=CARTESIAN_POINT('',(-2.956983044691E0,2.8E0,2.441652835951E0));
#2272=CARTESIAN_POINT('',(-2.942648361814E0,2.8E0,2.412059199357E0));
#2273=CARTESIAN_POINT('',(-2.934604975239E0,2.8E0,2.380191805053E0));
#2274=CARTESIAN_POINT('',(-2.932262347639E0,2.8E0,2.348023785926E0));
#2275=CARTESIAN_POINT('',(-2.935867823040E0,2.8E0,2.317052269142E0));
#2276=CARTESIAN_POINT('',(-2.946050861629E0,2.8E0,2.288201938765E0));
#2277=CARTESIAN_POINT('',(-2.957190963176E0,2.8E0,2.271431213701E0));
#2278=CARTESIAN_POINT('',(-2.962822731272E0,2.8E0,2.262952939605E0));
#2280=CARTESIAN_POINT('',(-3.230751417169E0,2.8E0,2.468031064605E0));
#2281=CARTESIAN_POINT('',(-3.223894881525E0,2.8E0,2.476126593812E0));
#2282=CARTESIAN_POINT('',(-3.210519379027E0,2.8E0,2.491919083892E0));
#2283=CARTESIAN_POINT('',(-3.185129075723E0,2.8E0,2.509776446737E0));
#2284=CARTESIAN_POINT('',(-3.156775843475E0,2.8E0,2.522080608089E0));
#2285=CARTESIAN_POINT('',(-3.125798580183E0,2.8E0,2.528102172042E0));
#2286=CARTESIAN_POINT('',(-3.093753791406E0,2.8E0,2.528442565426E0));
#2287=CARTESIAN_POINT('',(-3.061948911496E0,2.8E0,2.522379756373E0));
#2288=CARTESIAN_POINT('',(-3.031290147422E0,2.8E0,2.509543284902E0));
#2289=CARTESIAN_POINT('',(-3.012862779341E0,2.8E0,2.496845684270E0));
#2290=CARTESIAN_POINT('',(-3.003387635118E0,2.8E0,2.490316721656E0));
#2292=CARTESIAN_POINT('',(-3.195695327426E0,2.8E0,2.237912875503E0));
#2293=CARTESIAN_POINT('',(-3.204530221891E0,2.8E0,2.245269104248E0));
#2294=CARTESIAN_POINT('',(-3.221765318887E0,2.8E0,2.259619622688E0));
#2295=CARTESIAN_POINT('',(-3.241741035495E0,2.8E0,2.286173579522E0));
#2296=CARTESIAN_POINT('',(-3.255931688850E0,2.8E0,2.315423543640E0));
#2297=CARTESIAN_POINT('',(-3.263771904122E0,2.8E0,2.346785740946E0));
#2298=CARTESIAN_POINT('',(-3.265692563273E0,2.8E0,2.378960941456E0));
#2299=CARTESIAN_POINT('',(-3.260846284943E0,2.8E0,2.410518566586E0));
#2300=CARTESIAN_POINT('',(-3.249406805391E0,2.8E0,2.440910683542E0));
#2301=CARTESIAN_POINT('',(-3.237083191401E0,2.8E0,2.458826210333E0));
#2302=CARTESIAN_POINT('',(-3.230751417169E0,2.8E0,2.468031064605E0));
#2304=DIRECTION('',(0.E0,-1.E0,0.E0));
#2305=VECTOR('',#2304,3.5E-1);
#2306=CARTESIAN_POINT('',(-3.003387635118E0,2.8E0,2.490316721656E0));
#2307=LINE('',#2306,#2305);
#2308=DIRECTION('',(0.E0,-1.E0,0.E0));
#2309=VECTOR('',#2308,3.5E-1);
#2310=CARTESIAN_POINT('',(-3.230751417169E0,2.8E0,2.468031064605E0));
#2311=LINE('',#2310,#2309);
#2312=DIRECTION('',(0.E0,-1.E0,0.E0));
#2313=VECTOR('',#2312,3.5E-1);
#2314=CARTESIAN_POINT('',(-3.195695327426E0,2.8E0,2.237912875503E0));
#2315=LINE('',#2314,#2313);
#2316=DIRECTION('',(0.E0,1.E0,0.E0));
#2317=VECTOR('',#2316,3.5E-1);
#2318=CARTESIAN_POINT('',(-3.949657321028E0,2.45E0,1.236557645820E0));
#2319=LINE('',#2318,#2317);
#2320=DIRECTION('',(0.E0,-1.E0,0.E0));
#2321=VECTOR('',#2320,3.499999999999E-1);
#2322=CARTESIAN_POINT('',(-4.257149308207E0,2.8E0,1.253584889410E0));
#2323=LINE('',#2322,#2321);
#2324=DIRECTION('',(0.E0,-1.E0,0.E0));
#2325=VECTOR('',#2324,3.500000000001E-1);
#2326=CARTESIAN_POINT('',(-3.253793939617E0,2.8E0,1.304165818897E0));
#2327=LINE('',#2326,#2325);
#2328=DIRECTION('',(0.E0,-1.E0,0.E0));
#2329=VECTOR('',#2328,3.500000000001E-1);
#2330=CARTESIAN_POINT('',(-3.272824388335E0,2.8E0,1.527022389410E0));
#2331=LINE('',#2330,#2329);
#2332=DIRECTION('',(0.E0,-1.E0,0.E0));
#2333=VECTOR('',#2332,3.5E-1);
#2334=CARTESIAN_POINT('',(-3.743577593463E0,2.8E0,1.479696668256E0));
#2335=LINE('',#2334,#2333);
#2336=DIRECTION('',(0.E0,-1.E0,0.E0));
#2337=VECTOR('',#2336,3.499999999999E-1);
#2338=CARTESIAN_POINT('',(-3.970440574233E0,2.8E0,1.975239536846E0));
#2339=LINE('',#2338,#2337);
#2340=DIRECTION('',(0.E0,-1.E0,0.E0));
#2341=VECTOR('',#2340,3.499999999999E-1);
#2342=CARTESIAN_POINT('',(-4.471993058207E0,2.8E0,1.757641379795E0));
#2343=LINE('',#2342,#2341);
#2344=DIRECTION('',(-9.953133878966E-1,1.816653571212E-13,-9.670191246207E-2));
#2345=VECTOR('',#2344,6.991399792992E-1);
#2346=CARTESIAN_POINT('',(-3.253793939617E0,2.45E0,1.304165818897E0));
#2347=LINE('',#2346,#2345);
#2348=DIRECTION('',(8.508360670213E-2,-7.346302510085E-14,-9.963738153276E-1));
#2349=VECTOR('',#2348,2.236676306468E-1);
#2350=CARTESIAN_POINT('',(-3.272824388335E0,2.45E0,1.527022389410E0));
#2351=LINE('',#2350,#2349);
#2352=DIRECTION('',(9.949846515251E-1,-1.811551254007E-13,1.000277123076E-1));
#2353=VECTOR('',#2352,4.731260973791E-1);
#2354=CARTESIAN_POINT('',(-3.743577593463E0,2.45E0,1.479696668256E0));
#2355=LINE('',#2354,#2353);
#2356=CARTESIAN_POINT('',(-3.970440574233E0,2.45E0,1.975239536846E0));
#2357=CARTESIAN_POINT('',(-3.957800997076E0,2.45E0,1.969983234521E0));
#2358=CARTESIAN_POINT('',(-3.932973004727E0,2.45E0,1.959658250363E0));
#2359=CARTESIAN_POINT('',(-3.898317362098E0,2.45E0,1.940074916361E0));
#2360=CARTESIAN_POINT('',(-3.866351734624E0,2.45E0,1.918267446501E0));
#2361=CARTESIAN_POINT('',(-3.837060042140E0,2.45E0,1.893960702906E0));
#2362=CARTESIAN_POINT('',(-3.810979390946E0,2.45E0,1.866677487246E0));
#2363=CARTESIAN_POINT('',(-3.787530298292E0,2.45E0,1.837080777957E0));
#2364=CARTESIAN_POINT('',(-3.767215429225E0,2.45E0,1.804767823821E0));
#2365=CARTESIAN_POINT('',(-3.749807207835E0,2.45E0,1.770391545855E0));
#2366=CARTESIAN_POINT('',(-3.735590516594E0,2.45E0,1.734720458486E0));
#2367=CARTESIAN_POINT('',(-3.725244360267E0,2.45E0,1.698380907232E0));
#2368=CARTESIAN_POINT('',(-3.718690750725E0,2.45E0,1.661974714156E0));
#2369=CARTESIAN_POINT('',(-3.715903414303E0,2.45E0,1.625475599026E0));
#2370=CARTESIAN_POINT('',(-3.716921469860E0,2.45E0,1.588972244095E0));
#2371=CARTESIAN_POINT('',(-3.721722495133E0,2.45E0,1.552383020345E0));
#2372=CARTESIAN_POINT('',(-3.730455804613E0,2.45E0,1.515697662365E0));
#2373=CARTESIAN_POINT('',(-3.739163739214E0,2.45E0,1.491806537012E0));
#2374=CARTESIAN_POINT('',(-3.743577593463E0,2.45E0,1.479696668256E0));
#2376=CARTESIAN_POINT('',(-4.471993058207E0,2.45E0,1.757641379795E0));
#2377=CARTESIAN_POINT('',(-4.466878768256E0,2.45E0,1.769685242398E0));
#2378=CARTESIAN_POINT('',(-4.456780085916E0,2.45E0,1.793467066220E0));
#2379=CARTESIAN_POINT('',(-4.437862148005E0,2.45E0,1.826849062654E0));
#2380=CARTESIAN_POINT('',(-4.416252548681E0,2.45E0,1.857496621821E0));
#2381=CARTESIAN_POINT('',(-4.392051594216E0,2.45E0,1.885649150894E0));
#2382=CARTESIAN_POINT('',(-4.364843023597E0,2.45E0,1.910853021878E0));
#2383=CARTESIAN_POINT('',(-4.335185388924E0,2.45E0,1.933936626403E0));
#2384=CARTESIAN_POINT('',(-4.302492583160E0,2.45E0,1.953847720410E0));
#2385=CARTESIAN_POINT('',(-4.267633681924E0,2.45E0,1.971034949070E0));
#2386=CARTESIAN_POINT('',(-4.231347010203E0,2.45E0,1.984986466278E0));
#2387=CARTESIAN_POINT('',(-4.194453862404E0,2.45E0,1.995288977241E0));
#2388=CARTESIAN_POINT('',(-4.157404985621E0,2.45E0,2.001949929308E0));
#2389=CARTESIAN_POINT('',(-4.120119212101E0,2.45E0,2.004486113488E0));
#2390=CARTESIAN_POINT('',(-4.082718593093E0,2.45E0,2.002812318342E0));
#2391=CARTESIAN_POINT('',(-4.045130963634E0,2.45E0,1.997853293306E0));
#2392=CARTESIAN_POINT('',(-4.007399335164E0,2.45E0,1.988908631911E0));
#2393=CARTESIAN_POINT('',(-3.982877622778E0,2.45E0,1.979839344702E0));
#2394=CARTESIAN_POINT('',(-3.970440574233E0,2.45E0,1.975239536846E0));
#2396=CARTESIAN_POINT('',(-4.257149308207E0,2.45E0,1.253584889410E0));
#2397=CARTESIAN_POINT('',(-4.268617279182E0,2.45E0,1.258435969533E0));
#2398=CARTESIAN_POINT('',(-4.291355628570E0,2.45E0,1.268054545913E0));
#2399=CARTESIAN_POINT('',(-4.323191128197E0,2.45E0,1.286612115214E0));
#2400=CARTESIAN_POINT('',(-4.352898410202E0,2.45E0,1.307688137097E0));
#2401=CARTESIAN_POINT('',(-4.380326212214E0,2.45E0,1.331521840126E0));
#2402=CARTESIAN_POINT('',(-4.405270173913E0,2.45E0,1.358399435977E0));
#2403=CARTESIAN_POINT('',(-4.428101861976E0,2.45E0,1.387914120205E0));
#2404=CARTESIAN_POINT('',(-4.448425896485E0,2.45E0,1.420519171362E0));
#2405=CARTESIAN_POINT('',(-4.466298013711E0,2.45E0,1.455409813058E0));
#2406=CARTESIAN_POINT('',(-4.480874310925E0,2.45E0,1.491894462668E0));
#2407=CARTESIAN_POINT('',(-4.492235693656E0,2.45E0,1.528927721369E0));
#2408=CARTESIAN_POINT('',(-4.498915690465E0,2.45E0,1.566424307198E0));
#2409=CARTESIAN_POINT('',(-4.501718415149E0,2.45E0,1.604269212578E0));
#2410=CARTESIAN_POINT('',(-4.500457927329E0,2.45E0,1.642383487054E0));
#2411=CARTESIAN_POINT('',(-4.495044065550E0,2.45E0,1.680778901549E0));
#2412=CARTESIAN_POINT('',(-4.485886470892E0,2.45E0,1.719498908669E0));
#2413=CARTESIAN_POINT('',(-4.476675923206E0,2.45E0,1.744785212124E0));
#2414=CARTESIAN_POINT('',(-4.471993058207E0,2.45E0,1.757641379795E0));
#2416=CARTESIAN_POINT('',(-3.949657321028E0,2.45E0,1.236557645820E0));
#2417=CARTESIAN_POINT('',(-3.960504031014E0,2.45E0,1.235430417765E0));
#2418=CARTESIAN_POINT('',(-3.981347932018E0,2.45E0,1.233264246638E0));
#2419=CARTESIAN_POINT('',(-4.011494903914E0,2.45E0,1.230811974856E0));
#2420=CARTESIAN_POINT('',(-4.039289830266E0,2.45E0,1.228809719736E0));
#2421=CARTESIAN_POINT('',(-4.064825463897E0,2.45E0,1.227183685200E0));
#2422=CARTESIAN_POINT('',(-4.088040841495E0,2.45E0,1.226527443080E0));
#2423=CARTESIAN_POINT('',(-4.108914118904E0,2.45E0,1.226130137981E0));
#2424=CARTESIAN_POINT('',(-4.127372115812E0,2.45E0,1.226662619346E0));
#2425=CARTESIAN_POINT('',(-4.148783672346E0,2.45E0,1.227965219926E0));
#2426=CARTESIAN_POINT('',(-4.173605012009E0,2.45E0,1.230887320182E0));
#2427=CARTESIAN_POINT('',(-4.202246726938E0,2.45E0,1.236545350077E0));
#2428=CARTESIAN_POINT('',(-4.230249271758E0,2.45E0,1.243554746136E0));
#2429=CARTESIAN_POINT('',(-4.248188775401E0,2.45E0,1.250243799965E0));
#2430=CARTESIAN_POINT('',(-4.257149308207E0,2.45E0,1.253584889410E0));
#2432=CARTESIAN_POINT('',(-4.052822385130E0,2.45E0,1.759644584923E0));
#2433=CARTESIAN_POINT('',(-4.063810740448E0,2.45E0,1.763457349356E0));
#2434=CARTESIAN_POINT('',(-4.085135794932E0,2.45E0,1.770856765094E0));
#2435=CARTESIAN_POINT('',(-4.118513845444E0,2.45E0,1.773873829826E0));
#2436=CARTESIAN_POINT('',(-4.151240224418E0,2.45E0,1.771054029348E0));
#2437=CARTESIAN_POINT('',(-4.182498915918E0,2.45E0,1.761053253504E0));
#2438=CARTESIAN_POINT('',(-4.211282541539E0,2.45E0,1.746162521981E0));
#2439=CARTESIAN_POINT('',(-4.235401180045E0,2.45E0,1.725810628532E0));
#2440=CARTESIAN_POINT('',(-4.255576135038E0,2.45E0,1.701740369274E0));
#2441=CARTESIAN_POINT('',(-4.264088185384E0,2.45E0,1.682693187281E0));
#2442=CARTESIAN_POINT('',(-4.268417337053E0,2.45E0,1.673005963128E0));
#2444=CARTESIAN_POINT('',(-3.955917337053E0,2.45E0,1.548807245179E0));
#2445=CARTESIAN_POINT('',(-3.952387905601E0,2.45E0,1.559301666358E0));
#2446=CARTESIAN_POINT('',(-3.945483815748E0,2.45E0,1.579830306095E0));
#2447=CARTESIAN_POINT('',(-3.942762092232E0,2.45E0,1.611997309129E0));
#2448=CARTESIAN_POINT('',(-3.946908510739E0,2.45E0,1.643550744304E0));
#2449=CARTESIAN_POINT('',(-3.957593678578E0,2.45E0,1.673756639446E0));
#2450=CARTESIAN_POINT('',(-3.973587293293E0,2.45E0,1.701832153201E0));
#2451=CARTESIAN_POINT('',(-3.995533279004E0,2.45E0,1.725723300403E0));
#2452=CARTESIAN_POINT('',(-4.021914771526E0,2.45E0,1.745799806170E0));
#2453=CARTESIAN_POINT('',(-4.042334078917E0,2.45E0,1.754946445465E0));
#2454=CARTESIAN_POINT('',(-4.052822385130E0,2.45E0,1.759644584923E0));
#2456=CARTESIAN_POINT('',(-4.167505878720E0,2.45E0,1.465924633E0));
#2457=CARTESIAN_POINT('',(-4.156766714819E0,2.45E0,1.462129507906E0));
#2458=CARTESIAN_POINT('',(-4.135860924401E0,2.45E0,1.454741587343E0));
#2459=CARTESIAN_POINT('',(-4.103185638362E0,2.45E0,1.451501657687E0));
#2460=CARTESIAN_POINT('',(-4.071159879555E0,2.45E0,1.453773249175E0));
#2461=CARTESIAN_POINT('',(-4.040613626603E0,2.45E0,1.463081442146E0));
#2462=CARTESIAN_POINT('',(-4.012282437008E0,2.45E0,1.476943911291E0));
#2463=CARTESIAN_POINT('',(-3.988262605130E0,2.45E0,1.496425516014E0));
#2464=CARTESIAN_POINT('',(-3.968831989151E0,2.45E0,1.520496702814E0));
#2465=CARTESIAN_POINT('',(-3.960284968457E0,2.45E0,1.539232847590E0));
#2466=CARTESIAN_POINT('',(-3.955917337053E0,2.45E0,1.548807245179E0));
#2468=CARTESIAN_POINT('',(-4.268417337053E0,2.45E0,1.673005963128E0));
#2469=CARTESIAN_POINT('',(-4.271604850676E0,2.45E0,1.663337323505E0));
#2470=CARTESIAN_POINT('',(-4.277893508993E0,2.45E0,1.644262025898E0));
#2471=CARTESIAN_POINT('',(-4.279747699385E0,2.45E0,1.613830287912E0));
#2472=CARTESIAN_POINT('',(-4.275012726679E0,2.45E0,1.583173821028E0));
#2473=CARTESIAN_POINT('',(-4.263935337088E0,2.45E0,1.552971323392E0));
#2474=CARTESIAN_POINT('',(-4.247468244391E0,2.45E0,1.524568743746E0));
#2475=CARTESIAN_POINT('',(-4.225388056033E0,2.45E0,1.500106713687E0));
#2476=CARTESIAN_POINT('',(-4.198715811372E0,2.45E0,1.479752510693E0));
#2477=CARTESIAN_POINT('',(-4.178082459343E0,2.45E0,1.470610694482E0));
#2478=CARTESIAN_POINT('',(-4.167505878720E0,2.45E0,1.465924633E0));
#2480=DIRECTION('',(0.E0,-1.E0,0.E0));
#2481=VECTOR('',#2480,3.499999999999E-1);
#2482=CARTESIAN_POINT('',(-4.268417337053E0,2.8E0,1.673005963128E0));
#2483=LINE('',#2482,#2481);
#2484=CARTESIAN_POINT('',(-4.268417337053E0,2.8E0,1.673005963128E0));
#2485=CARTESIAN_POINT('',(-4.264088185384E0,2.8E0,1.682693187281E0));
#2486=CARTESIAN_POINT('',(-4.255576135038E0,2.8E0,1.701740369274E0));
#2487=CARTESIAN_POINT('',(-4.235401180045E0,2.8E0,1.725810628532E0));
#2488=CARTESIAN_POINT('',(-4.211282541539E0,2.8E0,1.746162521981E0));
#2489=CARTESIAN_POINT('',(-4.182498915918E0,2.8E0,1.761053253504E0));
#2490=CARTESIAN_POINT('',(-4.151240224418E0,2.8E0,1.771054029348E0));
#2491=CARTESIAN_POINT('',(-4.118513845444E0,2.8E0,1.773873829826E0));
#2492=CARTESIAN_POINT('',(-4.085135794932E0,2.8E0,1.770856765094E0));
#2493=CARTESIAN_POINT('',(-4.063810740448E0,2.8E0,1.763457349356E0));
#2494=CARTESIAN_POINT('',(-4.052822385130E0,2.8E0,1.759644584923E0));
#2496=CARTESIAN_POINT('',(-4.167505878720E0,2.8E0,1.465924633E0));
#2497=CARTESIAN_POINT('',(-4.178082459343E0,2.8E0,1.470610694482E0));
#2498=CARTESIAN_POINT('',(-4.198715811372E0,2.8E0,1.479752510693E0));
#2499=CARTESIAN_POINT('',(-4.225388056033E0,2.8E0,1.500106713687E0));
#2500=CARTESIAN_POINT('',(-4.247468244391E0,2.8E0,1.524568743746E0));
#2501=CARTESIAN_POINT('',(-4.263935337088E0,2.8E0,1.552971323392E0));
#2502=CARTESIAN_POINT('',(-4.275012726679E0,2.8E0,1.583173821028E0));
#2503=CARTESIAN_POINT('',(-4.279747699385E0,2.8E0,1.613830287912E0));
#2504=CARTESIAN_POINT('',(-4.277893508993E0,2.8E0,1.644262025898E0));
#2505=CARTESIAN_POINT('',(-4.271604850676E0,2.8E0,1.663337323505E0));
#2506=CARTESIAN_POINT('',(-4.268417337053E0,2.8E0,1.673005963128E0));
#2508=CARTESIAN_POINT('',(-3.955917337053E0,2.8E0,1.548807245179E0));
#2509=CARTESIAN_POINT('',(-3.960284968457E0,2.8E0,1.539232847590E0));
#2510=CARTESIAN_POINT('',(-3.968831989151E0,2.8E0,1.520496702814E0));
#2511=CARTESIAN_POINT('',(-3.988262605130E0,2.8E0,1.496425516014E0));
#2512=CARTESIAN_POINT('',(-4.012282437008E0,2.8E0,1.476943911291E0));
#2513=CARTESIAN_POINT('',(-4.040613626603E0,2.8E0,1.463081442146E0));
#2514=CARTESIAN_POINT('',(-4.071159879555E0,2.8E0,1.453773249175E0));
#2515=CARTESIAN_POINT('',(-4.103185638362E0,2.8E0,1.451501657687E0));
#2516=CARTESIAN_POINT('',(-4.135860924401E0,2.8E0,1.454741587343E0));
#2517=CARTESIAN_POINT('',(-4.156766714819E0,2.8E0,1.462129507906E0));
#2518=CARTESIAN_POINT('',(-4.167505878720E0,2.8E0,1.465924633E0));
#2520=CARTESIAN_POINT('',(-4.052822385130E0,2.8E0,1.759644584923E0));
#2521=CARTESIAN_POINT('',(-4.042334078917E0,2.8E0,1.754946445465E0));
#2522=CARTESIAN_POINT('',(-4.021914771526E0,2.8E0,1.745799806170E0));
#2523=CARTESIAN_POINT('',(-3.995533279004E0,2.8E0,1.725723300403E0));
#2524=CARTESIAN_POINT('',(-3.973587293293E0,2.8E0,1.701832153201E0));
#2525=CARTESIAN_POINT('',(-3.957593678578E0,2.8E0,1.673756639446E0));
#2526=CARTESIAN_POINT('',(-3.946908510739E0,2.8E0,1.643550744304E0));
#2527=CARTESIAN_POINT('',(-3.942762092232E0,2.8E0,1.611997309129E0));
#2528=CARTESIAN_POINT('',(-3.945483815748E0,2.8E0,1.579830306095E0));
#2529=CARTESIAN_POINT('',(-3.952387905601E0,2.8E0,1.559301666358E0));
#2530=CARTESIAN_POINT('',(-3.955917337053E0,2.8E0,1.548807245179E0));
#2532=DIRECTION('',(0.E0,-1.E0,0.E0));
#2533=VECTOR('',#2532,3.499999999999E-1);
#2534=CARTESIAN_POINT('',(-4.167505878720E0,2.8E0,1.465924633E0));
#2535=LINE('',#2534,#2533);
#2536=DIRECTION('',(0.E0,-1.E0,0.E0));
#2537=VECTOR('',#2536,3.5E-1);
#2538=CARTESIAN_POINT('',(-3.955917337053E0,2.8E0,1.548807245179E0));
#2539=LINE('',#2538,#2537);
#2540=DIRECTION('',(0.E0,-1.E0,0.E0));
#2541=VECTOR('',#2540,3.499999999999E-1);
#2542=CARTESIAN_POINT('',(-4.052822385130E0,2.8E0,1.759644584923E0));
#2543=LINE('',#2542,#2541);
#2544=DIRECTION('',(0.E0,-1.E0,0.E0));
#2545=VECTOR('',#2544,3.5E-1);
#2546=CARTESIAN_POINT('',(-4.520631934853E0,2.8E0,5.664447848433E-1));
#2547=LINE('',#2546,#2545);
#2548=DIRECTION('',(0.E0,-1.E0,0.E0));
#2549=VECTOR('',#2548,3.5E-1);
#2550=CARTESIAN_POINT('',(-4.493087864340E0,2.8E0,8.201006342023E-1));
#2551=LINE('',#2550,#2549);
#2552=DIRECTION('',(0.E0,-1.E0,0.E0));
#2553=VECTOR('',#2552,3.5E-1);
#2554=CARTESIAN_POINT('',(-4.727963665622E0,2.8E0,7.081715476638E-1));
#2555=LINE('',#2554,#2553);
#2556=DIRECTION('',(0.E0,-1.E0,0.E0));
#2557=VECTOR('',#2556,3.5E-1);
#2558=CARTESIAN_POINT('',(-4.766274963699E0,2.8E0,3.573602495869E-1));
#2559=LINE('',#2558,#2557);
#2560=DIRECTION('',(0.E0,-1.E0,0.E0));
#2561=VECTOR('',#2560,3.5E-1);
#2562=CARTESIAN_POINT('',(-3.534554210494E0,2.8E0,2.236463072792E-1));
#2563=LINE('',#2562,#2561);
#2564=DIRECTION('',(0.E0,-1.E0,0.E0));
#2565=VECTOR('',#2564,3.5E-1);
#2566=CARTESIAN_POINT('',(-3.509263745750E0,2.8E0,4.565189034331E-1));
#2567=LINE('',#2566,#2565);
#2568=DIRECTION('',(9.027359553433E-1,0.E0,4.301950661391E-1));
#2569=VECTOR('',#2568,2.601821716437E-1);
#2570=CARTESIAN_POINT('',(-4.727963665622E0,2.45E0,7.081715476638E-1));
#2571=LINE('',#2570,#2569);
#2572=DIRECTION('',(1.085622532686E-1,0.E0,9.940896524787E-1));
#2573=VECTOR('',#2572,3.528970422358E-1);
#2574=CARTESIAN_POINT('',(-4.766274963699E0,2.45E0,3.573602495869E-1));
#2575=LINE('',#2574,#2573);
#2576=DIRECTION('',(-9.941590856326E-1,0.E0,1.079245683529E-1));
#2577=VECTOR('',#2576,1.238957397267E0);
#2578=CARTESIAN_POINT('',(-3.534554210494E0,2.45E0,2.236463072792E-1));
#2579=LINE('',#2578,#2577);
#2580=DIRECTION('',(-1.079673106562E-1,0.E0,-9.941544446562E-1));
#2581=VECTOR('',#2580,2.342418699686E-1);
#2582=CARTESIAN_POINT('',(-3.509263745750E0,2.45E0,4.565189034331E-1));
#2583=LINE('',#2582,#2581);
#2584=DIRECTION('',(9.941450378719E-1,0.E0,-1.080538924550E-1));
#2585=VECTOR('',#2584,1.017324586026E0);
#2586=CARTESIAN_POINT('',(-4.520631934853E0,2.45E0,5.664447848433E-1));
#2587=LINE('',#2586,#2585);
#2588=DIRECTION('',(-1.079537520984E-1,0.E0,-9.941559170512E-1));
#2589=VECTOR('',#2588,2.551469492948E-1);
#2590=CARTESIAN_POINT('',(-4.493087864340E0,2.45E0,8.201006342023E-1));
#2591=LINE('',#2590,#2589);
#2592=DIRECTION('',(0.E0,1.E0,0.E0));
#2593=VECTOR('',#2592,1.E0);
#2594=CARTESIAN_POINT('',(3.278719262151E0,1.8E0,-3.278719262151E0));
#2595=LINE('',#2594,#2593);
#2596=DIRECTION('',(0.E0,1.E0,0.E0));
#2597=VECTOR('',#2596,1.E0);
#2598=CARTESIAN_POINT('',(3.526206635566E0,1.8E0,-3.381231888736E0));
#2599=LINE('',#2598,#2597);
#2600=DIRECTION('',(0.E0,-1.E0,0.E0));
#2601=VECTOR('',#2600,1.E0);
#2602=CARTESIAN_POINT('',(3.791620038243E0,2.8E0,-3.259389127673E0));
#2603=LINE('',#2602,#2601);
#2604=CARTESIAN_POINT('',(-2.338696436051E0,2.300000000014E0,
-1.642502028460E0));
#2605=CARTESIAN_POINT('',(-2.326940757863E0,2.300000000014E0,
-1.616903551888E0));
#2606=CARTESIAN_POINT('',(-2.310209159213E0,2.299999999965E0,
-1.564620425368E0));
#2607=CARTESIAN_POINT('',(-2.303762369420E0,2.300000000100E0,
-1.481818745217E0));
#2608=CARTESIAN_POINT('',(-2.317002049136E0,2.299999999634E0,
-1.399834776975E0));
#2609=CARTESIAN_POINT('',(-2.337976022536E0,2.300000000787E0,
-1.349119977393E0));
#2610=CARTESIAN_POINT('',(-2.351795026895E0,2.300000000787E0,
-1.324584491828E0));
#2612=CARTESIAN_POINT('',(-2.347392726806E0,1.849999999908E0,
-1.316385396037E0));
#2613=CARTESIAN_POINT('',(-2.333479908204E0,1.849999999908E0,
-1.341194752809E0));
#2614=CARTESIAN_POINT('',(-2.312460800172E0,1.850000000044E0,
-1.392464050253E0));
#2615=CARTESIAN_POINT('',(-2.299525844047E0,1.849999999985E0,
-1.475329921834E0));
#2616=CARTESIAN_POINT('',(-2.306674978752E0,1.850000000014E0,
-1.558900179206E0));
#2617=CARTESIAN_POINT('',(-2.324086500682E0,1.849999999976E0,
-1.611518754905E0));
#2618=CARTESIAN_POINT('',(-2.336245919386E0,1.849999999976E0,
-1.637243076022E0));
#2620=DIRECTION('',(5.445140035622E-3,-9.999168952677E-1,1.168558976343E-2));
#2621=VECTOR('',#2620,4.500374002755E-1);
#2622=CARTESIAN_POINT('',(-2.338696436051E0,2.300000000014E0,
-1.642502028460E0));
#2623=LINE('',#2622,#2621);
#2624=DIRECTION('',(-1.168558976338E-2,9.999168952677E-1,-5.445140035604E-3));
#2625=VECTOR('',#2624,4.500374002755E-1);
#2626=CARTESIAN_POINT('',(-1.637243076022E0,1.849999999976E0,
-2.336245919386E0));
#2627=LINE('',#2626,#2625);
#2628=CARTESIAN_POINT('',(0.E0,1.85E0,0.E0));
#2629=DIRECTION('',(0.E0,-1.E0,0.E0));
#2630=DIRECTION('',(-8.722135093165E-1,0.E0,-4.891253358453E-1));
#2631=AXIS2_PLACEMENT_3D('',#2628,#2629,#2630);
#2633=CARTESIAN_POINT('',(-1.8616E0,1.85E0,-1.8616E0));
#2634=DIRECTION('',(0.E0,1.E0,0.E0));
#2635=DIRECTION('',(0.E0,0.E0,-1.E0));
#2636=AXIS2_PLACEMENT_3D('',#2633,#2634,#2635);
#2638=CARTESIAN_POINT('',(-1.8616E0,1.85E0,-1.8616E0));
#2639=DIRECTION('',(0.E0,1.E0,0.E0));
#2640=DIRECTION('',(4.273467656501E-1,0.E0,-9.040877954537E-1));
#2641=AXIS2_PLACEMENT_3D('',#2638,#2639,#2640);
#2643=CARTESIAN_POINT('',(-1.637243076022E0,1.849999999976E0,
-2.336245919386E0));
#2644=CARTESIAN_POINT('',(-1.611518766987E0,1.849999999976E0,
-2.324086506393E0));
#2645=CARTESIAN_POINT('',(-1.558900209E0,1.850000000014E0,-2.306674983506E0));
#2646=CARTESIAN_POINT('',(-1.475329907723E0,1.849999999985E0,
-2.299525841112E0));
#2647=CARTESIAN_POINT('',(-1.392464019757E0,1.850000000044E0,
-2.312460809158E0));
#2648=CARTESIAN_POINT('',(-1.341194740393E0,1.849999999908E0,
-2.333479915167E0));
#2649=CARTESIAN_POINT('',(-1.316385396037E0,1.849999999908E0,
-2.347392726806E0));
#2651=CARTESIAN_POINT('',(-1.324584491828E0,2.300000000787E0,
-2.351795026895E0));
#2652=CARTESIAN_POINT('',(-1.349119995398E0,2.300000000787E0,
-2.337976012395E0));
#2653=CARTESIAN_POINT('',(-1.399834821285E0,2.299999999634E0,
-2.317002036202E0));
#2654=CARTESIAN_POINT('',(-1.481818761025E0,2.300000000100E0,
-2.303762373729E0));
#2655=CARTESIAN_POINT('',(-1.564620381507E0,2.299999999965E0,
-2.310209152266E0));
#2656=CARTESIAN_POINT('',(-1.616903533970E0,2.300000000014E0,
-2.326940749634E0));
#2657=CARTESIAN_POINT('',(-1.642502028460E0,2.300000000014E0,
-2.338696436051E0));
#2659=CARTESIAN_POINT('',(0.E0,2.3E0,-3.5E0));
#2660=CARTESIAN_POINT('',(-2.027779455032E0,2.3E0,-2.852737366417E0));
#2661=VERTEX_POINT('',#2659);
#2662=VERTEX_POINT('',#2660);
#2663=CARTESIAN_POINT('',(1.642502028460E0,2.300000000014E0,-2.338696436051E0));
#2664=CARTESIAN_POINT('',(1.637243076022E0,1.849999999976E0,-2.336245919386E0));
#2665=VERTEX_POINT('',#2663);
#2666=VERTEX_POINT('',#2664);
#2667=VERTEX_POINT('',#1766);
#2668=VERTEX_POINT('',#1771);
#2669=CARTESIAN_POINT('',(2.639802458602E0,2.8E0,-5.810782903889E-1));
#2670=CARTESIAN_POINT('',(2.639802458602E0,2.3E0,-5.810782903889E-1));
#2671=VERTEX_POINT('',#2669);
#2672=VERTEX_POINT('',#2670);
#2673=CARTESIAN_POINT('',(-2.928310092869E0,1.8E0,-2.928310092869E0));
#2674=CARTESIAN_POINT('',(-2.433335346039E0,1.8E0,-2.723284839700E0));
#2675=VERTEX_POINT('',#2673);
#2676=VERTEX_POINT('',#2674);
#2677=CARTESIAN_POINT('',(3.278719262151E0,1.8E0,-3.278719262151E0));
#2678=CARTESIAN_POINT('',(3.526206635566E0,1.8E0,-3.381231888736E0));
#2679=VERTEX_POINT('',#2677);
#2680=VERTEX_POINT('',#2678);
#2681=CARTESIAN_POINT('',(2.433335346039E0,2.3E0,2.723284839700E0));
#2682=CARTESIAN_POINT('',(2.928310092869E0,2.3E0,2.928310092869E0));
#2683=VERTEX_POINT('',#2681);
#2684=VERTEX_POINT('',#2682);
#2685=CARTESIAN_POINT('',(2.027779455032E0,2.3E0,2.852737366417E0));
#2686=VERTEX_POINT('',#2685);
#2687=CARTESIAN_POINT('',(2.928310092869E0,2.3E0,-2.928310092869E0));
#2688=CARTESIAN_POINT('',(2.433335346039E0,2.3E0,-2.723284839700E0));
#2689=VERTEX_POINT('',#2687);
#2690=VERTEX_POINT('',#2688);
#2691=CARTESIAN_POINT('',(2.928310092869E0,1.8E0,2.928310092869E0));
#2692=VERTEX_POINT('',#2691);
#2693=CARTESIAN_POINT('',(-2.739679295100E0,2.3E0,-2.288898722093E0));
#2694=CARTESIAN_POINT('',(-3.562314634803E0,2.3E0,-2.341248441913E-1));
#2695=VERTEX_POINT('',#2693);
#2696=VERTEX_POINT('',#2694);
#2697=VERTEX_POINT('',#2444);
#2698=VERTEX_POINT('',#2454);
#2699=CARTESIAN_POINT('',(3.010837467189E0,2.8E0,-3.075413598713E-1));
#2700=CARTESIAN_POINT('',(3.053412544117E0,2.8E0,-3.093215621217E-1));
#2701=VERTEX_POINT('',#2699);
#2702=VERTEX_POINT('',#2700);
#2703=CARTESIAN_POINT('',(3.562314634803E0,2.8E0,2.341248441913E-1));
#2704=VERTEX_POINT('',#2703);
#2705=CARTESIAN_POINT('',(-2.350331310716E0,2.3E0,2.053346462617E0));
#2706=CARTESIAN_POINT('',(-2.350331310716E0,2.8E0,2.053346462617E0));
#2707=VERTEX_POINT('',#2705);
#2708=VERTEX_POINT('',#2706);
#2709=CARTESIAN_POINT('',(2.338696436051E0,2.300000000014E0,1.642502028460E0));
#2710=CARTESIAN_POINT('',(2.336245919386E0,1.849999999976E0,1.637243076022E0));
#2711=VERTEX_POINT('',#2709);
#2712=VERTEX_POINT('',#2710);
#2713=CARTESIAN_POINT('',(-2.347392671580E0,1.85E0,-1.316385514078E0));
#2714=CARTESIAN_POINT('',(-1.316385514078E0,1.85E0,-2.347392671580E0));
#2715=VERTEX_POINT('',#2713);
#2716=VERTEX_POINT('',#2714);
#2717=CARTESIAN_POINT('',(-3.253793939617E0,2.8E0,1.304165818897E0));
#2718=CARTESIAN_POINT('',(-3.253793939617E0,2.45E0,1.304165818897E0));
#2719=VERTEX_POINT('',#2717);
#2720=VERTEX_POINT('',#2718);
#2721=CARTESIAN_POINT('',(-2.027779455032E0,2.3E0,2.852737366417E0));
#2722=CARTESIAN_POINT('',(0.E0,2.3E0,3.5E0));
#2723=VERTEX_POINT('',#2721);
#2724=VERTEX_POINT('',#2722);
#2725=CARTESIAN_POINT('',(2.402540372950E0,2.8E0,-1.249181342273E0));
#2726=CARTESIAN_POINT('',(2.397985600999E0,2.8E0,-1.247346807188E0));
#2727=VERTEX_POINT('',#2725);
#2728=VERTEX_POINT('',#2726);
#2729=CARTESIAN_POINT('',(1.8616E0,2.3E0,2.3866E0));
#2730=CARTESIAN_POINT('',(1.8616E0,1.85E0,2.3866E0));
#2731=VERTEX_POINT('',#2729);
#2732=VERTEX_POINT('',#2730);
#2733=CARTESIAN_POINT('',(-3.003387635118E0,2.8E0,2.490316721656E0));
#2734=CARTESIAN_POINT('',(-3.003387635118E0,2.45E0,2.490316721656E0));
#2735=VERTEX_POINT('',#2733);
#2736=VERTEX_POINT('',#2734);
#2737=CARTESIAN_POINT('',(-2.962822731272E0,2.8E0,2.262952939605E0));
#2738=CARTESIAN_POINT('',(-2.962822731272E0,2.45E0,2.262952939605E0));
#2739=VERTEX_POINT('',#2737);
#2740=VERTEX_POINT('',#2738);
#2741=CARTESIAN_POINT('',(-4.766274963699E0,2.45E0,3.573602495869E-1));
#2742=CARTESIAN_POINT('',(-4.727963665622E0,2.45E0,7.081715476638E-1));
#2743=VERTEX_POINT('',#2741);
#2744=VERTEX_POINT('',#2742);
#2745=CARTESIAN_POINT('',(-4.493087864340E0,2.45E0,8.201006342023E-1));
#2746=VERTEX_POINT('',#2745);
#2747=CARTESIAN_POINT('',(-2.027779455032E0,1.8E0,-2.852737366417E0));
#2748=VERTEX_POINT('',#2747);
#2749=CARTESIAN_POINT('',(2.336245583749E0,1.849999999891E0,-1.637243279761E0));
#2750=CARTESIAN_POINT('',(2.341369107220E0,2.800000000063E0,-1.648418631769E0));
#2751=VERTEX_POINT('',#2749);
#2752=VERTEX_POINT('',#2750);
#2753=CARTESIAN_POINT('',(-3.278719262151E0,2.8E0,-3.278719262151E0));
#2754=CARTESIAN_POINT('',(-3.278719262151E0,1.8E0,-3.278719262151E0));
#2755=VERTEX_POINT('',#2753);
#2756=VERTEX_POINT('',#2754);
#2757=CARTESIAN_POINT('',(3.791620038243E0,1.8E0,-3.259389127673E0));
#2758=CARTESIAN_POINT('',(3.791620038243E0,1.8E0,3.259389127673E0));
#2759=VERTEX_POINT('',#2757);
#2760=VERTEX_POINT('',#2758);
#2761=CARTESIAN_POINT('',(-2.639802458602E0,2.8E0,5.810782903889E-1));
#2762=CARTESIAN_POINT('',(-2.981619277140E0,2.8E0,3.063196524445E-1));
#2763=VERTEX_POINT('',#2761);
#2764=VERTEX_POINT('',#2762);
#2765=CARTESIAN_POINT('',(-3.010837467189E0,2.8E0,3.075413598713E-1));
#2766=VERTEX_POINT('',#2765);
#2767=CARTESIAN_POINT('',(-3.791620038243E0,1.8E0,3.259389127673E0));
#2768=CARTESIAN_POINT('',(-3.791620038243E0,1.8E0,-3.259389127673E0));
#2769=VERTEX_POINT('',#2767);
#2770=VERTEX_POINT('',#2768);
#2771=CARTESIAN_POINT('',(2.981619277140E0,2.8E0,-3.063196524445E-1));
#2772=VERTEX_POINT('',#2771);
#2773=CARTESIAN_POINT('',(-2.338696513938E0,2.3E0,-1.642502039289E0));
#2774=CARTESIAN_POINT('',(-1.8616E0,2.3E0,-2.3866E0));
#2775=VERTEX_POINT('',#2773);
#2776=VERTEX_POINT('',#2774);
#2777=CARTESIAN_POINT('',(-1.642502039289E0,2.3E0,-2.338696513938E0));
#2778=VERTEX_POINT('',#2777);
#2779=VERTEX_POINT('',#2468);
#2780=VERTEX_POINT('',#2478);
#2781=CARTESIAN_POINT('',(-2.397985600999E0,2.8E0,1.247346807188E0));
#2782=VERTEX_POINT('',#2781);
#2783=CARTESIAN_POINT('',(-1.642502039289E0,2.3E0,2.338696513938E0));
#2784=CARTESIAN_POINT('',(-1.8616E0,2.3E0,2.3866E0));
#2785=VERTEX_POINT('',#2783);
#2786=VERTEX_POINT('',#2784);
#2787=CARTESIAN_POINT('',(1.324584393613E0,2.3E0,2.351795117108E0));
#2788=CARTESIAN_POINT('',(0.E0,2.3E0,2.699159885716E0));
#2789=VERTEX_POINT('',#2787);
#2790=VERTEX_POINT('',#2788);
#2791=CARTESIAN_POINT('',(-3.272824388335E0,2.8E0,1.527022389410E0));
#2792=CARTESIAN_POINT('',(-3.743577593463E0,2.8E0,1.479696668256E0));
#2793=VERTEX_POINT('',#2791);
#2794=VERTEX_POINT('',#2792);
#2795=CARTESIAN_POINT('',(2.760787931008E0,2.8E0,2.760787931008E0));
#2796=CARTESIAN_POINT('',(3.278719262151E0,2.8E0,3.278719262151E0));
#2797=VERTEX_POINT('',#2795);
#2798=VERTEX_POINT('',#2796);
#2799=VERTEX_POINT('',#2238);
#2800=CARTESIAN_POINT('',(-4.520631934853E0,2.8E0,5.664447848433E-1));
#2801=CARTESIAN_POINT('',(-4.520631934853E0,2.45E0,5.664447848433E-1));
#2802=VERTEX_POINT('',#2800);
#2803=VERTEX_POINT('',#2801);
#2804=CARTESIAN_POINT('',(-3.152125615887E0,2.8E0,2.772518244092E0));
#2805=CARTESIAN_POINT('',(-3.843732186400E0,2.8E0,2.897718564605E0));
#2806=VERTEX_POINT('',#2804);
#2807=VERTEX_POINT('',#2805);
#2808=CARTESIAN_POINT('',(-2.356615564648E0,2.799999984520E0,1.333797914319E0));
#2809=CARTESIAN_POINT('',(-2.353918483975E0,2.519996363813E0,1.328633945647E0));
#2810=VERTEX_POINT('',#2808);
#2811=VERTEX_POINT('',#2809);
#2812=CARTESIAN_POINT('',(-3.195695327426E0,2.8E0,2.237912875503E0));
#2813=CARTESIAN_POINT('',(-3.195695327426E0,2.45E0,2.237912875503E0));
#2814=VERTEX_POINT('',#2812);
#2815=VERTEX_POINT('',#2813);
#2816=VERTEX_POINT('',#2520);
#2817=VERTEX_POINT('',#2530);
#2818=CARTESIAN_POINT('',(2.433335346039E0,1.8E0,-2.723284839700E0));
#2819=CARTESIAN_POINT('',(2.928310092869E0,1.8E0,-2.928310092869E0));
#2820=VERTEX_POINT('',#2818);
#2821=VERTEX_POINT('',#2819);
#2822=CARTESIAN_POINT('',(2.350331310716E0,2.8E0,-2.053346462617E0));
#2823=VERTEX_POINT('',#2822);
#2824=CARTESIAN_POINT('',(2.760787931008E0,2.3E0,2.760787931008E0));
#2825=VERTEX_POINT('',#2824);
#2826=CARTESIAN_POINT('',(-3.843732186400E0,2.45E0,2.897718564605E0));
#2827=VERTEX_POINT('',#2826);
#2828=CARTESIAN_POINT('',(-3.885549093451E0,2.8E0,2.676364397939E0));
#2829=CARTESIAN_POINT('',(-3.885549093451E0,2.45E0,2.676364397939E0));
#2830=VERTEX_POINT('',#2828);
#2831=VERTEX_POINT('',#2829);
#2832=CARTESIAN_POINT('',(-2.027779455032E0,1.8E0,2.852737366417E0));
#2833=CARTESIAN_POINT('',(-2.433335346039E0,1.8E0,2.723284839700E0));
#2834=VERTEX_POINT('',#2832);
#2835=VERTEX_POINT('',#2833);
#2836=CARTESIAN_POINT('',(-2.928310092869E0,1.8E0,2.928310092869E0));
#2837=VERTEX_POINT('',#2836);
#2838=VERTEX_POINT('',#2518);
#2839=CARTESIAN_POINT('',(-3.562314634803E0,2.8E0,-2.341248441913E-1));
#2840=CARTESIAN_POINT('',(-2.739679295100E0,2.8E0,-2.288898722093E0));
#2841=VERTEX_POINT('',#2839);
#2842=VERTEX_POINT('',#2840);
#2843=VERTEX_POINT('',#2188);
#2844=VERTEX_POINT('',#2202);
#2845=VERTEX_POINT('',#250);
#2846=VERTEX_POINT('',#255);
#2847=VERTEX_POINT('',#1724);
#2848=VERTEX_POINT('',#1730);
#2849=CARTESIAN_POINT('',(2.356611340449E0,2.8E0,-1.333805555395E0));
#2850=VERTEX_POINT('',#2849);
#2851=CARTESIAN_POINT('',(3.791620038243E0,2.8E0,-3.259389127673E0));
#2852=VERTEX_POINT('',#2851);
#2853=CARTESIAN_POINT('',(-2.402540372950E0,2.8E0,1.249181342273E0));
#2854=VERTEX_POINT('',#2853);
#2855=CARTESIAN_POINT('',(-3.534554210494E0,2.8E0,2.236463072792E-1));
#2856=CARTESIAN_POINT('',(-3.534554210494E0,2.45E0,2.236463072792E-1));
#2857=VERTEX_POINT('',#2855);
#2858=VERTEX_POINT('',#2856);
#2859=CARTESIAN_POINT('',(-2.760787931008E0,2.3E0,-2.760787931008E0));
#2860=CARTESIAN_POINT('',(-2.760787931008E0,2.8E0,-2.760787931008E0));
#2861=VERTEX_POINT('',#2859);
#2862=VERTEX_POINT('',#2860);
#2863=CARTESIAN_POINT('',(-4.766274963699E0,2.8E0,3.573602495869E-1));
#2864=VERTEX_POINT('',#2863);
#2865=VERTEX_POINT('',#1931);
#2866=CARTESIAN_POINT('',(1.637242948034E0,1.85E0,2.336246092613E0));
#2867=VERTEX_POINT('',#2866);
#2868=CARTESIAN_POINT('',(-3.509263745750E0,2.8E0,4.565189034331E-1));
#2869=VERTEX_POINT('',#2868);
#2870=CARTESIAN_POINT('',(2.351795117108E0,2.3E0,1.324584393613E0));
#2871=VERTEX_POINT('',#2870);
#2872=CARTESIAN_POINT('',(-3.791620038243E0,2.8E0,3.259389127673E0));
#2873=VERTEX_POINT('',#2872);
#2874=CARTESIAN_POINT('',(2.027779455032E0,1.8E0,-2.852737366417E0));
#2875=VERTEX_POINT('',#2874);
#2876=CARTESIAN_POINT('',(-1.324584491828E0,2.300000000787E0,
-2.351795026895E0));
#2877=VERTEX_POINT('',#2876);
#2878=VERTEX_POINT('',#1722);
#2879=VERTEX_POINT('',#1994);
#2880=CARTESIAN_POINT('',(2.027779455032E0,2.3E0,-2.852737366417E0));
#2881=VERTEX_POINT('',#2880);
#2882=VERTEX_POINT('',#1476);
#2883=CARTESIAN_POINT('',(-2.433335346039E0,2.3E0,-2.723284839700E0));
#2884=CARTESIAN_POINT('',(-2.928310092869E0,2.3E0,-2.928310092869E0));
#2885=VERTEX_POINT('',#2883);
#2886=VERTEX_POINT('',#2884);
#2887=CARTESIAN_POINT('',(-3.333165279349E0,2.8E0,2.051614798580E0));
#2888=CARTESIAN_POINT('',(-3.333165279349E0,2.45E0,2.051614798580E0));
#2889=VERTEX_POINT('',#2887);
#2890=VERTEX_POINT('',#2888);
#2891=CARTESIAN_POINT('',(2.353924144472E0,2.52E0,-1.328627156907E0));
#2892=VERTEX_POINT('',#2891);
#2893=CARTESIAN_POINT('',(-3.509263745750E0,2.45E0,4.565189034331E-1));
#2894=VERTEX_POINT('',#2893);
#2895=CARTESIAN_POINT('',(2.347397901230E0,1.849999979289E0,-1.316376101035E0));
#2896=VERTEX_POINT('',#2895);
#2897=CARTESIAN_POINT('',(2.347392726806E0,1.849999999908E0,1.316385396037E0));
#2898=VERTEX_POINT('',#2897);
#2899=VERTEX_POINT('',#1530);
#2900=VERTEX_POINT('',#1794);
#2901=CARTESIAN_POINT('',(-3.417299894733E0,2.45E0,2.593231385118E0));
#2902=VERTEX_POINT('',#2901);
#2903=CARTESIAN_POINT('',(-2.351795026895E0,2.300000000787E0,
-1.324584491828E0));
#2904=VERTEX_POINT('',#2903);
#2905=CARTESIAN_POINT('',(-4.268417337053E0,2.8E0,1.673005963128E0));
#2906=VERTEX_POINT('',#2905);
#2907=CARTESIAN_POINT('',(-4.493087864340E0,2.8E0,8.201006342023E-1));
#2908=VERTEX_POINT('',#2907);
#2909=VERTEX_POINT('',#1564);
#2910=VERTEX_POINT('',#1578);
#2911=CARTESIAN_POINT('',(3.278719262151E0,1.8E0,3.278719262151E0));
#2912=VERTEX_POINT('',#2911);
#2913=CARTESIAN_POINT('',(-2.341369107220E0,2.800000000063E0,1.648418631769E0));
#2914=VERTEX_POINT('',#2913);
#2915=CARTESIAN_POINT('',(1.8616E0,2.3E0,-2.3866E0));
#2916=VERTEX_POINT('',#2915);
#2917=CARTESIAN_POINT('',(2.350331310716E0,2.3E0,-2.053346462617E0));
#2918=VERTEX_POINT('',#2917);
#2919=CARTESIAN_POINT('',(-3.526206635566E0,2.8E0,3.381231888736E0));
#2920=CARTESIAN_POINT('',(-3.278719262151E0,2.8E0,3.278719262151E0));
#2921=VERTEX_POINT('',#2919);
#2922=VERTEX_POINT('',#2920);
#2923=VERTEX_POINT('',#1600);
#2924=VERTEX_POINT('',#1618);
#2925=CARTESIAN_POINT('',(3.562314634803E0,2.3E0,2.341248441913E-1));
#2926=VERTEX_POINT('',#2925);
#2927=CARTESIAN_POINT('',(-2.428664811111E0,2.3E0,2.428664811111E0));
#2928=VERTEX_POINT('',#2927);
#2929=CARTESIAN_POINT('',(-3.526206635566E0,1.8E0,-3.381231888736E0));
#2930=VERTEX_POINT('',#2929);
#2931=CARTESIAN_POINT('',(3.791620038243E0,2.8E0,3.259389127673E0));
#2932=VERTEX_POINT('',#2931);
#2933=CARTESIAN_POINT('',(-2.928310092869E0,2.3E0,2.928310092869E0));
#2934=VERTEX_POINT('',#2933);
#2935=CARTESIAN_POINT('',(-3.949657321028E0,2.45E0,1.236557645820E0));
#2936=VERTEX_POINT('',#2935);
#2937=CARTESIAN_POINT('',(-2.428664811111E0,2.8E0,2.428664811111E0));
#2938=VERTEX_POINT('',#2937);
#2939=CARTESIAN_POINT('',(1.316385514078E0,1.85E0,2.347392671580E0));
#2940=VERTEX_POINT('',#2939);
#2941=CARTESIAN_POINT('',(-1.8616E0,1.85E0,2.3866E0));
#2942=VERTEX_POINT('',#2941);
#2943=CARTESIAN_POINT('',(3.053412544117E0,2.3E0,-3.093215621217E-1));
#2944=VERTEX_POINT('',#2943);
#2945=VERTEX_POINT('',#2280);
#2946=CARTESIAN_POINT('',(-2.433335346039E0,2.3E0,2.723284839700E0));
#2947=VERTEX_POINT('',#2946);
#2948=CARTESIAN_POINT('',(-4.727963665622E0,2.8E0,7.081715476638E-1));
#2949=VERTEX_POINT('',#2948);
#2950=CARTESIAN_POINT('',(1.316385514078E0,1.85E0,-2.347392671580E0));
#2951=VERTEX_POINT('',#2950);
#2952=CARTESIAN_POINT('',(2.428664811111E0,2.3E0,-2.428664811111E0));
#2953=VERTEX_POINT('',#2952);
#2954=CARTESIAN_POINT('',(-3.272824388335E0,2.45E0,1.527022389410E0));
#2955=VERTEX_POINT('',#2954);
#2956=CARTESIAN_POINT('',(-3.970440574233E0,2.45E0,1.975239536846E0));
#2957=VERTEX_POINT('',#2956);
#2958=VERTEX_POINT('',#183);
#2959=CARTESIAN_POINT('',(2.739679295100E0,2.8E0,2.288898722093E0));
#2960=VERTEX_POINT('',#2959);
#2961=CARTESIAN_POINT('',(-3.791620038243E0,2.8E0,-3.259389127673E0));
#2962=VERTEX_POINT('',#2961);
#2963=CARTESIAN_POINT('',(-1.637243076022E0,1.849999999976E0,2.336245919386E0));
#2964=VERTEX_POINT('',#2963);
#2965=CARTESIAN_POINT('',(-3.417299894733E0,2.8E0,2.593231385118E0));
#2966=VERTEX_POINT('',#2965);
#2967=CARTESIAN_POINT('',(-3.278719262151E0,1.8E0,3.278719262151E0));
#2968=VERTEX_POINT('',#2967);
#2969=CARTESIAN_POINT('',(-3.010837467189E0,2.3E0,3.075413598713E-1));
#2970=CARTESIAN_POINT('',(-2.981619277140E0,2.3E0,3.063196524445E-1));
#2971=VERTEX_POINT('',#2969);
#2972=VERTEX_POINT('',#2970);
#2973=CARTESIAN_POINT('',(-2.639802458602E0,2.3E0,5.810782903889E-1));
#2974=VERTEX_POINT('',#2973);
#2975=VERTEX_POINT('',#2618);
#2976=VERTEX_POINT('',#2430);
#2977=VERTEX_POINT('',#1796);
#2978=CARTESIAN_POINT('',(-3.526206635566E0,2.8E0,-3.381231888736E0));
#2979=VERTEX_POINT('',#2978);
#2980=CARTESIAN_POINT('',(-4.471993058207E0,2.45E0,1.757641379795E0));
#2981=VERTEX_POINT('',#2980);
#2982=CARTESIAN_POINT('',(2.428664811111E0,2.8E0,-2.428664811111E0));
#2983=VERTEX_POINT('',#2982);
#2984=VERTEX_POINT('',#2186);
#2985=CARTESIAN_POINT('',(-3.526206635566E0,1.8E0,3.381231888736E0));
#2986=VERTEX_POINT('',#2985);
#2987=CARTESIAN_POINT('',(3.278719262151E0,2.8E0,-3.278719262151E0));
#2988=VERTEX_POINT('',#2987);
#2989=CARTESIAN_POINT('',(2.739679295100E0,2.3E0,2.288898722093E0));
#2990=VERTEX_POINT('',#2989);
#2991=CARTESIAN_POINT('',(3.526206635566E0,2.8E0,-3.381231888736E0));
#2992=VERTEX_POINT('',#2991);
#2993=CARTESIAN_POINT('',(-1.637243076022E0,1.849999999976E0,
-2.336245919386E0));
#2994=VERTEX_POINT('',#2993);
#2995=CARTESIAN_POINT('',(0.E0,2.3E0,-2.699159885716E0));
#2996=VERTEX_POINT('',#2995);
#2997=VERTEX_POINT('',#2374);
#2998=CARTESIAN_POINT('',(-1.8616E0,1.85E0,-2.3866E0));
#2999=VERTEX_POINT('',#2998);
#3000=CARTESIAN_POINT('',(2.027779455032E0,1.8E0,2.852737366417E0));
#3001=VERTEX_POINT('',#3000);
#3002=CARTESIAN_POINT('',(2.433335346039E0,1.8E0,2.723284839700E0));
#3003=VERTEX_POINT('',#3002);
#3004=CARTESIAN_POINT('',(1.8616E0,1.85E0,-2.3866E0));
#3005=VERTEX_POINT('',#3004);
#3006=CARTESIAN_POINT('',(3.010837467189E0,2.3E0,-3.075413598713E-1));
#3007=VERTEX_POINT('',#3006);
#3008=CARTESIAN_POINT('',(2.981619277140E0,2.3E0,-3.063196524445E-1));
#3009=VERTEX_POINT('',#3008);
#3010=CARTESIAN_POINT('',(0.E0,1.5E0,-3.5E0));
#3011=CARTESIAN_POINT('',(-3.5E0,1.5E0,0.E0));
#3012=VERTEX_POINT('',#3010);
#3013=VERTEX_POINT('',#3011);
#3014=CARTESIAN_POINT('',(0.E0,1.5E0,2.685195833773E0));
#3015=CARTESIAN_POINT('',(0.E0,1.5E0,-2.685195833773E0));
#3016=VERTEX_POINT('',#3014);
#3017=VERTEX_POINT('',#3015);
#3018=CARTESIAN_POINT('',(0.E0,1.5E0,3.5E0));
#3019=CARTESIAN_POINT('',(3.5E0,1.5E0,0.E0));
#3020=VERTEX_POINT('',#3018);
#3021=VERTEX_POINT('',#3019);
#3022=CARTESIAN_POINT('',(1.830374E0,1.335417E0,0.E0));
#3023=CARTESIAN_POINT('',(1.938244E0,1.270833E0,0.E0));
#3024=VERTEX_POINT('',#3022);
#3025=VERTEX_POINT('',#3023);
#3026=CARTESIAN_POINT('',(2.005482E0,1.20625E0,0.E0));
#3027=VERTEX_POINT('',#3026);
#3028=CARTESIAN_POINT('',(2.05479E0,1.141667E0,0.E0));
#3029=VERTEX_POINT('',#3028);
#3030=CARTESIAN_POINT('',(2.093765E0,1.077083E0,0.E0));
#3031=VERTEX_POINT('',#3030);
#3032=CARTESIAN_POINT('',(2.12594E0,1.0125E0,0.E0));
#3033=VERTEX_POINT('',#3032);
#3034=CARTESIAN_POINT('',(2.153262E0,9.47917E-1,0.E0));
#3035=VERTEX_POINT('',#3034);
#3036=CARTESIAN_POINT('',(2.176923E0,8.833330000001E-1,0.E0));
#3037=VERTEX_POINT('',#3036);
#3038=CARTESIAN_POINT('',(2.197707E0,8.1875E-1,0.E0));
#3039=VERTEX_POINT('',#3038);
#3040=CARTESIAN_POINT('',(2.216162E0,7.54167E-1,0.E0));
#3041=VERTEX_POINT('',#3040);
#3042=CARTESIAN_POINT('',(2.232681E0,6.89583E-1,0.E0));
#3043=VERTEX_POINT('',#3042);
#3044=CARTESIAN_POINT('',(2.247559E0,6.25E-1,0.E0));
#3045=VERTEX_POINT('',#3044);
#3046=CARTESIAN_POINT('',(2.261022E0,5.60417E-1,0.E0));
#3047=VERTEX_POINT('',#3046);
#3048=CARTESIAN_POINT('',(2.273246E0,4.95833E-1,0.E0));
#3049=VERTEX_POINT('',#3048);
#3050=CARTESIAN_POINT('',(2.284371E0,4.3125E-1,0.E0));
#3051=VERTEX_POINT('',#3050);
#3052=CARTESIAN_POINT('',(2.294509E0,3.666669999999E-1,0.E0));
#3053=VERTEX_POINT('',#3052);
#3054=CARTESIAN_POINT('',(2.303752E0,3.02083E-1,0.E0));
#3055=VERTEX_POINT('',#3054);
#3056=CARTESIAN_POINT('',(2.312175E0,2.375E-1,0.E0));
#3057=VERTEX_POINT('',#3056);
#3058=CARTESIAN_POINT('',(2.319839000003E0,1.729169999769E-1,0.E0));
#3059=VERTEX_POINT('',#3058);
#3060=CARTESIAN_POINT('',(2.326795E0,1.083330000012E-1,0.E0));
#3061=VERTEX_POINT('',#3060);
#3062=CARTESIAN_POINT('',(2.333084E0,4.375000000125E-2,0.E0));
#3063=VERTEX_POINT('',#3062);
#3064=CARTESIAN_POINT('',(2.338739E0,-2.083299999885E-2,0.E0));
#3065=VERTEX_POINT('',#3064);
#3066=CARTESIAN_POINT('',(2.343788E0,-8.541699999883E-2,0.E0));
#3067=VERTEX_POINT('',#3066);
#3068=CARTESIAN_POINT('',(2.348252E0,-1.499999999988E-1,0.E0));
#3069=VERTEX_POINT('',#3068);
#3070=CARTESIAN_POINT('',(2.352145E0,-2.145829999988E-1,0.E0));
#3071=VERTEX_POINT('',#3070);
#3072=CARTESIAN_POINT('',(2.355478E0,-2.791669999989E-1,0.E0));
#3073=VERTEX_POINT('',#3072);
#3074=CARTESIAN_POINT('',(2.358257E0,-3.437499999989E-1,0.E0));
#3075=VERTEX_POINT('',#3074);
#3076=CARTESIAN_POINT('',(2.360481E0,-4.083329999989E-1,0.E0));
#3077=VERTEX_POINT('',#3076);
#3078=CARTESIAN_POINT('',(2.362146E0,-4.729169999990E-1,0.E0));
#3079=VERTEX_POINT('',#3078);
#3080=CARTESIAN_POINT('',(2.363241E0,-5.374999999990E-1,0.E0));
#3081=VERTEX_POINT('',#3080);
#3082=CARTESIAN_POINT('',(2.363751E0,-6.02083E-1,0.E0));
#3083=VERTEX_POINT('',#3082);
#3084=CARTESIAN_POINT('',(2.363651E0,-6.66667E-1,0.E0));
#3085=VERTEX_POINT('',#3084);
#3086=CARTESIAN_POINT('',(2.362912E0,-7.3125E-1,0.E0));
#3087=VERTEX_POINT('',#3086);
#3088=CARTESIAN_POINT('',(2.361492E0,-7.95833E-1,0.E0));
#3089=VERTEX_POINT('',#3088);
#3090=CARTESIAN_POINT('',(2.35934E0,-8.60417E-1,0.E0));
#3091=VERTEX_POINT('',#3090);
#3092=CARTESIAN_POINT('',(2.356387E0,-9.25E-1,0.E0));
#3093=VERTEX_POINT('',#3092);
#3094=CARTESIAN_POINT('',(2.352548E0,-9.895830000063E-1,0.E0));
#3095=VERTEX_POINT('',#3094);
#3096=CARTESIAN_POINT('',(2.347709E0,-1.054167000006E0,0.E0));
#3097=VERTEX_POINT('',#3096);
#3098=CARTESIAN_POINT('',(2.341722E0,-1.118750000006E0,0.E0));
#3099=VERTEX_POINT('',#3098);
#3100=CARTESIAN_POINT('',(2.334385E0,-1.183333000006E0,0.E0));
#3101=VERTEX_POINT('',#3100);
#3102=CARTESIAN_POINT('',(2.325421E0,-1.247917000006E0,0.E0));
#3103=VERTEX_POINT('',#3102);
#3104=CARTESIAN_POINT('',(2.314429E0,-1.312500000006E0,0.E0));
#3105=VERTEX_POINT('',#3104);
#3106=CARTESIAN_POINT('',(2.300804E0,-1.377083000006E0,0.E0));
#3107=VERTEX_POINT('',#3106);
#3108=CARTESIAN_POINT('',(2.283561E0,-1.441667000006E0,0.E0));
#3109=VERTEX_POINT('',#3108);
#3110=CARTESIAN_POINT('',(2.260931E0,-1.506250000006E0,0.E0));
#3111=VERTEX_POINT('',#3110);
#3112=CARTESIAN_POINT('',(2.229158E0,-1.570833000006E0,0.E0));
#3113=VERTEX_POINT('',#3112);
#3114=CARTESIAN_POINT('',(2.177241E0,-1.635417000006E0,0.E0));
#3115=VERTEX_POINT('',#3114);
#3116=CARTESIAN_POINT('',(1.8E0,-1.700000000006E0,0.E0));
#3117=VERTEX_POINT('',#3116);
#3118=CARTESIAN_POINT('',(-1.830374E0,1.335417E0,0.E0));
#3119=CARTESIAN_POINT('',(-1.938244E0,1.270833E0,0.E0));
#3120=VERTEX_POINT('',#3118);
#3121=VERTEX_POINT('',#3119);
#3122=CARTESIAN_POINT('',(-2.005482E0,1.20625E0,0.E0));
#3123=VERTEX_POINT('',#3122);
#3124=CARTESIAN_POINT('',(-2.05479E0,1.141667E0,0.E0));
#3125=VERTEX_POINT('',#3124);
#3126=CARTESIAN_POINT('',(-2.093765E0,1.077083E0,0.E0));
#3127=VERTEX_POINT('',#3126);
#3128=CARTESIAN_POINT('',(-2.12594E0,1.0125E0,0.E0));
#3129=VERTEX_POINT('',#3128);
#3130=CARTESIAN_POINT('',(-2.153262E0,9.47917E-1,0.E0));
#3131=VERTEX_POINT('',#3130);
#3132=CARTESIAN_POINT('',(-2.176923E0,8.833330000001E-1,0.E0));
#3133=VERTEX_POINT('',#3132);
#3134=CARTESIAN_POINT('',(-2.197707E0,8.1875E-1,0.E0));
#3135=VERTEX_POINT('',#3134);
#3136=CARTESIAN_POINT('',(-2.216162E0,7.54167E-1,0.E0));
#3137=VERTEX_POINT('',#3136);
#3138=CARTESIAN_POINT('',(-2.232681E0,6.89583E-1,0.E0));
#3139=VERTEX_POINT('',#3138);
#3140=CARTESIAN_POINT('',(-2.247559E0,6.25E-1,0.E0));
#3141=VERTEX_POINT('',#3140);
#3142=CARTESIAN_POINT('',(-2.261022E0,5.60417E-1,0.E0));
#3143=VERTEX_POINT('',#3142);
#3144=CARTESIAN_POINT('',(-2.273246E0,4.95833E-1,0.E0));
#3145=VERTEX_POINT('',#3144);
#3146=CARTESIAN_POINT('',(-2.284371E0,4.3125E-1,0.E0));
#3147=VERTEX_POINT('',#3146);
#3148=CARTESIAN_POINT('',(-2.294509E0,3.666669999999E-1,0.E0));
#3149=VERTEX_POINT('',#3148);
#3150=CARTESIAN_POINT('',(-2.303752E0,3.02083E-1,0.E0));
#3151=VERTEX_POINT('',#3150);
#3152=CARTESIAN_POINT('',(-2.312175E0,2.375E-1,0.E0));
#3153=VERTEX_POINT('',#3152);
#3154=CARTESIAN_POINT('',(-2.319839000003E0,1.729169999769E-1,0.E0));
#3155=VERTEX_POINT('',#3154);
#3156=CARTESIAN_POINT('',(-2.326795E0,1.083330000012E-1,0.E0));
#3157=VERTEX_POINT('',#3156);
#3158=CARTESIAN_POINT('',(-2.333084E0,4.375000000125E-2,0.E0));
#3159=VERTEX_POINT('',#3158);
#3160=CARTESIAN_POINT('',(-2.338739E0,-2.083299999885E-2,0.E0));
#3161=VERTEX_POINT('',#3160);
#3162=CARTESIAN_POINT('',(-2.343788E0,-8.541699999883E-2,0.E0));
#3163=VERTEX_POINT('',#3162);
#3164=CARTESIAN_POINT('',(-2.348252E0,-1.499999999988E-1,0.E0));
#3165=VERTEX_POINT('',#3164);
#3166=CARTESIAN_POINT('',(-2.352145E0,-2.145829999988E-1,0.E0));
#3167=VERTEX_POINT('',#3166);
#3168=CARTESIAN_POINT('',(-2.355478E0,-2.791669999989E-1,0.E0));
#3169=VERTEX_POINT('',#3168);
#3170=CARTESIAN_POINT('',(-2.358257E0,-3.437499999989E-1,0.E0));
#3171=VERTEX_POINT('',#3170);
#3172=CARTESIAN_POINT('',(-2.360481E0,-4.083329999989E-1,0.E0));
#3173=VERTEX_POINT('',#3172);
#3174=CARTESIAN_POINT('',(-2.362146E0,-4.729169999990E-1,0.E0));
#3175=VERTEX_POINT('',#3174);
#3176=CARTESIAN_POINT('',(-2.363241E0,-5.374999999990E-1,0.E0));
#3177=VERTEX_POINT('',#3176);
#3178=CARTESIAN_POINT('',(-2.363751E0,-6.02083E-1,0.E0));
#3179=VERTEX_POINT('',#3178);
#3180=CARTESIAN_POINT('',(-2.363651E0,-6.66667E-1,0.E0));
#3181=VERTEX_POINT('',#3180);
#3182=CARTESIAN_POINT('',(-2.362912E0,-7.3125E-1,0.E0));
#3183=VERTEX_POINT('',#3182);
#3184=CARTESIAN_POINT('',(-2.361492E0,-7.95833E-1,0.E0));
#3185=VERTEX_POINT('',#3184);
#3186=CARTESIAN_POINT('',(-2.35934E0,-8.60417E-1,0.E0));
#3187=VERTEX_POINT('',#3186);
#3188=CARTESIAN_POINT('',(-2.356387E0,-9.25E-1,0.E0));
#3189=VERTEX_POINT('',#3188);
#3190=CARTESIAN_POINT('',(-2.352548E0,-9.895830000063E-1,0.E0));
#3191=VERTEX_POINT('',#3190);
#3192=CARTESIAN_POINT('',(-2.347709E0,-1.054167000006E0,0.E0));
#3193=VERTEX_POINT('',#3192);
#3194=CARTESIAN_POINT('',(-2.341722E0,-1.118750000006E0,0.E0));
#3195=VERTEX_POINT('',#3194);
#3196=CARTESIAN_POINT('',(-2.334385E0,-1.183333000006E0,0.E0));
#3197=VERTEX_POINT('',#3196);
#3198=CARTESIAN_POINT('',(-2.325421E0,-1.247917000006E0,0.E0));
#3199=VERTEX_POINT('',#3198);
#3200=CARTESIAN_POINT('',(-2.314429E0,-1.312500000006E0,0.E0));
#3201=VERTEX_POINT('',#3200);
#3202=CARTESIAN_POINT('',(-2.300804E0,-1.377083000006E0,0.E0));
#3203=VERTEX_POINT('',#3202);
#3204=CARTESIAN_POINT('',(-2.283561E0,-1.441667000006E0,0.E0));
#3205=VERTEX_POINT('',#3204);
#3206=CARTESIAN_POINT('',(-2.260931E0,-1.506250000006E0,0.E0));
#3207=VERTEX_POINT('',#3206);
#3208=CARTESIAN_POINT('',(-2.229158E0,-1.570833000006E0,0.E0));
#3209=VERTEX_POINT('',#3208);
#3210=CARTESIAN_POINT('',(-2.177241E0,-1.635417000006E0,0.E0));
#3211=VERTEX_POINT('',#3210);
#3212=CARTESIAN_POINT('',(-1.8E0,-1.700000000006E0,0.E0));
#3213=VERTEX_POINT('',#3212);
#3214=CARTESIAN_POINT('',(3.5E0,-1.700000000006E0,0.E0));
#3215=CARTESIAN_POINT('',(-3.5E0,-1.700000000006E0,0.E0));
#3216=VERTEX_POINT('',#3214);
#3217=VERTEX_POINT('',#3215);
#3218=CARTESIAN_POINT('',(8.4E-1,1.5E0,0.E0));
#3219=CARTESIAN_POINT('',(-8.4E-1,1.5E0,0.E0));
#3220=VERTEX_POINT('',#3218);
#3221=VERTEX_POINT('',#3219);
#3222=CARTESIAN_POINT('',(8.4E-1,1.4E0,0.E0));
#3223=CARTESIAN_POINT('',(-8.4E-1,1.4E0,0.E0));
#3224=VERTEX_POINT('',#3222);
#3225=VERTEX_POINT('',#3223);
#3226=CARTESIAN_POINT('',(1.8616E0,1.85E0,-1.8616E0));
#3227=DIRECTION('',(0.E0,1.E0,0.E0));
#3228=DIRECTION('',(0.E0,0.E0,1.E0));
#3229=AXIS2_PLACEMENT_3D('',#3226,#3227,#3228);
#3230=CYLINDRICAL_SURFACE('',#3229,5.25E-1);
#3232=ORIENTED_EDGE('',*,*,#3231,.T.);
#3234=ORIENTED_EDGE('',*,*,#3233,.T.);
#3236=ORIENTED_EDGE('',*,*,#3235,.T.);
#3238=ORIENTED_EDGE('',*,*,#3237,.F.);
#3240=ORIENTED_EDGE('',*,*,#3239,.T.);
#3242=ORIENTED_EDGE('',*,*,#3241,.T.);
#3244=ORIENTED_EDGE('',*,*,#3243,.F.);
#3246=ORIENTED_EDGE('',*,*,#3245,.T.);
#3247=EDGE_LOOP('',(#3232,#3234,#3236,#3238,#3240,#3242,#3244,#3246));
#3248=FACE_OUTER_BOUND('',#3247,.F.);
#3249=ADVANCED_FACE('',(#3248),#3230,.F.);
#3250=CARTESIAN_POINT('',(0.E0,2.3E0,0.E0));
#3251=DIRECTION('',(0.E0,1.E0,0.E0));
#3252=DIRECTION('',(0.E0,0.E0,1.E0));
#3253=AXIS2_PLACEMENT_3D('',#3250,#3251,#3252);
#3254=PLANE('',#3253);
#3256=ORIENTED_EDGE('',*,*,#3255,.F.);
#3258=ORIENTED_EDGE('',*,*,#3257,.T.);
#3260=ORIENTED_EDGE('',*,*,#3259,.F.);
#3262=ORIENTED_EDGE('',*,*,#3261,.F.);
#3264=ORIENTED_EDGE('',*,*,#3263,.T.);
#3266=ORIENTED_EDGE('',*,*,#3265,.F.);
#3268=ORIENTED_EDGE('',*,*,#3267,.T.);
#3270=ORIENTED_EDGE('',*,*,#3269,.F.);
#3272=ORIENTED_EDGE('',*,*,#3271,.F.);
#3274=ORIENTED_EDGE('',*,*,#3273,.F.);
#3276=ORIENTED_EDGE('',*,*,#3275,.F.);
#3278=ORIENTED_EDGE('',*,*,#3277,.F.);
#3280=ORIENTED_EDGE('',*,*,#3279,.F.);
#3282=ORIENTED_EDGE('',*,*,#3281,.F.);
#3284=ORIENTED_EDGE('',*,*,#3283,.F.);
#3286=ORIENTED_EDGE('',*,*,#3285,.F.);
#3288=ORIENTED_EDGE('',*,*,#3287,.F.);
#3290=ORIENTED_EDGE('',*,*,#3289,.F.);
#3292=ORIENTED_EDGE('',*,*,#3291,.F.);
#3294=ORIENTED_EDGE('',*,*,#3293,.F.);
#3296=ORIENTED_EDGE('',*,*,#3295,.F.);
#3298=ORIENTED_EDGE('',*,*,#3297,.F.);
#3299=ORIENTED_EDGE('',*,*,#3231,.F.);
#3300=ORIENTED_EDGE('',*,*,#3245,.F.);
#3302=ORIENTED_EDGE('',*,*,#3301,.T.);
#3304=ORIENTED_EDGE('',*,*,#3303,.F.);
#3305=EDGE_LOOP('',(#3256,#3258,#3260,#3262,#3264,#3266,#3268,#3270,#3272,#3274,
#3276,#3278,#3280,#3282,#3284,#3286,#3288,#3290,#3292,#3294,#3296,#3298,#3299,
#3300,#3302,#3304));
#3306=FACE_OUTER_BOUND('',#3305,.F.);
#3307=ADVANCED_FACE('',(#3306),#3254,.T.);
#3308=CARTESIAN_POINT('',(0.E0,1.9E0,0.E0));
#3309=DIRECTION('',(0.E0,1.E0,0.E0));
#3310=DIRECTION('',(0.E0,0.E0,1.E0));
#3311=AXIS2_PLACEMENT_3D('',#3308,#3309,#3310);
#3312=CONICAL_SURFACE('',#3311,2.692177859745E0,1.E0);
#3314=ORIENTED_EDGE('',*,*,#3313,.T.);
#3316=ORIENTED_EDGE('',*,*,#3315,.F.);
#3318=ORIENTED_EDGE('',*,*,#3317,.T.);
#3320=ORIENTED_EDGE('',*,*,#3319,.F.);
#3322=ORIENTED_EDGE('',*,*,#3321,.T.);
#3324=ORIENTED_EDGE('',*,*,#3323,.F.);
#3325=ORIENTED_EDGE('',*,*,#3265,.T.);
#3327=ORIENTED_EDGE('',*,*,#3326,.F.);
#3329=ORIENTED_EDGE('',*,*,#3328,.T.);
#3331=ORIENTED_EDGE('',*,*,#3330,.F.);
#3332=ORIENTED_EDGE('',*,*,#3255,.T.);
#3334=ORIENTED_EDGE('',*,*,#3333,.T.);
#3335=EDGE_LOOP('',(#3314,#3316,#3318,#3320,#3322,#3324,#3325,#3327,#3329,#3331,
#3332,#3334));
#3336=FACE_OUTER_BOUND('',#3335,.F.);
#3337=ADVANCED_FACE('',(#3336),#3312,.F.);
#3338=CARTESIAN_POINT('',(0.E0,1.5E0,0.E0));
#3339=DIRECTION('',(0.E0,-1.E0,0.E0));
#3340=DIRECTION('',(1.E0,0.E0,0.E0));
#3341=AXIS2_PLACEMENT_3D('',#3338,#3339,#3340);
#3342=PLANE('',#3341);
#3344=ORIENTED_EDGE('',*,*,#3343,.F.);
#3345=ORIENTED_EDGE('',*,*,#3313,.F.);
#3346=EDGE_LOOP('',(#3344,#3345));
#3347=FACE_OUTER_BOUND('',#3346,.F.);
#3349=ORIENTED_EDGE('',*,*,#3348,.F.);
#3351=ORIENTED_EDGE('',*,*,#3350,.F.);
#3352=EDGE_LOOP('',(#3349,#3351));
#3353=FACE_BOUND('',#3352,.F.);
#3354=ADVANCED_FACE('',(#3347,#3353),#3342,.F.);
#3355=CARTESIAN_POINT('',(0.E0,1.9E0,0.E0));
#3356=DIRECTION('',(0.E0,1.E0,0.E0));
#3357=DIRECTION('',(0.E0,0.E0,1.E0));
#3358=AXIS2_PLACEMENT_3D('',#3355,#3356,#3357);
#3359=CONICAL_SURFACE('',#3358,2.692177859745E0,1.E0);
#3360=ORIENTED_EDGE('',*,*,#3343,.T.);
#3361=ORIENTED_EDGE('',*,*,#3333,.F.);
#3362=ORIENTED_EDGE('',*,*,#3303,.T.);
#3364=ORIENTED_EDGE('',*,*,#3363,.F.);
#3366=ORIENTED_EDGE('',*,*,#3365,.T.);
#3368=ORIENTED_EDGE('',*,*,#3367,.F.);
#3370=ORIENTED_EDGE('',*,*,#3369,.T.);
#3372=ORIENTED_EDGE('',*,*,#3371,.F.);
#3374=ORIENTED_EDGE('',*,*,#3373,.T.);
#3376=ORIENTED_EDGE('',*,*,#3375,.F.);
#3378=ORIENTED_EDGE('',*,*,#3377,.T.);
#3379=ORIENTED_EDGE('',*,*,#3315,.T.);
#3380=EDGE_LOOP('',(#3360,#3361,#3362,#3364,#3366,#3368,#3370,#3372,#3374,#3376,
#3378,#3379));
#3381=FACE_OUTER_BOUND('',#3380,.F.);
#3382=ADVANCED_FACE('',(#3381),#3359,.F.);
#3383=CARTESIAN_POINT('',(1.312036313038E0,2.321330925450E0,-2.359662092355E0));
#3384=CARTESIAN_POINT('',(1.309033358080E0,2.159268803164E0,-2.358095915428E0));
#3385=CARTESIAN_POINT('',(1.306030403122E0,1.997206680878E0,-2.356529738502E0));
#3386=CARTESIAN_POINT('',(1.303027448164E0,1.835144558593E0,-2.354963561576E0));
#3387=CARTESIAN_POINT('',(1.316291950972E0,2.321271302713E0,-2.357016492053E0));
#3388=CARTESIAN_POINT('',(1.313305325834E0,2.159209427945E0,-2.355443249952E0));
#3389=CARTESIAN_POINT('',(1.310318700697E0,1.997147553176E0,-2.353870007850E0));
#3390=CARTESIAN_POINT('',(1.307332075559E0,1.835085678408E0,-2.352296765749E0));
#3391=CARTESIAN_POINT('',(1.415294386146E0,2.319858930976E0,-2.298285238322E0));
#3392=CARTESIAN_POINT('',(1.412690816509E0,2.157802445549E0,-2.296564032322E0));
#3393=CARTESIAN_POINT('',(1.410087246872E0,1.995745960122E0,-2.294842826322E0));
#3394=CARTESIAN_POINT('',(1.407483677236E0,1.833689474696E0,-2.293121620322E0));
#3395=CARTESIAN_POINT('',(1.548220363653E0,2.317303254143E0,-2.292752523478E0));
#3396=CARTESIAN_POINT('',(1.546185637508E0,2.155244375504E0,-2.291320980182E0));
#3397=CARTESIAN_POINT('',(1.544150911364E0,1.993185496865E0,-2.289889436885E0));
#3398=CARTESIAN_POINT('',(1.542116185219E0,1.831126618226E0,-2.288457893589E0));
#3399=CARTESIAN_POINT('',(1.651740688842E0,2.314821863230E0,-2.343054517330E0));
#3400=CARTESIAN_POINT('',(1.649861102197E0,2.152760201927E0,-2.342223639432E0));
#3401=CARTESIAN_POINT('',(1.647981515552E0,1.990698540624E0,-2.341392761534E0));
#3402=CARTESIAN_POINT('',(1.646101928907E0,1.828636879320E0,-2.340561883636E0));
#3403=CARTESIAN_POINT('',(1.656200614822E0,2.314713917577E0,-2.345337407824E0));
#3404=CARTESIAN_POINT('',(1.654327049122E0,2.152652136357E0,-2.344533105458E0));
#3405=CARTESIAN_POINT('',(1.652453483422E0,1.990590355137E0,-2.343728803093E0));
#3406=CARTESIAN_POINT('',(1.650579917722E0,1.828528573917E0,-2.342924500727E0));
#3407=B_SPLINE_SURFACE_WITH_KNOTS('',3,3,((#3383,#3384,#3385,#3386),(#3387,
#3388,#3389,#3390),(#3391,#3392,#3393,#3394),(#3395,#3396,#3397,#3398),(#3399,
#3400,#3401,#3402),(#3403,#3404,#3405,#3406)),.UNSPECIFIED.,.F.,.F.,.F.,(4,1,1,
4),(4,4),(-4.553720897336E-2,0.E0,1.E0,1.045538003590E0),(-2.665033541198E-2,
1.026650348880E0),.UNSPECIFIED.);
#3408=ORIENTED_EDGE('',*,*,#3301,.F.);
#3409=ORIENTED_EDGE('',*,*,#3243,.T.);
#3411=ORIENTED_EDGE('',*,*,#3410,.F.);
#3412=ORIENTED_EDGE('',*,*,#3363,.T.);
#3413=EDGE_LOOP('',(#3408,#3409,#3411,#3412));
#3414=FACE_OUTER_BOUND('',#3413,.F.);
#3415=ADVANCED_FACE('',(#3414),#3407,.F.);
#3416=CARTESIAN_POINT('',(-1.8616E0,1.85E0,1.8616E0));
#3417=DIRECTION('',(0.E0,1.E0,0.E0));
#3418=DIRECTION('',(0.E0,0.E0,1.E0));
#3419=AXIS2_PLACEMENT_3D('',#3416,#3417,#3418);
#3420=PLANE('',#3419);
#3421=ORIENTED_EDGE('',*,*,#3365,.F.);
#3422=ORIENTED_EDGE('',*,*,#3410,.T.);
#3423=ORIENTED_EDGE('',*,*,#3241,.F.);
#3424=ORIENTED_EDGE('',*,*,#3239,.F.);
#3426=ORIENTED_EDGE('',*,*,#3425,.T.);
#3427=EDGE_LOOP('',(#3421,#3422,#3423,#3424,#3426));
#3428=FACE_OUTER_BOUND('',#3427,.F.);
#3429=ADVANCED_FACE('',(#3428),#3420,.T.);
#3430=CARTESIAN_POINT('',(2.355030479458E0,1.831062176743E0,-1.302780247897E0));
#3431=CARTESIAN_POINT('',(2.358206607997E0,2.162514680385E0,-1.308962360565E0));
#3432=CARTESIAN_POINT('',(2.361382736535E0,2.493967184026E0,-1.315144473233E0));
#3433=CARTESIAN_POINT('',(2.364558865073E0,2.825419687668E0,-1.321326585901E0));
#3434=CARTESIAN_POINT('',(2.352337321165E0,1.831002832186E0,-1.307122001527E0));
#3435=CARTESIAN_POINT('',(2.355528114364E0,2.162454826488E0,-1.313270353892E0));
#3436=CARTESIAN_POINT('',(2.358718907564E0,2.493906820789E0,-1.319418706256E0));
#3437=CARTESIAN_POINT('',(2.361909700763E0,2.825358815091E0,-1.325567058620E0));
#3438=CARTESIAN_POINT('',(2.293085387575E0,1.829606749233E0,-1.407318590703E0));
#3439=CARTESIAN_POINT('',(2.296580762750E0,2.161047750706E0,-1.412681435264E0));
#3440=CARTESIAN_POINT('',(2.300076137925E0,2.492488752180E0,-1.418044279825E0));
#3441=CARTESIAN_POINT('',(2.303571513100E0,2.823929753653E0,-1.423407124385E0));
#3442=CARTESIAN_POINT('',(2.288411446341E0,1.827041278449E0,-1.542105722009E0));
#3443=CARTESIAN_POINT('',(2.291319406569E0,2.158487163207E0,-1.546301687404E0));
#3444=CARTESIAN_POINT('',(2.294227366797E0,2.489933047965E0,-1.550497652798E0));
#3445=CARTESIAN_POINT('',(2.297135327026E0,2.821378932723E0,-1.554693618192E0));
#3446=CARTESIAN_POINT('',(2.340591143096E0,1.824549806290E0,-1.646152986415E0));
#3447=CARTESIAN_POINT('',(2.342272165440E0,2.156001356023E0,-1.650021464674E0));
#3448=CARTESIAN_POINT('',(2.343953187785E0,2.487452905756E0,-1.653889942932E0));
#3449=CARTESIAN_POINT('',(2.345634210130E0,2.818904455489E0,-1.657758421191E0));
#3450=CARTESIAN_POINT('',(2.342982569585E0,1.824440309200E0,-1.650679246305E0));
#3451=CARTESIAN_POINT('',(2.344608726997E0,2.155892105544E0,-1.654534839868E0));
#3452=CARTESIAN_POINT('',(2.346234884409E0,2.487343901889E0,-1.658390433432E0));
#3453=CARTESIAN_POINT('',(2.347861041821E0,2.818795698233E0,-1.662246026995E0));
#3454=B_SPLINE_SURFACE_WITH_KNOTS('',3,3,((#3430,#3431,#3432,#3433),(#3434,
#3435,#3436,#3437),(#3438,#3439,#3440,#3441),(#3442,#3443,#3444,#3445),(#3446,
#3447,#3448,#3449),(#3450,#3451,#3452,#3453)),.UNSPECIFIED.,.F.,.F.,.F.,(4,1,1,
4),(4,4),(-4.593289182456E-2,0.E0,1.E0,1.046029796388E0),(-1.383448028948E-2,
1.013834004360E0),.UNSPECIFIED.);
#3455=ORIENTED_EDGE('',*,*,#3425,.F.);
#3456=ORIENTED_EDGE('',*,*,#3237,.T.);
#3458=ORIENTED_EDGE('',*,*,#3457,.F.);
#3460=ORIENTED_EDGE('',*,*,#3459,.T.);
#3462=ORIENTED_EDGE('',*,*,#3461,.F.);
#3464=ORIENTED_EDGE('',*,*,#3463,.F.);
#3465=ORIENTED_EDGE('',*,*,#3367,.T.);
#3466=EDGE_LOOP('',(#3455,#3456,#3458,#3460,#3462,#3464,#3465));
#3467=FACE_OUTER_BOUND('',#3466,.F.);
#3468=ADVANCED_FACE('',(#3467),#3454,.F.);
#3469=CARTESIAN_POINT('',(0.E0,2.8E0,0.E0));
#3470=DIRECTION('',(0.E0,1.E0,0.E0));
#3471=DIRECTION('',(0.E0,0.E0,1.E0));
#3472=AXIS2_PLACEMENT_3D('',#3469,#3470,#3471);
#3473=PLANE('',#3472);
#3475=ORIENTED_EDGE('',*,*,#3474,.F.);
#3477=ORIENTED_EDGE('',*,*,#3476,.F.);
#3479=ORIENTED_EDGE('',*,*,#3478,.F.);
#3481=ORIENTED_EDGE('',*,*,#3480,.F.);
#3483=ORIENTED_EDGE('',*,*,#3482,.F.);
#3485=ORIENTED_EDGE('',*,*,#3484,.F.);
#3487=ORIENTED_EDGE('',*,*,#3486,.F.);
#3489=ORIENTED_EDGE('',*,*,#3488,.F.);
#3491=ORIENTED_EDGE('',*,*,#3490,.F.);
#3493=ORIENTED_EDGE('',*,*,#3492,.F.);
#3495=ORIENTED_EDGE('',*,*,#3494,.F.);
#3497=ORIENTED_EDGE('',*,*,#3496,.F.);
#3498=ORIENTED_EDGE('',*,*,#3457,.T.);
#3499=ORIENTED_EDGE('',*,*,#3235,.F.);
#3501=ORIENTED_EDGE('',*,*,#3500,.F.);
#3503=ORIENTED_EDGE('',*,*,#3502,.F.);
#3505=ORIENTED_EDGE('',*,*,#3504,.F.);
#3507=ORIENTED_EDGE('',*,*,#3506,.F.);
#3508=EDGE_LOOP('',(#3475,#3477,#3479,#3481,#3483,#3485,#3487,#3489,#3491,#3493,
#3495,#3497,#3498,#3499,#3501,#3503,#3505,#3507));
#3509=FACE_OUTER_BOUND('',#3508,.F.);
#3510=ADVANCED_FACE('',(#3509),#3473,.T.);
#3511=CARTESIAN_POINT('',(0.E0,1.030841279223E1,0.E0));
#3512=DIRECTION('',(0.E0,-1.E0,0.E0));
#3513=DIRECTION('',(0.E0,0.E0,-1.E0));
#3514=AXIS2_PLACEMENT_3D('',#3511,#3512,#3513);
#3515=CYLINDRICAL_SURFACE('',#3514,5.E0);
#3517=ORIENTED_EDGE('',*,*,#3516,.T.);
#3519=ORIENTED_EDGE('',*,*,#3518,.T.);
#3520=ORIENTED_EDGE('',*,*,#3474,.T.);
#3522=ORIENTED_EDGE('',*,*,#3521,.T.);
#3523=EDGE_LOOP('',(#3517,#3519,#3520,#3522));
#3524=FACE_OUTER_BOUND('',#3523,.F.);
#3525=ADVANCED_FACE('',(#3524),#3515,.T.);
#3526=CARTESIAN_POINT('',(0.E0,1.8E0,0.E0));
#3527=DIRECTION('',(0.E0,1.E0,0.E0));
#3528=DIRECTION('',(0.E0,0.E0,1.E0));
#3529=AXIS2_PLACEMENT_3D('',#3526,#3527,#3528);
#3530=PLANE('',#3529);
#3532=ORIENTED_EDGE('',*,*,#3531,.F.);
#3534=ORIENTED_EDGE('',*,*,#3533,.F.);
#3536=ORIENTED_EDGE('',*,*,#3535,.F.);
#3538=ORIENTED_EDGE('',*,*,#3537,.F.);
#3540=ORIENTED_EDGE('',*,*,#3539,.F.);
#3542=ORIENTED_EDGE('',*,*,#3541,.F.);
#3544=ORIENTED_EDGE('',*,*,#3543,.F.);
#3546=ORIENTED_EDGE('',*,*,#3545,.F.);
#3547=ORIENTED_EDGE('',*,*,#3516,.F.);
#3549=ORIENTED_EDGE('',*,*,#3548,.F.);
#3551=ORIENTED_EDGE('',*,*,#3550,.F.);
#3552=EDGE_LOOP('',(#3532,#3534,#3536,#3538,#3540,#3542,#3544,#3546,#3547,#3549,
#3551));
#3553=FACE_OUTER_BOUND('',#3552,.F.);
#3554=ADVANCED_FACE('',(#3553),#3530,.F.);
#3555=CARTESIAN_POINT('',(0.E0,1.030841279223E1,0.E0));
#3556=DIRECTION('',(-7.071067811865E-1,0.E0,-7.071067811865E-1));
#3557=DIRECTION('',(-7.071067811865E-1,0.E0,7.071067811865E-1));
#3558=AXIS2_PLACEMENT_3D('',#3555,#3556,#3557);
#3559=PLANE('',#3558);
#3560=ORIENTED_EDGE('',*,*,#3502,.T.);
#3562=ORIENTED_EDGE('',*,*,#3561,.T.);
#3563=ORIENTED_EDGE('',*,*,#3295,.T.);
#3565=ORIENTED_EDGE('',*,*,#3564,.T.);
#3566=ORIENTED_EDGE('',*,*,#3531,.T.);
#3568=ORIENTED_EDGE('',*,*,#3567,.T.);
#3569=EDGE_LOOP('',(#3560,#3562,#3563,#3565,#3566,#3568));
#3570=FACE_OUTER_BOUND('',#3569,.F.);
#3571=ADVANCED_FACE('',(#3570),#3559,.T.);
#3572=CARTESIAN_POINT('',(2.676152184526E0,1.85E0,-2.181177437695E0));
#3573=DIRECTION('',(0.E0,1.E0,0.E0));
#3574=DIRECTION('',(0.E0,0.E0,1.E0));
#3575=AXIS2_PLACEMENT_3D('',#3572,#3573,#3574);
#3576=CYLINDRICAL_SURFACE('',#3575,3.5E-1);
#3577=ORIENTED_EDGE('',*,*,#3500,.T.);
#3578=ORIENTED_EDGE('',*,*,#3233,.F.);
#3579=ORIENTED_EDGE('',*,*,#3297,.T.);
#3580=ORIENTED_EDGE('',*,*,#3561,.F.);
#3581=EDGE_LOOP('',(#3577,#3578,#3579,#3580));
#3582=FACE_OUTER_BOUND('',#3581,.F.);
#3583=ADVANCED_FACE('',(#3582),#3576,.T.);
#3584=CARTESIAN_POINT('',(2.433335346039E0,-9.899494936612E0,
-3.423284839700E0));
#3585=DIRECTION('',(0.E0,1.E0,0.E0));
#3586=DIRECTION('',(0.E0,0.E0,1.E0));
#3587=AXIS2_PLACEMENT_3D('',#3584,#3585,#3586);
#3588=CYLINDRICAL_SURFACE('',#3587,7.E-1);
#3589=ORIENTED_EDGE('',*,*,#3533,.T.);
#3590=ORIENTED_EDGE('',*,*,#3564,.F.);
#3591=ORIENTED_EDGE('',*,*,#3293,.T.);
#3593=ORIENTED_EDGE('',*,*,#3592,.T.);
#3594=EDGE_LOOP('',(#3589,#3590,#3591,#3593));
#3595=FACE_OUTER_BOUND('',#3594,.F.);
#3596=ADVANCED_FACE('',(#3595),#3588,.F.);
#3597=CARTESIAN_POINT('',(2.433335346039E0,-9.899494936612E0,
-3.423284839700E0));
#3598=DIRECTION('',(0.E0,1.E0,0.E0));
#3599=DIRECTION('',(0.E0,0.E0,1.E0));
#3600=AXIS2_PLACEMENT_3D('',#3597,#3598,#3599);
#3601=CYLINDRICAL_SURFACE('',#3600,7.E-1);
#3602=ORIENTED_EDGE('',*,*,#3592,.F.);
#3603=ORIENTED_EDGE('',*,*,#3291,.T.);
#3605=ORIENTED_EDGE('',*,*,#3604,.F.);
#3606=ORIENTED_EDGE('',*,*,#3535,.T.);
#3607=EDGE_LOOP('',(#3602,#3603,#3605,#3606));
#3608=FACE_OUTER_BOUND('',#3607,.F.);
#3609=ADVANCED_FACE('',(#3608),#3601,.F.);
#3610=CARTESIAN_POINT('',(0.E0,-9.899494936612E0,0.E0));
#3611=DIRECTION('',(0.E0,1.E0,0.E0));
#3612=DIRECTION('',(0.E0,0.E0,1.E0));
#3613=AXIS2_PLACEMENT_3D('',#3610,#3611,#3612);
#3614=CYLINDRICAL_SURFACE('',#3613,3.5E0);
#3616=ORIENTED_EDGE('',*,*,#3615,.T.);
#3618=ORIENTED_EDGE('',*,*,#3617,.F.);
#3620=ORIENTED_EDGE('',*,*,#3619,.T.);
#3622=ORIENTED_EDGE('',*,*,#3621,.F.);
#3624=ORIENTED_EDGE('',*,*,#3623,.F.);
#3626=ORIENTED_EDGE('',*,*,#3625,.T.);
#3628=ORIENTED_EDGE('',*,*,#3627,.T.);
#3629=ORIENTED_EDGE('',*,*,#3537,.T.);
#3630=ORIENTED_EDGE('',*,*,#3604,.T.);
#3631=ORIENTED_EDGE('',*,*,#3289,.T.);
#3633=ORIENTED_EDGE('',*,*,#3632,.T.);
#3635=ORIENTED_EDGE('',*,*,#3634,.T.);
#3636=EDGE_LOOP('',(#3616,#3618,#3620,#3622,#3624,#3626,#3628,#3629,#3630,#3631,
#3633,#3635));
#3637=FACE_OUTER_BOUND('',#3636,.F.);
#3638=ADVANCED_FACE('',(#3637),#3614,.T.);
#3639=CARTESIAN_POINT('',(0.E0,-9.899494936612E0,0.E0));
#3640=DIRECTION('',(0.E0,1.E0,0.E0));
#3641=DIRECTION('',(0.E0,0.E0,1.E0));
#3642=AXIS2_PLACEMENT_3D('',#3639,#3640,#3641);
#3643=CYLINDRICAL_SURFACE('',#3642,3.5E0);
#3644=ORIENTED_EDGE('',*,*,#3619,.F.);
#3646=ORIENTED_EDGE('',*,*,#3645,.T.);
#3647=ORIENTED_EDGE('',*,*,#3615,.F.);
#3648=ORIENTED_EDGE('',*,*,#3634,.F.);
#3649=ORIENTED_EDGE('',*,*,#3632,.F.);
#3650=ORIENTED_EDGE('',*,*,#3287,.T.);
#3652=ORIENTED_EDGE('',*,*,#3651,.T.);
#3654=ORIENTED_EDGE('',*,*,#3653,.T.);
#3656=ORIENTED_EDGE('',*,*,#3655,.T.);
#3658=ORIENTED_EDGE('',*,*,#3657,.T.);
#3659=ORIENTED_EDGE('',*,*,#3623,.T.);
#3660=ORIENTED_EDGE('',*,*,#3621,.T.);
#3661=EDGE_LOOP('',(#3644,#3646,#3647,#3648,#3649,#3650,#3652,#3654,#3656,#3658,
#3659,#3660));
#3662=FACE_OUTER_BOUND('',#3661,.F.);
#3663=ADVANCED_FACE('',(#3662),#3643,.T.);
#3664=CARTESIAN_POINT('',(0.E0,-1.700000000006E0,0.E0));
#3665=DIRECTION('',(0.E0,-1.E0,0.E0));
#3666=DIRECTION('',(-1.E0,0.E0,0.E0));
#3667=AXIS2_PLACEMENT_3D('',#3664,#3665,#3666);
#3668=PLANE('',#3667);
#3669=ORIENTED_EDGE('',*,*,#3645,.F.);
#3670=ORIENTED_EDGE('',*,*,#3617,.T.);
#3671=EDGE_LOOP('',(#3669,#3670));
#3672=FACE_OUTER_BOUND('',#3671,.F.);
#3674=ORIENTED_EDGE('',*,*,#3673,.F.);
#3676=ORIENTED_EDGE('',*,*,#3675,.T.);
#3677=EDGE_LOOP('',(#3674,#3676));
#3678=FACE_BOUND('',#3677,.F.);
#3679=ADVANCED_FACE('',(#3672,#3678),#3668,.T.);
#3680=CARTESIAN_POINT('',(0.E0,-1.667708500006E0,0.E0));
#3681=DIRECTION('',(0.E0,1.E0,0.E0));
#3682=DIRECTION('',(1.E0,0.E0,0.E0));
#3683=AXIS2_PLACEMENT_3D('',#3680,#3681,#3682);
#3684=CONICAL_SURFACE('',#3683,1.9886205E0,8.028524150020E1);
#3686=ORIENTED_EDGE('',*,*,#3685,.T.);
#3687=ORIENTED_EDGE('',*,*,#3673,.T.);
#3689=ORIENTED_EDGE('',*,*,#3688,.F.);
#3691=ORIENTED_EDGE('',*,*,#3690,.F.);
#3692=EDGE_LOOP('',(#3686,#3687,#3689,#3691));
#3693=FACE_OUTER_BOUND('',#3692,.F.);
#3694=ADVANCED_FACE('',(#3693),#3684,.F.);
#3695=CARTESIAN_POINT('',(0.E0,-1.667708500006E0,0.E0));
#3696=DIRECTION('',(0.E0,1.E0,0.E0));
#3697=DIRECTION('',(1.E0,0.E0,0.E0));
#3698=AXIS2_PLACEMENT_3D('',#3695,#3696,#3697);
#3699=CONICAL_SURFACE('',#3698,1.9886205E0,8.028524150020E1);
#3700=ORIENTED_EDGE('',*,*,#3685,.F.);
#3702=ORIENTED_EDGE('',*,*,#3701,.T.);
#3703=ORIENTED_EDGE('',*,*,#3688,.T.);
#3704=ORIENTED_EDGE('',*,*,#3675,.F.);
#3705=EDGE_LOOP('',(#3700,#3702,#3703,#3704));
#3706=FACE_OUTER_BOUND('',#3705,.F.);
#3707=ADVANCED_FACE('',(#3706),#3699,.F.);
#3708=CARTESIAN_POINT('',(0.E0,-1.603125000006E0,0.E0));
#3709=DIRECTION('',(0.E0,1.E0,0.E0));
#3710=DIRECTION('',(1.E0,0.E0,0.E0));
#3711=AXIS2_PLACEMENT_3D('',#3708,#3709,#3710);
#3712=CONICAL_SURFACE('',#3711,2.2031995E0,3.879468182162E1);
#3714=ORIENTED_EDGE('',*,*,#3713,.F.);
#3716=ORIENTED_EDGE('',*,*,#3715,.T.);
#3718=ORIENTED_EDGE('',*,*,#3717,.T.);
#3719=ORIENTED_EDGE('',*,*,#3701,.F.);
#3720=EDGE_LOOP('',(#3714,#3716,#3718,#3719));
#3721=FACE_OUTER_BOUND('',#3720,.F.);
#3722=ADVANCED_FACE('',(#3721),#3712,.F.);
#3723=CARTESIAN_POINT('',(0.E0,-1.603125000006E0,0.E0));
#3724=DIRECTION('',(0.E0,1.E0,0.E0));
#3725=DIRECTION('',(1.E0,0.E0,0.E0));
#3726=AXIS2_PLACEMENT_3D('',#3723,#3724,#3725);
#3727=CONICAL_SURFACE('',#3726,2.2031995E0,3.879468182162E1);
#3728=ORIENTED_EDGE('',*,*,#3713,.T.);
#3729=ORIENTED_EDGE('',*,*,#3690,.T.);
#3730=ORIENTED_EDGE('',*,*,#3717,.F.);
#3732=ORIENTED_EDGE('',*,*,#3731,.F.);
#3733=EDGE_LOOP('',(#3728,#3729,#3730,#3732));
#3734=FACE_OUTER_BOUND('',#3733,.F.);
#3735=ADVANCED_FACE('',(#3734),#3727,.F.);
#3736=CARTESIAN_POINT('',(0.E0,-1.538541500006E0,0.E0));
#3737=DIRECTION('',(0.E0,1.E0,0.E0));
#3738=DIRECTION('',(1.E0,0.E0,0.E0));
#3739=AXIS2_PLACEMENT_3D('',#3736,#3737,#3738);
#3740=CONICAL_SURFACE('',#3739,2.2450445E0,2.619587464994E1);
#3742=ORIENTED_EDGE('',*,*,#3741,.T.);
#3743=ORIENTED_EDGE('',*,*,#3731,.T.);
#3745=ORIENTED_EDGE('',*,*,#3744,.F.);
#3747=ORIENTED_EDGE('',*,*,#3746,.F.);
#3748=EDGE_LOOP('',(#3742,#3743,#3745,#3747));
#3749=FACE_OUTER_BOUND('',#3748,.F.);
#3750=ADVANCED_FACE('',(#3749),#3740,.F.);
#3751=CARTESIAN_POINT('',(0.E0,-1.538541500006E0,0.E0));
#3752=DIRECTION('',(0.E0,1.E0,0.E0));
#3753=DIRECTION('',(1.E0,0.E0,0.E0));
#3754=AXIS2_PLACEMENT_3D('',#3751,#3752,#3753);
#3755=CONICAL_SURFACE('',#3754,2.2450445E0,2.619587464994E1);
#3756=ORIENTED_EDGE('',*,*,#3741,.F.);
#3758=ORIENTED_EDGE('',*,*,#3757,.T.);
#3759=ORIENTED_EDGE('',*,*,#3744,.T.);
#3760=ORIENTED_EDGE('',*,*,#3715,.F.);
#3761=EDGE_LOOP('',(#3756,#3758,#3759,#3760));
#3762=FACE_OUTER_BOUND('',#3761,.F.);
#3763=ADVANCED_FACE('',(#3762),#3755,.F.);
#3764=CARTESIAN_POINT('',(0.E0,-1.473958500006E0,0.E0));
#3765=DIRECTION('',(0.E0,1.E0,0.E0));
#3766=DIRECTION('',(1.E0,0.E0,0.E0));
#3767=AXIS2_PLACEMENT_3D('',#3764,#3765,#3766);
#3768=CONICAL_SURFACE('',#3767,2.272246E0,1.931055316594E1);
#3770=ORIENTED_EDGE('',*,*,#3769,.F.);
#3772=ORIENTED_EDGE('',*,*,#3771,.T.);
#3774=ORIENTED_EDGE('',*,*,#3773,.T.);
#3775=ORIENTED_EDGE('',*,*,#3757,.F.);
#3776=EDGE_LOOP('',(#3770,#3772,#3774,#3775));
#3777=FACE_OUTER_BOUND('',#3776,.F.);
#3778=ADVANCED_FACE('',(#3777),#3768,.F.);
#3779=CARTESIAN_POINT('',(0.E0,-1.473958500006E0,0.E0));
#3780=DIRECTION('',(0.E0,1.E0,0.E0));
#3781=DIRECTION('',(1.E0,0.E0,0.E0));
#3782=AXIS2_PLACEMENT_3D('',#3779,#3780,#3781);
#3783=CONICAL_SURFACE('',#3782,2.272246E0,1.931055316594E1);
#3784=ORIENTED_EDGE('',*,*,#3769,.T.);
#3785=ORIENTED_EDGE('',*,*,#3746,.T.);
#3786=ORIENTED_EDGE('',*,*,#3773,.F.);
#3788=ORIENTED_EDGE('',*,*,#3787,.F.);
#3789=EDGE_LOOP('',(#3784,#3785,#3786,#3788));
#3790=FACE_OUTER_BOUND('',#3789,.F.);
#3791=ADVANCED_FACE('',(#3790),#3783,.F.);
#3792=CARTESIAN_POINT('',(0.E0,-1.409375000006E0,0.E0));
#3793=DIRECTION('',(0.E0,1.E0,0.E0));
#3794=DIRECTION('',(1.E0,0.E0,0.E0));
#3795=AXIS2_PLACEMENT_3D('',#3792,#3793,#3794);
#3796=CONICAL_SURFACE('',#3795,2.2921825E0,1.494847784058E1);
#3798=ORIENTED_EDGE('',*,*,#3797,.T.);
#3799=ORIENTED_EDGE('',*,*,#3787,.T.);
#3801=ORIENTED_EDGE('',*,*,#3800,.F.);
#3803=ORIENTED_EDGE('',*,*,#3802,.F.);
#3804=EDGE_LOOP('',(#3798,#3799,#3801,#3803));
#3805=FACE_OUTER_BOUND('',#3804,.F.);
#3806=ADVANCED_FACE('',(#3805),#3796,.F.);
#3807=CARTESIAN_POINT('',(0.E0,-1.409375000006E0,0.E0));
#3808=DIRECTION('',(0.E0,1.E0,0.E0));
#3809=DIRECTION('',(1.E0,0.E0,0.E0));
#3810=AXIS2_PLACEMENT_3D('',#3807,#3808,#3809);
#3811=CONICAL_SURFACE('',#3810,2.2921825E0,1.494847784058E1);
#3812=ORIENTED_EDGE('',*,*,#3797,.F.);
#3814=ORIENTED_EDGE('',*,*,#3813,.T.);
#3815=ORIENTED_EDGE('',*,*,#3800,.T.);
#3816=ORIENTED_EDGE('',*,*,#3771,.F.);
#3817=EDGE_LOOP('',(#3812,#3814,#3815,#3816));
#3818=FACE_OUTER_BOUND('',#3817,.F.);
#3819=ADVANCED_FACE('',(#3818),#3811,.F.);
#3820=CARTESIAN_POINT('',(0.E0,-1.344791500006E0,0.E0));
#3821=DIRECTION('',(0.E0,1.E0,0.E0));
#3822=DIRECTION('',(1.E0,0.E0,0.E0));
#3823=AXIS2_PLACEMENT_3D('',#3820,#3821,#3822);
#3824=CONICAL_SURFACE('',#3823,2.3076165E0,1.191293407328E1);
#3826=ORIENTED_EDGE('',*,*,#3825,.F.);
#3828=ORIENTED_EDGE('',*,*,#3827,.T.);
#3830=ORIENTED_EDGE('',*,*,#3829,.T.);
#3831=ORIENTED_EDGE('',*,*,#3813,.F.);
#3832=EDGE_LOOP('',(#3826,#3828,#3830,#3831));
#3833=FACE_OUTER_BOUND('',#3832,.F.);
#3834=ADVANCED_FACE('',(#3833),#3824,.F.);
#3835=CARTESIAN_POINT('',(0.E0,-1.344791500006E0,0.E0));
#3836=DIRECTION('',(0.E0,1.E0,0.E0));
#3837=DIRECTION('',(1.E0,0.E0,0.E0));
#3838=AXIS2_PLACEMENT_3D('',#3835,#3836,#3837);
#3839=CONICAL_SURFACE('',#3838,2.3076165E0,1.191293407328E1);
#3840=ORIENTED_EDGE('',*,*,#3825,.T.);
#3841=ORIENTED_EDGE('',*,*,#3802,.T.);
#3842=ORIENTED_EDGE('',*,*,#3829,.F.);
#3844=ORIENTED_EDGE('',*,*,#3843,.F.);
#3845=EDGE_LOOP('',(#3840,#3841,#3842,#3844));
#3846=FACE_OUTER_BOUND('',#3845,.F.);
#3847=ADVANCED_FACE('',(#3846),#3839,.F.);
#3848=CARTESIAN_POINT('',(0.E0,-1.280208500006E0,0.E0));
#3849=DIRECTION('',(0.E0,1.E0,0.E0));
#3850=DIRECTION('',(1.E0,0.E0,0.E0));
#3851=AXIS2_PLACEMENT_3D('',#3848,#3849,#3850);
#3852=CONICAL_SURFACE('',#3851,2.319925E0,9.659159301974E0);
#3854=ORIENTED_EDGE('',*,*,#3853,.T.);
#3855=ORIENTED_EDGE('',*,*,#3843,.T.);
#3857=ORIENTED_EDGE('',*,*,#3856,.F.);
#3859=ORIENTED_EDGE('',*,*,#3858,.F.);
#3860=EDGE_LOOP('',(#3854,#3855,#3857,#3859));
#3861=FACE_OUTER_BOUND('',#3860,.F.);
#3862=ADVANCED_FACE('',(#3861),#3852,.F.);
#3863=CARTESIAN_POINT('',(0.E0,-1.280208500006E0,0.E0));
#3864=DIRECTION('',(0.E0,1.E0,0.E0));
#3865=DIRECTION('',(1.E0,0.E0,0.E0));
#3866=AXIS2_PLACEMENT_3D('',#3863,#3864,#3865);
#3867=CONICAL_SURFACE('',#3866,2.319925E0,9.659159301974E0);
#3868=ORIENTED_EDGE('',*,*,#3853,.F.);
#3870=ORIENTED_EDGE('',*,*,#3869,.T.);
#3871=ORIENTED_EDGE('',*,*,#3856,.T.);
#3872=ORIENTED_EDGE('',*,*,#3827,.F.);
#3873=EDGE_LOOP('',(#3868,#3870,#3871,#3872));
#3874=FACE_OUTER_BOUND('',#3873,.F.);
#3875=ADVANCED_FACE('',(#3874),#3867,.F.);
#3876=CARTESIAN_POINT('',(0.E0,-1.215625000006E0,0.E0));
#3877=DIRECTION('',(0.E0,1.E0,0.E0));
#3878=DIRECTION('',(1.E0,0.E0,0.E0));
#3879=AXIS2_PLACEMENT_3D('',#3876,#3877,#3878);
#3880=CONICAL_SURFACE('',#3879,2.329903E0,7.901940465396E0);
#3882=ORIENTED_EDGE('',*,*,#3881,.F.);
#3884=ORIENTED_EDGE('',*,*,#3883,.T.);
#3886=ORIENTED_EDGE('',*,*,#3885,.T.);
#3887=ORIENTED_EDGE('',*,*,#3869,.F.);
#3888=EDGE_LOOP('',(#3882,#3884,#3886,#3887));
#3889=FACE_OUTER_BOUND('',#3888,.F.);
#3890=ADVANCED_FACE('',(#3889),#3880,.F.);
#3891=CARTESIAN_POINT('',(0.E0,-1.215625000006E0,0.E0));
#3892=DIRECTION('',(0.E0,1.E0,0.E0));
#3893=DIRECTION('',(1.E0,0.E0,0.E0));
#3894=AXIS2_PLACEMENT_3D('',#3891,#3892,#3893);
#3895=CONICAL_SURFACE('',#3894,2.329903E0,7.901940465396E0);
#3896=ORIENTED_EDGE('',*,*,#3881,.T.);
#3897=ORIENTED_EDGE('',*,*,#3858,.T.);
#3898=ORIENTED_EDGE('',*,*,#3885,.F.);
#3900=ORIENTED_EDGE('',*,*,#3899,.F.);
#3901=EDGE_LOOP('',(#3896,#3897,#3898,#3900));
#3902=FACE_OUTER_BOUND('',#3901,.F.);
#3903=ADVANCED_FACE('',(#3902),#3895,.F.);
#3904=CARTESIAN_POINT('',(0.E0,-1.151041500006E0,0.E0));
#3905=DIRECTION('',(0.E0,1.E0,0.E0));
#3906=DIRECTION('',(1.E0,0.E0,0.E0));
#3907=AXIS2_PLACEMENT_3D('',#3904,#3905,#3906);
#3908=CONICAL_SURFACE('',#3907,2.3380535E0,6.481341882898E0);
#3910=ORIENTED_EDGE('',*,*,#3909,.T.);
#3911=ORIENTED_EDGE('',*,*,#3899,.T.);
#3913=ORIENTED_EDGE('',*,*,#3912,.F.);
#3915=ORIENTED_EDGE('',*,*,#3914,.F.);
#3916=EDGE_LOOP('',(#3910,#3911,#3913,#3915));
#3917=FACE_OUTER_BOUND('',#3916,.F.);
#3918=ADVANCED_FACE('',(#3917),#3908,.F.);
#3919=CARTESIAN_POINT('',(0.E0,-1.151041500006E0,0.E0));
#3920=DIRECTION('',(0.E0,1.E0,0.E0));
#3921=DIRECTION('',(1.E0,0.E0,0.E0));
#3922=AXIS2_PLACEMENT_3D('',#3919,#3920,#3921);
#3923=CONICAL_SURFACE('',#3922,2.3380535E0,6.481341882898E0);
#3924=ORIENTED_EDGE('',*,*,#3909,.F.);
#3926=ORIENTED_EDGE('',*,*,#3925,.T.);
#3927=ORIENTED_EDGE('',*,*,#3912,.T.);
#3928=ORIENTED_EDGE('',*,*,#3883,.F.);
#3929=EDGE_LOOP('',(#3924,#3926,#3927,#3928));
#3930=FACE_OUTER_BOUND('',#3929,.F.);
#3931=ADVANCED_FACE('',(#3930),#3923,.F.);
#3932=CARTESIAN_POINT('',(0.E0,-1.086458500006E0,0.E0));
#3933=DIRECTION('',(0.E0,1.E0,0.E0));
#3934=DIRECTION('',(1.E0,0.E0,0.E0));
#3935=AXIS2_PLACEMENT_3D('',#3932,#3933,#3934);
#3936=CONICAL_SURFACE('',#3935,2.3447155E0,5.296319954845E0);
#3938=ORIENTED_EDGE('',*,*,#3937,.F.);
#3940=ORIENTED_EDGE('',*,*,#3939,.T.);
#3942=ORIENTED_EDGE('',*,*,#3941,.T.);
#3943=ORIENTED_EDGE('',*,*,#3925,.F.);
#3944=EDGE_LOOP('',(#3938,#3940,#3942,#3943));
#3945=FACE_OUTER_BOUND('',#3944,.F.);
#3946=ADVANCED_FACE('',(#3945),#3936,.F.);
#3947=CARTESIAN_POINT('',(0.E0,-1.086458500006E0,0.E0));
#3948=DIRECTION('',(0.E0,1.E0,0.E0));
#3949=DIRECTION('',(1.E0,0.E0,0.E0));
#3950=AXIS2_PLACEMENT_3D('',#3947,#3948,#3949);
#3951=CONICAL_SURFACE('',#3950,2.3447155E0,5.296319954845E0);
#3952=ORIENTED_EDGE('',*,*,#3937,.T.);
#3953=ORIENTED_EDGE('',*,*,#3914,.T.);
#3954=ORIENTED_EDGE('',*,*,#3941,.F.);
#3956=ORIENTED_EDGE('',*,*,#3955,.F.);
#3957=EDGE_LOOP('',(#3952,#3953,#3954,#3956));
#3958=FACE_OUTER_BOUND('',#3957,.F.);
#3959=ADVANCED_FACE('',(#3958),#3951,.F.);
#3960=CARTESIAN_POINT('',(0.E0,-1.021875000006E0,0.E0));
#3961=DIRECTION('',(0.E0,1.E0,0.E0));
#3962=DIRECTION('',(1.E0,0.E0,0.E0));
#3963=AXIS2_PLACEMENT_3D('',#3960,#3961,#3962);
#3964=CONICAL_SURFACE('',#3963,2.3501285E0,4.284918798224E0);
#3966=ORIENTED_EDGE('',*,*,#3965,.T.);
#3967=ORIENTED_EDGE('',*,*,#3955,.T.);
#3969=ORIENTED_EDGE('',*,*,#3968,.F.);
#3971=ORIENTED_EDGE('',*,*,#3970,.F.);
#3972=EDGE_LOOP('',(#3966,#3967,#3969,#3971));
#3973=FACE_OUTER_BOUND('',#3972,.F.);
#3974=ADVANCED_FACE('',(#3973),#3964,.F.);
#3975=CARTESIAN_POINT('',(0.E0,-1.021875000006E0,0.E0));
#3976=DIRECTION('',(0.E0,1.E0,0.E0));
#3977=DIRECTION('',(1.E0,0.E0,0.E0));
#3978=AXIS2_PLACEMENT_3D('',#3975,#3976,#3977);
#3979=CONICAL_SURFACE('',#3978,2.3501285E0,4.284918798224E0);
#3980=ORIENTED_EDGE('',*,*,#3965,.F.);
#3982=ORIENTED_EDGE('',*,*,#3981,.T.);
#3983=ORIENTED_EDGE('',*,*,#3968,.T.);
#3984=ORIENTED_EDGE('',*,*,#3939,.F.);
#3985=EDGE_LOOP('',(#3980,#3982,#3983,#3984));
#3986=FACE_OUTER_BOUND('',#3985,.F.);
#3987=ADVANCED_FACE('',(#3986),#3979,.F.);
#3988=CARTESIAN_POINT('',(0.E0,-9.572915000032E-1,0.E0));
#3989=DIRECTION('',(0.E0,1.E0,0.E0));
#3990=DIRECTION('',(1.E0,0.E0,0.E0));
#3991=AXIS2_PLACEMENT_3D('',#3988,#3989,#3990);
#3992=CONICAL_SURFACE('',#3991,2.3544675E0,3.401823608831E0);
#3994=ORIENTED_EDGE('',*,*,#3993,.F.);
#3996=ORIENTED_EDGE('',*,*,#3995,.T.);
#3998=ORIENTED_EDGE('',*,*,#3997,.T.);
#3999=ORIENTED_EDGE('',*,*,#3981,.F.);
#4000=EDGE_LOOP('',(#3994,#3996,#3998,#3999));
#4001=FACE_OUTER_BOUND('',#4000,.F.);
#4002=ADVANCED_FACE('',(#4001),#3992,.F.);
#4003=CARTESIAN_POINT('',(0.E0,-9.572915000032E-1,0.E0));
#4004=DIRECTION('',(0.E0,1.E0,0.E0));
#4005=DIRECTION('',(1.E0,0.E0,0.E0));
#4006=AXIS2_PLACEMENT_3D('',#4003,#4004,#4005);
#4007=CONICAL_SURFACE('',#4006,2.3544675E0,3.401823608831E0);
#4008=ORIENTED_EDGE('',*,*,#3993,.T.);
#4009=ORIENTED_EDGE('',*,*,#3970,.T.);
#4010=ORIENTED_EDGE('',*,*,#3997,.F.);
#4012=ORIENTED_EDGE('',*,*,#4011,.F.);
#4013=EDGE_LOOP('',(#4008,#4009,#4010,#4012));
#4014=FACE_OUTER_BOUND('',#4013,.F.);
#4015=ADVANCED_FACE('',(#4014),#4007,.F.);
#4016=CARTESIAN_POINT('',(0.E0,-8.927085E-1,0.E0));
#4017=DIRECTION('',(0.E0,1.E0,0.E0));
#4018=DIRECTION('',(1.E0,0.E0,0.E0));
#4019=AXIS2_PLACEMENT_3D('',#4016,#4017,#4018);
#4020=CONICAL_SURFACE('',#4019,2.3578635E0,2.617974905605E0);
#4022=ORIENTED_EDGE('',*,*,#4021,.T.);
#4023=ORIENTED_EDGE('',*,*,#4011,.T.);
#4025=ORIENTED_EDGE('',*,*,#4024,.F.);
#4027=ORIENTED_EDGE('',*,*,#4026,.F.);
#4028=EDGE_LOOP('',(#4022,#4023,#4025,#4027));
#4029=FACE_OUTER_BOUND('',#4028,.F.);
#4030=ADVANCED_FACE('',(#4029),#4020,.F.);
#4031=CARTESIAN_POINT('',(0.E0,-8.927085E-1,0.E0));
#4032=DIRECTION('',(0.E0,1.E0,0.E0));
#4033=DIRECTION('',(1.E0,0.E0,0.E0));
#4034=AXIS2_PLACEMENT_3D('',#4031,#4032,#4033);
#4035=CONICAL_SURFACE('',#4034,2.3578635E0,2.617974905605E0);
#4036=ORIENTED_EDGE('',*,*,#4021,.F.);
#4038=ORIENTED_EDGE('',*,*,#4037,.T.);
#4039=ORIENTED_EDGE('',*,*,#4024,.T.);
#4040=ORIENTED_EDGE('',*,*,#3995,.F.);
#4041=EDGE_LOOP('',(#4036,#4038,#4039,#4040));
#4042=FACE_OUTER_BOUND('',#4041,.F.);
#4043=ADVANCED_FACE('',(#4042),#4035,.F.);
#4044=CARTESIAN_POINT('',(0.E0,-8.28125E-1,0.E0));
#4045=DIRECTION('',(0.E0,1.E0,0.E0));
#4046=DIRECTION('',(1.E0,0.E0,0.E0));
#4047=AXIS2_PLACEMENT_3D('',#4044,#4045,#4046);
#4048=CONICAL_SURFACE('',#4047,2.360416E0,1.908443499385E0);
#4050=ORIENTED_EDGE('',*,*,#4049,.F.);
#4052=ORIENTED_EDGE('',*,*,#4051,.T.);
#4054=ORIENTED_EDGE('',*,*,#4053,.T.);
#4055=ORIENTED_EDGE('',*,*,#4037,.F.);
#4056=EDGE_LOOP('',(#4050,#4052,#4054,#4055));
#4057=FACE_OUTER_BOUND('',#4056,.F.);
#4058=ADVANCED_FACE('',(#4057),#4048,.F.);
#4059=CARTESIAN_POINT('',(0.E0,-8.28125E-1,0.E0));
#4060=DIRECTION('',(0.E0,1.E0,0.E0));
#4061=DIRECTION('',(1.E0,0.E0,0.E0));
#4062=AXIS2_PLACEMENT_3D('',#4059,#4060,#4061);
#4063=CONICAL_SURFACE('',#4062,2.360416E0,1.908443499385E0);
#4064=ORIENTED_EDGE('',*,*,#4049,.T.);
#4065=ORIENTED_EDGE('',*,*,#4026,.T.);
#4066=ORIENTED_EDGE('',*,*,#4053,.F.);
#4068=ORIENTED_EDGE('',*,*,#4067,.F.);
#4069=EDGE_LOOP('',(#4064,#4065,#4066,#4068));
#4070=FACE_OUTER_BOUND('',#4069,.F.);
#4071=ADVANCED_FACE('',(#4070),#4063,.F.);
#4072=CARTESIAN_POINT('',(0.E0,-7.635415E-1,0.E0));
#4073=DIRECTION('',(0.E0,1.E0,0.E0));
#4074=DIRECTION('',(1.E0,0.E0,0.E0));
#4075=AXIS2_PLACEMENT_3D('',#4072,#4073,#4074);
#4076=CONICAL_SURFACE('',#4075,2.362202E0,1.259571402479E0);
#4078=ORIENTED_EDGE('',*,*,#4077,.T.);
#4079=ORIENTED_EDGE('',*,*,#4067,.T.);
#4081=ORIENTED_EDGE('',*,*,#4080,.F.);
#4083=ORIENTED_EDGE('',*,*,#4082,.F.);
#4084=EDGE_LOOP('',(#4078,#4079,#4081,#4083));
#4085=FACE_OUTER_BOUND('',#4084,.F.);
#4086=ADVANCED_FACE('',(#4085),#4076,.F.);
#4087=CARTESIAN_POINT('',(0.E0,-7.635415E-1,0.E0));
#4088=DIRECTION('',(0.E0,1.E0,0.E0));
#4089=DIRECTION('',(1.E0,0.E0,0.E0));
#4090=AXIS2_PLACEMENT_3D('',#4087,#4088,#4089);
#4091=CONICAL_SURFACE('',#4090,2.362202E0,1.259571402479E0);
#4092=ORIENTED_EDGE('',*,*,#4077,.F.);
#4094=ORIENTED_EDGE('',*,*,#4093,.T.);
#4095=ORIENTED_EDGE('',*,*,#4080,.T.);
#4096=ORIENTED_EDGE('',*,*,#4051,.F.);
#4097=EDGE_LOOP('',(#4092,#4094,#4095,#4096));
#4098=FACE_OUTER_BOUND('',#4097,.F.);
#4099=ADVANCED_FACE('',(#4098),#4091,.F.);
#4100=CARTESIAN_POINT('',(0.E0,-6.989585E-1,0.E0));
#4101=DIRECTION('',(0.E0,1.E0,0.E0));
#4102=DIRECTION('',(1.E0,0.E0,0.E0));
#4103=AXIS2_PLACEMENT_3D('',#4100,#4101,#4102);
#4104=CONICAL_SURFACE('',#4103,2.3632815E0,6.555863496841E-1);
#4106=ORIENTED_EDGE('',*,*,#4105,.F.);
#4108=ORIENTED_EDGE('',*,*,#4107,.T.);
#4110=ORIENTED_EDGE('',*,*,#4109,.T.);
#4111=ORIENTED_EDGE('',*,*,#4093,.F.);
#4112=EDGE_LOOP('',(#4106,#4108,#4110,#4111));
#4113=FACE_OUTER_BOUND('',#4112,.F.);
#4114=ADVANCED_FACE('',(#4113),#4104,.F.);
#4115=CARTESIAN_POINT('',(0.E0,-6.989585E-1,0.E0));
#4116=DIRECTION('',(0.E0,1.E0,0.E0));
#4117=DIRECTION('',(1.E0,0.E0,0.E0));
#4118=AXIS2_PLACEMENT_3D('',#4115,#4116,#4117);
#4119=CONICAL_SURFACE('',#4118,2.3632815E0,6.555863496841E-1);
#4120=ORIENTED_EDGE('',*,*,#4105,.T.);
#4121=ORIENTED_EDGE('',*,*,#4082,.T.);
#4122=ORIENTED_EDGE('',*,*,#4109,.F.);
#4124=ORIENTED_EDGE('',*,*,#4123,.F.);
#4125=EDGE_LOOP('',(#4120,#4121,#4122,#4124));
#4126=FACE_OUTER_BOUND('',#4125,.F.);
#4127=ADVANCED_FACE('',(#4126),#4119,.F.);
#4128=CARTESIAN_POINT('',(0.E0,-6.343749999999E-1,0.E0));
#4129=DIRECTION('',(0.E0,1.E0,0.E0));
#4130=DIRECTION('',(1.E0,0.E0,0.E0));
#4131=AXIS2_PLACEMENT_3D('',#4128,#4129,#4130);
#4132=CONICAL_SURFACE('',#4131,2.363701E0,8.871505900960E-2);
#4134=ORIENTED_EDGE('',*,*,#4133,.T.);
#4135=ORIENTED_EDGE('',*,*,#4123,.T.);
#4137=ORIENTED_EDGE('',*,*,#4136,.F.);
#4139=ORIENTED_EDGE('',*,*,#4138,.F.);
#4140=EDGE_LOOP('',(#4134,#4135,#4137,#4139));
#4141=FACE_OUTER_BOUND('',#4140,.F.);
#4142=ADVANCED_FACE('',(#4141),#4132,.F.);
#4143=CARTESIAN_POINT('',(0.E0,-6.343749999999E-1,0.E0));
#4144=DIRECTION('',(0.E0,1.E0,0.E0));
#4145=DIRECTION('',(1.E0,0.E0,0.E0));
#4146=AXIS2_PLACEMENT_3D('',#4143,#4144,#4145);
#4147=CONICAL_SURFACE('',#4146,2.363701E0,8.871505900960E-2);
#4148=ORIENTED_EDGE('',*,*,#4133,.F.);
#4150=ORIENTED_EDGE('',*,*,#4149,.T.);
#4151=ORIENTED_EDGE('',*,*,#4136,.T.);
#4152=ORIENTED_EDGE('',*,*,#4107,.F.);
#4153=EDGE_LOOP('',(#4148,#4150,#4151,#4152));
#4154=FACE_OUTER_BOUND('',#4153,.F.);
#4155=ADVANCED_FACE('',(#4154),#4147,.F.);
#4156=CARTESIAN_POINT('',(0.E0,-5.697914999995E-1,0.E0));
#4157=DIRECTION('',(0.E0,-1.E0,0.E0));
#4158=DIRECTION('',(-1.E0,0.E0,0.E0));
#4159=AXIS2_PLACEMENT_3D('',#4156,#4157,#4158);
#4160=CONICAL_SURFACE('',#4159,2.363496E0,4.524447636544E-1);
#4162=ORIENTED_EDGE('',*,*,#4161,.F.);
#4164=ORIENTED_EDGE('',*,*,#4163,.T.);
#4166=ORIENTED_EDGE('',*,*,#4165,.T.);
#4167=ORIENTED_EDGE('',*,*,#4149,.F.);
#4168=EDGE_LOOP('',(#4162,#4164,#4166,#4167));
#4169=FACE_OUTER_BOUND('',#4168,.F.);
#4170=ADVANCED_FACE('',(#4169),#4160,.F.);
#4171=CARTESIAN_POINT('',(0.E0,-5.697914999995E-1,0.E0));
#4172=DIRECTION('',(0.E0,-1.E0,0.E0));
#4173=DIRECTION('',(-1.E0,0.E0,0.E0));
#4174=AXIS2_PLACEMENT_3D('',#4171,#4172,#4173);
#4175=CONICAL_SURFACE('',#4174,2.363496E0,4.524447636544E-1);
#4176=ORIENTED_EDGE('',*,*,#4161,.T.);
#4177=ORIENTED_EDGE('',*,*,#4138,.T.);
#4178=ORIENTED_EDGE('',*,*,#4165,.F.);
#4180=ORIENTED_EDGE('',*,*,#4179,.F.);
#4181=EDGE_LOOP('',(#4176,#4177,#4178,#4180));
#4182=FACE_OUTER_BOUND('',#4181,.F.);
#4183=ADVANCED_FACE('',(#4182),#4175,.F.);
#4184=CARTESIAN_POINT('',(0.E0,-5.052084999990E-1,0.E0));
#4185=DIRECTION('',(0.E0,-1.E0,0.E0));
#4186=DIRECTION('',(-1.E0,0.E0,0.E0));
#4187=AXIS2_PLACEMENT_3D('',#4184,#4185,#4186);
#4188=CONICAL_SURFACE('',#4187,2.3626935E0,9.713526433703E-1);
#4190=ORIENTED_EDGE('',*,*,#4189,.T.);
#4191=ORIENTED_EDGE('',*,*,#4179,.T.);
#4193=ORIENTED_EDGE('',*,*,#4192,.F.);
#4195=ORIENTED_EDGE('',*,*,#4194,.F.);
#4196=EDGE_LOOP('',(#4190,#4191,#4193,#4195));
#4197=FACE_OUTER_BOUND('',#4196,.F.);
#4198=ADVANCED_FACE('',(#4197),#4188,.F.);
#4199=CARTESIAN_POINT('',(0.E0,-5.052084999990E-1,0.E0));
#4200=DIRECTION('',(0.E0,-1.E0,0.E0));
#4201=DIRECTION('',(-1.E0,0.E0,0.E0));
#4202=AXIS2_PLACEMENT_3D('',#4199,#4200,#4201);
#4203=CONICAL_SURFACE('',#4202,2.3626935E0,9.713526433703E-1);
#4204=ORIENTED_EDGE('',*,*,#4189,.F.);
#4206=ORIENTED_EDGE('',*,*,#4205,.T.);
#4207=ORIENTED_EDGE('',*,*,#4192,.T.);
#4208=ORIENTED_EDGE('',*,*,#4163,.F.);
#4209=EDGE_LOOP('',(#4204,#4206,#4207,#4208));
#4210=FACE_OUTER_BOUND('',#4209,.F.);
#4211=ADVANCED_FACE('',(#4210),#4203,.F.);
#4212=CARTESIAN_POINT('',(0.E0,-4.406249999989E-1,0.E0));
#4213=DIRECTION('',(0.E0,-1.E0,0.E0));
#4214=DIRECTION('',(-1.E0,0.E0,0.E0));
#4215=AXIS2_PLACEMENT_3D('',#4212,#4213,#4214);
#4216=CONICAL_SURFACE('',#4215,2.3613135E0,1.476779801567E0);
#4218=ORIENTED_EDGE('',*,*,#4217,.F.);
#4220=ORIENTED_EDGE('',*,*,#4219,.T.);
#4222=ORIENTED_EDGE('',*,*,#4221,.T.);
#4223=ORIENTED_EDGE('',*,*,#4205,.F.);
#4224=EDGE_LOOP('',(#4218,#4220,#4222,#4223));
#4225=FACE_OUTER_BOUND('',#4224,.F.);
#4226=ADVANCED_FACE('',(#4225),#4216,.F.);
#4227=CARTESIAN_POINT('',(0.E0,-4.406249999989E-1,0.E0));
#4228=DIRECTION('',(0.E0,-1.E0,0.E0));
#4229=DIRECTION('',(-1.E0,0.E0,0.E0));
#4230=AXIS2_PLACEMENT_3D('',#4227,#4228,#4229);
#4231=CONICAL_SURFACE('',#4230,2.3613135E0,1.476779801567E0);
#4232=ORIENTED_EDGE('',*,*,#4217,.T.);
#4233=ORIENTED_EDGE('',*,*,#4194,.T.);
#4234=ORIENTED_EDGE('',*,*,#4221,.F.);
#4236=ORIENTED_EDGE('',*,*,#4235,.F.);
#4237=EDGE_LOOP('',(#4232,#4233,#4234,#4236));
#4238=FACE_OUTER_BOUND('',#4237,.F.);
#4239=ADVANCED_FACE('',(#4238),#4231,.F.);
#4240=CARTESIAN_POINT('',(0.E0,-3.760414999989E-1,0.E0));
#4241=DIRECTION('',(0.E0,-1.E0,0.E0));
#4242=DIRECTION('',(-1.E0,0.E0,0.E0));
#4243=AXIS2_PLACEMENT_3D('',#4240,#4241,#4242);
#4244=CONICAL_SURFACE('',#4243,2.359369E0,1.972275672453E0);
#4246=ORIENTED_EDGE('',*,*,#4245,.T.);
#4247=ORIENTED_EDGE('',*,*,#4235,.T.);
#4249=ORIENTED_EDGE('',*,*,#4248,.F.);
#4251=ORIENTED_EDGE('',*,*,#4250,.F.);
#4252=EDGE_LOOP('',(#4246,#4247,#4249,#4251));
#4253=FACE_OUTER_BOUND('',#4252,.F.);
#4254=ADVANCED_FACE('',(#4253),#4244,.F.);
#4255=CARTESIAN_POINT('',(0.E0,-3.760414999989E-1,0.E0));
#4256=DIRECTION('',(0.E0,-1.E0,0.E0));
#4257=DIRECTION('',(-1.E0,0.E0,0.E0));
#4258=AXIS2_PLACEMENT_3D('',#4255,#4256,#4257);
#4259=CONICAL_SURFACE('',#4258,2.359369E0,1.972275672453E0);
#4260=ORIENTED_EDGE('',*,*,#4245,.F.);
#4262=ORIENTED_EDGE('',*,*,#4261,.T.);
#4263=ORIENTED_EDGE('',*,*,#4248,.T.);
#4264=ORIENTED_EDGE('',*,*,#4219,.F.);
#4265=EDGE_LOOP('',(#4260,#4262,#4263,#4264));
#4266=FACE_OUTER_BOUND('',#4265,.F.);
#4267=ADVANCED_FACE('',(#4266),#4259,.F.);
#4268=CARTESIAN_POINT('',(0.E0,-3.114584999989E-1,0.E0));
#4269=DIRECTION('',(0.E0,-1.E0,0.E0));
#4270=DIRECTION('',(-1.E0,0.E0,0.E0));
#4271=AXIS2_PLACEMENT_3D('',#4268,#4269,#4270);
#4272=CONICAL_SURFACE('',#4271,2.3568675E0,2.463911681353E0);
#4274=ORIENTED_EDGE('',*,*,#4273,.F.);
#4276=ORIENTED_EDGE('',*,*,#4275,.T.);
#4278=ORIENTED_EDGE('',*,*,#4277,.T.);
#4279=ORIENTED_EDGE('',*,*,#4261,.F.);
#4280=EDGE_LOOP('',(#4274,#4276,#4278,#4279));
#4281=FACE_OUTER_BOUND('',#4280,.F.);
#4282=ADVANCED_FACE('',(#4281),#4272,.F.);
#4283=CARTESIAN_POINT('',(0.E0,-3.114584999989E-1,0.E0));
#4284=DIRECTION('',(0.E0,-1.E0,0.E0));
#4285=DIRECTION('',(-1.E0,0.E0,0.E0));
#4286=AXIS2_PLACEMENT_3D('',#4283,#4284,#4285);
#4287=CONICAL_SURFACE('',#4286,2.3568675E0,2.463911681353E0);
#4288=ORIENTED_EDGE('',*,*,#4273,.T.);
#4289=ORIENTED_EDGE('',*,*,#4250,.T.);
#4290=ORIENTED_EDGE('',*,*,#4277,.F.);
#4292=ORIENTED_EDGE('',*,*,#4291,.F.);
#4293=EDGE_LOOP('',(#4288,#4289,#4290,#4292));
#4294=FACE_OUTER_BOUND('',#4293,.F.);
#4295=ADVANCED_FACE('',(#4294),#4287,.F.);
#4296=CARTESIAN_POINT('',(0.E0,-2.468749999989E-1,0.E0));
#4297=DIRECTION('',(0.E0,-1.E0,0.E0));
#4298=DIRECTION('',(-1.E0,0.E0,0.E0));
#4299=AXIS2_PLACEMENT_3D('',#4296,#4297,#4298);
#4300=CONICAL_SURFACE('',#4299,2.3538115E0,2.954254447990E0);
#4302=ORIENTED_EDGE('',*,*,#4301,.T.);
#4303=ORIENTED_EDGE('',*,*,#4291,.T.);
#4305=ORIENTED_EDGE('',*,*,#4304,.F.);
#4307=ORIENTED_EDGE('',*,*,#4306,.F.);
#4308=EDGE_LOOP('',(#4302,#4303,#4305,#4307));
#4309=FACE_OUTER_BOUND('',#4308,.F.);
#4310=ADVANCED_FACE('',(#4309),#4300,.F.);
#4311=CARTESIAN_POINT('',(0.E0,-2.468749999989E-1,0.E0));
#4312=DIRECTION('',(0.E0,-1.E0,0.E0));
#4313=DIRECTION('',(-1.E0,0.E0,0.E0));
#4314=AXIS2_PLACEMENT_3D('',#4311,#4312,#4313);
#4315=CONICAL_SURFACE('',#4314,2.3538115E0,2.954254447990E0);
#4316=ORIENTED_EDGE('',*,*,#4301,.F.);
#4318=ORIENTED_EDGE('',*,*,#4317,.T.);
#4319=ORIENTED_EDGE('',*,*,#4304,.T.);
#4320=ORIENTED_EDGE('',*,*,#4275,.F.);
#4321=EDGE_LOOP('',(#4316,#4318,#4319,#4320));
#4322=FACE_OUTER_BOUND('',#4321,.F.);
#4323=ADVANCED_FACE('',(#4322),#4315,.F.);
#4324=CARTESIAN_POINT('',(0.E0,-1.822914999988E-1,0.E0));
#4325=DIRECTION('',(0.E0,-1.E0,0.E0));
#4326=DIRECTION('',(-1.E0,0.E0,0.E0));
#4327=AXIS2_PLACEMENT_3D('',#4324,#4325,#4326);
#4328=CONICAL_SURFACE('',#4327,2.3501985E0,3.449559464546E0);
#4330=ORIENTED_EDGE('',*,*,#4329,.F.);
#4332=ORIENTED_EDGE('',*,*,#4331,.T.);
#4334=ORIENTED_EDGE('',*,*,#4333,.T.);
#4335=ORIENTED_EDGE('',*,*,#4317,.F.);
#4336=EDGE_LOOP('',(#4330,#4332,#4334,#4335));
#4337=FACE_OUTER_BOUND('',#4336,.F.);
#4338=ADVANCED_FACE('',(#4337),#4328,.F.);
#4339=CARTESIAN_POINT('',(0.E0,-1.822914999988E-1,0.E0));
#4340=DIRECTION('',(0.E0,-1.E0,0.E0));
#4341=DIRECTION('',(-1.E0,0.E0,0.E0));
#4342=AXIS2_PLACEMENT_3D('',#4339,#4340,#4341);
#4343=CONICAL_SURFACE('',#4342,2.3501985E0,3.449559464546E0);
#4344=ORIENTED_EDGE('',*,*,#4329,.T.);
#4345=ORIENTED_EDGE('',*,*,#4306,.T.);
#4346=ORIENTED_EDGE('',*,*,#4333,.F.);
#4348=ORIENTED_EDGE('',*,*,#4347,.F.);
#4349=EDGE_LOOP('',(#4344,#4345,#4346,#4348));
#4350=FACE_OUTER_BOUND('',#4349,.F.);
#4351=ADVANCED_FACE('',(#4350),#4343,.F.);
#4352=CARTESIAN_POINT('',(0.E0,-1.177084999988E-1,0.E0));
#4353=DIRECTION('',(0.E0,-1.E0,0.E0));
#4354=DIRECTION('',(-1.E0,0.E0,0.E0));
#4355=AXIS2_PLACEMENT_3D('',#4352,#4353,#4354);
#4356=CONICAL_SURFACE('',#4355,2.34602E0,3.954015789500E0);
#4358=ORIENTED_EDGE('',*,*,#4357,.T.);
#4359=ORIENTED_EDGE('',*,*,#4347,.T.);
#4361=ORIENTED_EDGE('',*,*,#4360,.F.);
#4363=ORIENTED_EDGE('',*,*,#4362,.F.);
#4364=EDGE_LOOP('',(#4358,#4359,#4361,#4363));
#4365=FACE_OUTER_BOUND('',#4364,.F.);
#4366=ADVANCED_FACE('',(#4365),#4356,.F.);
#4367=CARTESIAN_POINT('',(0.E0,-1.177084999988E-1,0.E0));
#4368=DIRECTION('',(0.E0,-1.E0,0.E0));
#4369=DIRECTION('',(-1.E0,0.E0,0.E0));
#4370=AXIS2_PLACEMENT_3D('',#4367,#4368,#4369);
#4371=CONICAL_SURFACE('',#4370,2.34602E0,3.954015789500E0);
#4372=ORIENTED_EDGE('',*,*,#4357,.F.);
#4374=ORIENTED_EDGE('',*,*,#4373,.T.);
#4375=ORIENTED_EDGE('',*,*,#4360,.T.);
#4376=ORIENTED_EDGE('',*,*,#4331,.F.);
#4377=EDGE_LOOP('',(#4372,#4374,#4375,#4376));
#4378=FACE_OUTER_BOUND('',#4377,.F.);
#4379=ADVANCED_FACE('',(#4378),#4371,.F.);
#4380=CARTESIAN_POINT('',(0.E0,-5.312499999884E-2,0.E0));
#4381=DIRECTION('',(0.E0,-1.E0,0.E0));
#4382=DIRECTION('',(-1.E0,0.E0,0.E0));
#4383=AXIS2_PLACEMENT_3D('',#4380,#4381,#4382);
#4384=CONICAL_SURFACE('',#4383,2.3412635E0,4.470135021092E0);
#4386=ORIENTED_EDGE('',*,*,#4385,.F.);
#4388=ORIENTED_EDGE('',*,*,#4387,.T.);
#4390=ORIENTED_EDGE('',*,*,#4389,.T.);
#4391=ORIENTED_EDGE('',*,*,#4373,.F.);
#4392=EDGE_LOOP('',(#4386,#4388,#4390,#4391));
#4393=FACE_OUTER_BOUND('',#4392,.F.);
#4394=ADVANCED_FACE('',(#4393),#4384,.F.);
#4395=CARTESIAN_POINT('',(0.E0,-5.312499999884E-2,0.E0));
#4396=DIRECTION('',(0.E0,-1.E0,0.E0));
#4397=DIRECTION('',(-1.E0,0.E0,0.E0));
#4398=AXIS2_PLACEMENT_3D('',#4395,#4396,#4397);
#4399=CONICAL_SURFACE('',#4398,2.3412635E0,4.470135021092E0);
#4400=ORIENTED_EDGE('',*,*,#4385,.T.);
#4401=ORIENTED_EDGE('',*,*,#4362,.T.);
#4402=ORIENTED_EDGE('',*,*,#4389,.F.);
#4404=ORIENTED_EDGE('',*,*,#4403,.F.);
#4405=EDGE_LOOP('',(#4400,#4401,#4402,#4404));
#4406=FACE_OUTER_BOUND('',#4405,.F.);
#4407=ADVANCED_FACE('',(#4406),#4399,.F.);
#4408=CARTESIAN_POINT('',(0.E0,1.145850000120E-2,0.E0));
#4409=DIRECTION('',(0.E0,-1.E0,0.E0));
#4410=DIRECTION('',(-1.E0,0.E0,0.E0));
#4411=AXIS2_PLACEMENT_3D('',#4408,#4409,#4410);
#4412=CONICAL_SURFACE('',#4411,2.3359115E0,5.004155270561E0);
#4414=ORIENTED_EDGE('',*,*,#4413,.T.);
#4415=ORIENTED_EDGE('',*,*,#4403,.T.);
#4417=ORIENTED_EDGE('',*,*,#4416,.F.);
#4419=ORIENTED_EDGE('',*,*,#4418,.F.);
#4420=EDGE_LOOP('',(#4414,#4415,#4417,#4419));
#4421=FACE_OUTER_BOUND('',#4420,.F.);
#4422=ADVANCED_FACE('',(#4421),#4412,.F.);
#4423=CARTESIAN_POINT('',(0.E0,1.145850000120E-2,0.E0));
#4424=DIRECTION('',(0.E0,-1.E0,0.E0));
#4425=DIRECTION('',(-1.E0,0.E0,0.E0));
#4426=AXIS2_PLACEMENT_3D('',#4423,#4424,#4425);
#4427=CONICAL_SURFACE('',#4426,2.3359115E0,5.004155270561E0);
#4428=ORIENTED_EDGE('',*,*,#4413,.F.);
#4430=ORIENTED_EDGE('',*,*,#4429,.T.);
#4431=ORIENTED_EDGE('',*,*,#4416,.T.);
#4432=ORIENTED_EDGE('',*,*,#4387,.F.);
#4433=EDGE_LOOP('',(#4428,#4430,#4431,#4432));
#4434=FACE_OUTER_BOUND('',#4433,.F.);
#4435=ADVANCED_FACE('',(#4434),#4427,.F.);
#4436=CARTESIAN_POINT('',(0.E0,7.604150000124E-2,0.E0));
#4437=DIRECTION('',(0.E0,-1.E0,0.E0));
#4438=DIRECTION('',(-1.E0,0.E0,0.E0));
#4439=AXIS2_PLACEMENT_3D('',#4436,#4437,#4438);
#4440=CONICAL_SURFACE('',#4439,2.3299395E0,5.561844923102E0);
#4442=ORIENTED_EDGE('',*,*,#4441,.F.);
#4444=ORIENTED_EDGE('',*,*,#4443,.T.);
#4446=ORIENTED_EDGE('',*,*,#4445,.T.);
#4447=ORIENTED_EDGE('',*,*,#4429,.F.);
#4448=EDGE_LOOP('',(#4442,#4444,#4446,#4447));
#4449=FACE_OUTER_BOUND('',#4448,.F.);
#4450=ADVANCED_FACE('',(#4449),#4440,.F.);
#4451=CARTESIAN_POINT('',(0.E0,7.604150000124E-2,0.E0));
#4452=DIRECTION('',(0.E0,-1.E0,0.E0));
#4453=DIRECTION('',(-1.E0,0.E0,0.E0));
#4454=AXIS2_PLACEMENT_3D('',#4451,#4452,#4453);
#4455=CONICAL_SURFACE('',#4454,2.3299395E0,5.561844923102E0);
#4456=ORIENTED_EDGE('',*,*,#4441,.T.);
#4457=ORIENTED_EDGE('',*,*,#4418,.T.);
#4458=ORIENTED_EDGE('',*,*,#4445,.F.);
#4460=ORIENTED_EDGE('',*,*,#4459,.F.);
#4461=EDGE_LOOP('',(#4456,#4457,#4458,#4460));
#4462=FACE_OUTER_BOUND('',#4461,.F.);
#4463=ADVANCED_FACE('',(#4462),#4455,.F.);
#4464=CARTESIAN_POINT('',(0.E0,1.406249999891E-1,0.E0));
#4465=DIRECTION('',(0.E0,-1.E0,0.E0));
#4466=DIRECTION('',(-1.E0,0.E0,0.E0));
#4467=AXIS2_PLACEMENT_3D('',#4464,#4465,#4466);
#4468=CONICAL_SURFACE('',#4467,2.323317000002E0,6.147327243092E0);
#4470=ORIENTED_EDGE('',*,*,#4469,.T.);
#4471=ORIENTED_EDGE('',*,*,#4459,.T.);
#4473=ORIENTED_EDGE('',*,*,#4472,.F.);
#4475=ORIENTED_EDGE('',*,*,#4474,.F.);
#4476=EDGE_LOOP('',(#4470,#4471,#4473,#4475));
#4477=FACE_OUTER_BOUND('',#4476,.F.);
#4478=ADVANCED_FACE('',(#4477),#4468,.F.);
#4479=CARTESIAN_POINT('',(0.E0,1.406249999891E-1,0.E0));
#4480=DIRECTION('',(0.E0,-1.E0,0.E0));
#4481=DIRECTION('',(-1.E0,0.E0,0.E0));
#4482=AXIS2_PLACEMENT_3D('',#4479,#4480,#4481);
#4483=CONICAL_SURFACE('',#4482,2.323317000002E0,6.147327243092E0);
#4484=ORIENTED_EDGE('',*,*,#4469,.F.);
#4486=ORIENTED_EDGE('',*,*,#4485,.T.);
#4487=ORIENTED_EDGE('',*,*,#4472,.T.);
#4488=ORIENTED_EDGE('',*,*,#4443,.F.);
#4489=EDGE_LOOP('',(#4484,#4486,#4487,#4488));
#4490=FACE_OUTER_BOUND('',#4489,.F.);
#4491=ADVANCED_FACE('',(#4490),#4483,.F.);
#4492=CARTESIAN_POINT('',(0.E0,2.052084999884E-1,0.E0));
#4493=DIRECTION('',(0.E0,-1.E0,0.E0));
#4494=DIRECTION('',(-1.E0,0.E0,0.E0));
#4495=AXIS2_PLACEMENT_3D('',#4492,#4493,#4494);
#4496=CONICAL_SURFACE('',#4495,2.316007000002E0,6.767583475613E0);
#4498=ORIENTED_EDGE('',*,*,#4497,.F.);
#4500=ORIENTED_EDGE('',*,*,#4499,.T.);
#4502=ORIENTED_EDGE('',*,*,#4501,.T.);
#4503=ORIENTED_EDGE('',*,*,#4485,.F.);
#4504=EDGE_LOOP('',(#4498,#4500,#4502,#4503));
#4505=FACE_OUTER_BOUND('',#4504,.F.);
#4506=ADVANCED_FACE('',(#4505),#4496,.F.);
#4507=CARTESIAN_POINT('',(0.E0,2.052084999884E-1,0.E0));
#4508=DIRECTION('',(0.E0,-1.E0,0.E0));
#4509=DIRECTION('',(-1.E0,0.E0,0.E0));
#4510=AXIS2_PLACEMENT_3D('',#4507,#4508,#4509);
#4511=CONICAL_SURFACE('',#4510,2.316007000002E0,6.767583475613E0);
#4512=ORIENTED_EDGE('',*,*,#4497,.T.);
#4513=ORIENTED_EDGE('',*,*,#4474,.T.);
#4514=ORIENTED_EDGE('',*,*,#4501,.F.);
#4516=ORIENTED_EDGE('',*,*,#4515,.F.);
#4517=EDGE_LOOP('',(#4512,#4513,#4514,#4516));
#4518=FACE_OUTER_BOUND('',#4517,.F.);
#4519=ADVANCED_FACE('',(#4518),#4511,.F.);
#4520=CARTESIAN_POINT('',(0.E0,2.697915E-1,0.E0));
#4521=DIRECTION('',(0.E0,-1.E0,0.E0));
#4522=DIRECTION('',(-1.E0,0.E0,0.E0));
#4523=AXIS2_PLACEMENT_3D('',#4520,#4521,#4522);
#4524=CONICAL_SURFACE('',#4523,2.3079635E0,7.430649427350E0);
#4526=ORIENTED_EDGE('',*,*,#4525,.T.);
#4527=ORIENTED_EDGE('',*,*,#4515,.T.);
#4529=ORIENTED_EDGE('',*,*,#4528,.F.);
#4531=ORIENTED_EDGE('',*,*,#4530,.F.);
#4532=EDGE_LOOP('',(#4526,#4527,#4529,#4531));
#4533=FACE_OUTER_BOUND('',#4532,.F.);
#4534=ADVANCED_FACE('',(#4533),#4524,.F.);
#4535=CARTESIAN_POINT('',(0.E0,2.697915E-1,0.E0));
#4536=DIRECTION('',(0.E0,-1.E0,0.E0));
#4537=DIRECTION('',(-1.E0,0.E0,0.E0));
#4538=AXIS2_PLACEMENT_3D('',#4535,#4536,#4537);
#4539=CONICAL_SURFACE('',#4538,2.3079635E0,7.430649427350E0);
#4540=ORIENTED_EDGE('',*,*,#4525,.F.);
#4542=ORIENTED_EDGE('',*,*,#4541,.T.);
#4543=ORIENTED_EDGE('',*,*,#4528,.T.);
#4544=ORIENTED_EDGE('',*,*,#4499,.F.);
#4545=EDGE_LOOP('',(#4540,#4542,#4543,#4544));
#4546=FACE_OUTER_BOUND('',#4545,.F.);
#4547=ADVANCED_FACE('',(#4546),#4539,.F.);
#4548=CARTESIAN_POINT('',(0.E0,3.34375E-1,0.E0));
#4549=DIRECTION('',(0.E0,-1.E0,0.E0));
#4550=DIRECTION('',(-1.E0,0.E0,0.E0));
#4551=AXIS2_PLACEMENT_3D('',#4548,#4549,#4550);
#4552=CONICAL_SURFACE('',#4551,2.2991305E0,8.144633365624E0);
#4554=ORIENTED_EDGE('',*,*,#4553,.F.);
#4556=ORIENTED_EDGE('',*,*,#4555,.T.);
#4558=ORIENTED_EDGE('',*,*,#4557,.T.);
#4559=ORIENTED_EDGE('',*,*,#4541,.F.);
#4560=EDGE_LOOP('',(#4554,#4556,#4558,#4559));
#4561=FACE_OUTER_BOUND('',#4560,.F.);
#4562=ADVANCED_FACE('',(#4561),#4552,.F.);
#4563=CARTESIAN_POINT('',(0.E0,3.34375E-1,0.E0));
#4564=DIRECTION('',(0.E0,-1.E0,0.E0));
#4565=DIRECTION('',(-1.E0,0.E0,0.E0));
#4566=AXIS2_PLACEMENT_3D('',#4563,#4564,#4565);
#4567=CONICAL_SURFACE('',#4566,2.2991305E0,8.144633365624E0);
#4568=ORIENTED_EDGE('',*,*,#4553,.T.);
#4569=ORIENTED_EDGE('',*,*,#4530,.T.);
#4570=ORIENTED_EDGE('',*,*,#4557,.F.);
#4572=ORIENTED_EDGE('',*,*,#4571,.F.);
#4573=EDGE_LOOP('',(#4568,#4569,#4570,#4572));
#4574=FACE_OUTER_BOUND('',#4573,.F.);
#4575=ADVANCED_FACE('',(#4574),#4567,.F.);
#4576=CARTESIAN_POINT('',(0.E0,3.989585E-1,0.E0));
#4577=DIRECTION('',(0.E0,-1.E0,0.E0));
#4578=DIRECTION('',(-1.E0,0.E0,0.E0));
#4579=AXIS2_PLACEMENT_3D('',#4576,#4577,#4578);
#4580=CONICAL_SURFACE('',#4579,2.28944E0,8.921276484910E0);
#4582=ORIENTED_EDGE('',*,*,#4581,.T.);
#4583=ORIENTED_EDGE('',*,*,#4571,.T.);
#4585=ORIENTED_EDGE('',*,*,#4584,.F.);
#4587=ORIENTED_EDGE('',*,*,#4586,.F.);
#4588=EDGE_LOOP('',(#4582,#4583,#4585,#4587));
#4589=FACE_OUTER_BOUND('',#4588,.F.);
#4590=ADVANCED_FACE('',(#4589),#4580,.F.);
#4591=CARTESIAN_POINT('',(0.E0,3.989585E-1,0.E0));
#4592=DIRECTION('',(0.E0,-1.E0,0.E0));
#4593=DIRECTION('',(-1.E0,0.E0,0.E0));
#4594=AXIS2_PLACEMENT_3D('',#4591,#4592,#4593);
#4595=CONICAL_SURFACE('',#4594,2.28944E0,8.921276484910E0);
#4596=ORIENTED_EDGE('',*,*,#4581,.F.);
#4598=ORIENTED_EDGE('',*,*,#4597,.T.);
#4599=ORIENTED_EDGE('',*,*,#4584,.T.);
#4600=ORIENTED_EDGE('',*,*,#4555,.F.);
#4601=EDGE_LOOP('',(#4596,#4598,#4599,#4600));
#4602=FACE_OUTER_BOUND('',#4601,.F.);
#4603=ADVANCED_FACE('',(#4602),#4595,.F.);
#4604=CARTESIAN_POINT('',(0.E0,4.635415E-1,0.E0));
#4605=DIRECTION('',(0.E0,-1.E0,0.E0));
#4606=DIRECTION('',(-1.E0,0.E0,0.E0));
#4607=AXIS2_PLACEMENT_3D('',#4604,#4605,#4606);
#4608=CONICAL_SURFACE('',#4607,2.2788085E0,9.773791268230E0);
#4610=ORIENTED_EDGE('',*,*,#4609,.F.);
#4612=ORIENTED_EDGE('',*,*,#4611,.T.);
#4614=ORIENTED_EDGE('',*,*,#4613,.T.);
#4615=ORIENTED_EDGE('',*,*,#4597,.F.);
#4616=EDGE_LOOP('',(#4610,#4612,#4614,#4615));
#4617=FACE_OUTER_BOUND('',#4616,.F.);
#4618=ADVANCED_FACE('',(#4617),#4608,.F.);
#4619=CARTESIAN_POINT('',(0.E0,4.635415E-1,0.E0));
#4620=DIRECTION('',(0.E0,-1.E0,0.E0));
#4621=DIRECTION('',(-1.E0,0.E0,0.E0));
#4622=AXIS2_PLACEMENT_3D('',#4619,#4620,#4621);
#4623=CONICAL_SURFACE('',#4622,2.2788085E0,9.773791268230E0);
#4624=ORIENTED_EDGE('',*,*,#4609,.T.);
#4625=ORIENTED_EDGE('',*,*,#4586,.T.);
#4626=ORIENTED_EDGE('',*,*,#4613,.F.);
#4628=ORIENTED_EDGE('',*,*,#4627,.F.);
#4629=EDGE_LOOP('',(#4624,#4625,#4626,#4628));
#4630=FACE_OUTER_BOUND('',#4629,.F.);
#4631=ADVANCED_FACE('',(#4630),#4623,.F.);
#4632=CARTESIAN_POINT('',(0.E0,5.28125E-1,0.E0));
#4633=DIRECTION('',(0.E0,-1.E0,0.E0));
#4634=DIRECTION('',(-1.E0,0.E0,0.E0));
#4635=AXIS2_PLACEMENT_3D('',#4632,#4633,#4634);
#4636=CONICAL_SURFACE('',#4635,2.267134E0,1.071775265550E1);
#4638=ORIENTED_EDGE('',*,*,#4637,.T.);
#4639=ORIENTED_EDGE('',*,*,#4627,.T.);
#4641=ORIENTED_EDGE('',*,*,#4640,.F.);
#4643=ORIENTED_EDGE('',*,*,#4642,.F.);
#4644=EDGE_LOOP('',(#4638,#4639,#4641,#4643));
#4645=FACE_OUTER_BOUND('',#4644,.F.);
#4646=ADVANCED_FACE('',(#4645),#4636,.F.);
#4647=CARTESIAN_POINT('',(0.E0,5.28125E-1,0.E0));
#4648=DIRECTION('',(0.E0,-1.E0,0.E0));
#4649=DIRECTION('',(-1.E0,0.E0,0.E0));
#4650=AXIS2_PLACEMENT_3D('',#4647,#4648,#4649);
#4651=CONICAL_SURFACE('',#4650,2.267134E0,1.071775265550E1);
#4652=ORIENTED_EDGE('',*,*,#4637,.F.);
#4654=ORIENTED_EDGE('',*,*,#4653,.T.);
#4655=ORIENTED_EDGE('',*,*,#4640,.T.);
#4656=ORIENTED_EDGE('',*,*,#4611,.F.);
#4657=EDGE_LOOP('',(#4652,#4654,#4655,#4656));
#4658=FACE_OUTER_BOUND('',#4657,.F.);
#4659=ADVANCED_FACE('',(#4658),#4651,.F.);
#4660=CARTESIAN_POINT('',(0.E0,5.927085E-1,0.E0));
#4661=DIRECTION('',(0.E0,-1.E0,0.E0));
#4662=DIRECTION('',(-1.E0,0.E0,0.E0));
#4663=AXIS2_PLACEMENT_3D('',#4660,#4661,#4662);
#4664=CONICAL_SURFACE('',#4663,2.2542905E0,1.177526798331E1);
#4666=ORIENTED_EDGE('',*,*,#4665,.F.);
#4668=ORIENTED_EDGE('',*,*,#4667,.T.);
#4670=ORIENTED_EDGE('',*,*,#4669,.T.);
#4671=ORIENTED_EDGE('',*,*,#4653,.F.);
#4672=EDGE_LOOP('',(#4666,#4668,#4670,#4671));
#4673=FACE_OUTER_BOUND('',#4672,.F.);
#4674=ADVANCED_FACE('',(#4673),#4664,.F.);
#4675=CARTESIAN_POINT('',(0.E0,5.927085E-1,0.E0));
#4676=DIRECTION('',(0.E0,-1.E0,0.E0));
#4677=DIRECTION('',(-1.E0,0.E0,0.E0));
#4678=AXIS2_PLACEMENT_3D('',#4675,#4676,#4677);
#4679=CONICAL_SURFACE('',#4678,2.2542905E0,1.177526798331E1);
#4680=ORIENTED_EDGE('',*,*,#4665,.T.);
#4681=ORIENTED_EDGE('',*,*,#4642,.T.);
#4682=ORIENTED_EDGE('',*,*,#4669,.F.);
#4684=ORIENTED_EDGE('',*,*,#4683,.F.);
#4685=EDGE_LOOP('',(#4680,#4681,#4682,#4684));
#4686=FACE_OUTER_BOUND('',#4685,.F.);
#4687=ADVANCED_FACE('',(#4686),#4679,.F.);
#4688=CARTESIAN_POINT('',(0.E0,6.572915E-1,0.E0));
#4689=DIRECTION('',(0.E0,-1.E0,0.E0));
#4690=DIRECTION('',(-1.E0,0.E0,0.E0));
#4691=AXIS2_PLACEMENT_3D('',#4688,#4689,#4690);
#4692=CONICAL_SURFACE('',#4691,2.24012E0,1.297290925622E1);
#4694=ORIENTED_EDGE('',*,*,#4693,.T.);
#4695=ORIENTED_EDGE('',*,*,#4683,.T.);
#4697=ORIENTED_EDGE('',*,*,#4696,.F.);
#4699=ORIENTED_EDGE('',*,*,#4698,.F.);
#4700=EDGE_LOOP('',(#4694,#4695,#4697,#4699));
#4701=FACE_OUTER_BOUND('',#4700,.F.);
#4702=ADVANCED_FACE('',(#4701),#4692,.F.);
#4703=CARTESIAN_POINT('',(0.E0,6.572915E-1,0.E0));
#4704=DIRECTION('',(0.E0,-1.E0,0.E0));
#4705=DIRECTION('',(-1.E0,0.E0,0.E0));
#4706=AXIS2_PLACEMENT_3D('',#4703,#4704,#4705);
#4707=CONICAL_SURFACE('',#4706,2.24012E0,1.297290925622E1);
#4708=ORIENTED_EDGE('',*,*,#4693,.F.);
#4710=ORIENTED_EDGE('',*,*,#4709,.T.);
#4711=ORIENTED_EDGE('',*,*,#4696,.T.);
#4712=ORIENTED_EDGE('',*,*,#4667,.F.);
#4713=EDGE_LOOP('',(#4708,#4710,#4711,#4712));
#4714=FACE_OUTER_BOUND('',#4713,.F.);
#4715=ADVANCED_FACE('',(#4714),#4707,.F.);
#4716=CARTESIAN_POINT('',(0.E0,7.21875E-1,0.E0));
#4717=DIRECTION('',(0.E0,-1.E0,0.E0));
#4718=DIRECTION('',(-1.E0,0.E0,0.E0));
#4719=AXIS2_PLACEMENT_3D('',#4716,#4717,#4718);
#4720=CONICAL_SURFACE('',#4719,2.2244215E0,1.434726005272E1);
#4722=ORIENTED_EDGE('',*,*,#4721,.F.);
#4724=ORIENTED_EDGE('',*,*,#4723,.T.);
#4726=ORIENTED_EDGE('',*,*,#4725,.T.);
#4727=ORIENTED_EDGE('',*,*,#4709,.F.);
#4728=EDGE_LOOP('',(#4722,#4724,#4726,#4727));
#4729=FACE_OUTER_BOUND('',#4728,.F.);
#4730=ADVANCED_FACE('',(#4729),#4720,.F.);
#4731=CARTESIAN_POINT('',(0.E0,7.21875E-1,0.E0));
#4732=DIRECTION('',(0.E0,-1.E0,0.E0));
#4733=DIRECTION('',(-1.E0,0.E0,0.E0));
#4734=AXIS2_PLACEMENT_3D('',#4731,#4732,#4733);
#4735=CONICAL_SURFACE('',#4734,2.2244215E0,1.434726005272E1);
#4736=ORIENTED_EDGE('',*,*,#4721,.T.);
#4737=ORIENTED_EDGE('',*,*,#4698,.T.);
#4738=ORIENTED_EDGE('',*,*,#4725,.F.);
#4740=ORIENTED_EDGE('',*,*,#4739,.F.);
#4741=EDGE_LOOP('',(#4736,#4737,#4738,#4740));
#4742=FACE_OUTER_BOUND('',#4741,.F.);
#4743=ADVANCED_FACE('',(#4742),#4735,.F.);
#4744=CARTESIAN_POINT('',(0.E0,7.864585E-1,0.E0));
#4745=DIRECTION('',(0.E0,-1.E0,0.E0));
#4746=DIRECTION('',(-1.E0,0.E0,0.E0));
#4747=AXIS2_PLACEMENT_3D('',#4744,#4745,#4746);
#4748=CONICAL_SURFACE('',#4747,2.2069345E0,1.594762215830E1);
#4750=ORIENTED_EDGE('',*,*,#4749,.T.);
#4751=ORIENTED_EDGE('',*,*,#4739,.T.);
#4753=ORIENTED_EDGE('',*,*,#4752,.F.);
#4755=ORIENTED_EDGE('',*,*,#4754,.F.);
#4756=EDGE_LOOP('',(#4750,#4751,#4753,#4755));
#4757=FACE_OUTER_BOUND('',#4756,.F.);
#4758=ADVANCED_FACE('',(#4757),#4748,.F.);
#4759=CARTESIAN_POINT('',(0.E0,7.864585E-1,0.E0));
#4760=DIRECTION('',(0.E0,-1.E0,0.E0));
#4761=DIRECTION('',(-1.E0,0.E0,0.E0));
#4762=AXIS2_PLACEMENT_3D('',#4759,#4760,#4761);
#4763=CONICAL_SURFACE('',#4762,2.2069345E0,1.594762215830E1);
#4764=ORIENTED_EDGE('',*,*,#4749,.F.);
#4766=ORIENTED_EDGE('',*,*,#4765,.T.);
#4767=ORIENTED_EDGE('',*,*,#4752,.T.);
#4768=ORIENTED_EDGE('',*,*,#4723,.F.);
#4769=EDGE_LOOP('',(#4764,#4766,#4767,#4768));
#4770=FACE_OUTER_BOUND('',#4769,.F.);
#4771=ADVANCED_FACE('',(#4770),#4763,.F.);
#4772=CARTESIAN_POINT('',(0.E0,8.510415E-1,0.E0));
#4773=DIRECTION('',(0.E0,-1.E0,0.E0));
#4774=DIRECTION('',(-1.E0,0.E0,0.E0));
#4775=AXIS2_PLACEMENT_3D('',#4772,#4773,#4774);
#4776=CONICAL_SURFACE('',#4775,2.187315E0,1.783913243847E1);
#4778=ORIENTED_EDGE('',*,*,#4777,.F.);
#4780=ORIENTED_EDGE('',*,*,#4779,.T.);
#4782=ORIENTED_EDGE('',*,*,#4781,.T.);
#4783=ORIENTED_EDGE('',*,*,#4765,.F.);
#4784=EDGE_LOOP('',(#4778,#4780,#4782,#4783));
#4785=FACE_OUTER_BOUND('',#4784,.F.);
#4786=ADVANCED_FACE('',(#4785),#4776,.F.);
#4787=CARTESIAN_POINT('',(0.E0,8.510415E-1,0.E0));
#4788=DIRECTION('',(0.E0,-1.E0,0.E0));
#4789=DIRECTION('',(-1.E0,0.E0,0.E0));
#4790=AXIS2_PLACEMENT_3D('',#4787,#4788,#4789);
#4791=CONICAL_SURFACE('',#4790,2.187315E0,1.783913243847E1);
#4792=ORIENTED_EDGE('',*,*,#4777,.T.);
#4793=ORIENTED_EDGE('',*,*,#4754,.T.);
#4794=ORIENTED_EDGE('',*,*,#4781,.F.);
#4796=ORIENTED_EDGE('',*,*,#4795,.F.);
#4797=EDGE_LOOP('',(#4792,#4793,#4794,#4796));
#4798=FACE_OUTER_BOUND('',#4797,.F.);
#4799=ADVANCED_FACE('',(#4798),#4791,.F.);
#4800=CARTESIAN_POINT('',(0.E0,9.15625E-1,0.E0));
#4801=DIRECTION('',(0.E0,-1.E0,0.E0));
#4802=DIRECTION('',(-1.E0,0.E0,0.E0));
#4803=AXIS2_PLACEMENT_3D('',#4800,#4801,#4802);
#4804=CONICAL_SURFACE('',#4803,2.1650925E0,2.012081801941E1);
#4806=ORIENTED_EDGE('',*,*,#4805,.T.);
#4807=ORIENTED_EDGE('',*,*,#4795,.T.);
#4809=ORIENTED_EDGE('',*,*,#4808,.F.);
#4811=ORIENTED_EDGE('',*,*,#4810,.F.);
#4812=EDGE_LOOP('',(#4806,#4807,#4809,#4811));
#4813=FACE_OUTER_BOUND('',#4812,.F.);
#4814=ADVANCED_FACE('',(#4813),#4804,.F.);
#4815=CARTESIAN_POINT('',(0.E0,9.15625E-1,0.E0));
#4816=DIRECTION('',(0.E0,-1.E0,0.E0));
#4817=DIRECTION('',(-1.E0,0.E0,0.E0));
#4818=AXIS2_PLACEMENT_3D('',#4815,#4816,#4817);
#4819=CONICAL_SURFACE('',#4818,2.1650925E0,2.012081801941E1);
#4820=ORIENTED_EDGE('',*,*,#4805,.F.);
#4822=ORIENTED_EDGE('',*,*,#4821,.T.);
#4823=ORIENTED_EDGE('',*,*,#4808,.T.);
#4824=ORIENTED_EDGE('',*,*,#4779,.F.);
#4825=EDGE_LOOP('',(#4820,#4822,#4823,#4824));
#4826=FACE_OUTER_BOUND('',#4825,.F.);
#4827=ADVANCED_FACE('',(#4826),#4819,.F.);
#4828=CARTESIAN_POINT('',(0.E0,9.802085E-1,0.E0));
#4829=DIRECTION('',(0.E0,-1.E0,0.E0));
#4830=DIRECTION('',(-1.E0,0.E0,0.E0));
#4831=AXIS2_PLACEMENT_3D('',#4828,#4829,#4830);
#4832=CONICAL_SURFACE('',#4831,2.139601E0,2.293091383003E1);
#4834=ORIENTED_EDGE('',*,*,#4833,.F.);
#4836=ORIENTED_EDGE('',*,*,#4835,.T.);
#4838=ORIENTED_EDGE('',*,*,#4837,.T.);
#4839=ORIENTED_EDGE('',*,*,#4821,.F.);
#4840=EDGE_LOOP('',(#4834,#4836,#4838,#4839));
#4841=FACE_OUTER_BOUND('',#4840,.F.);
#4842=ADVANCED_FACE('',(#4841),#4832,.F.);
#4843=CARTESIAN_POINT('',(0.E0,9.802085E-1,0.E0));
#4844=DIRECTION('',(0.E0,-1.E0,0.E0));
#4845=DIRECTION('',(-1.E0,0.E0,0.E0));
#4846=AXIS2_PLACEMENT_3D('',#4843,#4844,#4845);
#4847=CONICAL_SURFACE('',#4846,2.139601E0,2.293091383003E1);
#4848=ORIENTED_EDGE('',*,*,#4833,.T.);
#4849=ORIENTED_EDGE('',*,*,#4810,.T.);
#4850=ORIENTED_EDGE('',*,*,#4837,.F.);
#4852=ORIENTED_EDGE('',*,*,#4851,.F.);
#4853=EDGE_LOOP('',(#4848,#4849,#4850,#4852));
#4854=FACE_OUTER_BOUND('',#4853,.F.);
#4855=ADVANCED_FACE('',(#4854),#4847,.F.);
#4856=CARTESIAN_POINT('',(0.E0,1.0447915E0,0.E0));
#4857=DIRECTION('',(0.E0,-1.E0,0.E0));
#4858=DIRECTION('',(-1.E0,0.E0,0.E0));
#4859=AXIS2_PLACEMENT_3D('',#4856,#4857,#4858);
#4860=CONICAL_SURFACE('',#4859,2.1098525E0,2.648230774952E1);
#4862=ORIENTED_EDGE('',*,*,#4861,.T.);
#4863=ORIENTED_EDGE('',*,*,#4851,.T.);
#4865=ORIENTED_EDGE('',*,*,#4864,.F.);
#4867=ORIENTED_EDGE('',*,*,#4866,.F.);
#4868=EDGE_LOOP('',(#4862,#4863,#4865,#4867));
#4869=FACE_OUTER_BOUND('',#4868,.F.);
#4870=ADVANCED_FACE('',(#4869),#4860,.F.);
#4871=CARTESIAN_POINT('',(0.E0,1.0447915E0,0.E0));
#4872=DIRECTION('',(0.E0,-1.E0,0.E0));
#4873=DIRECTION('',(-1.E0,0.E0,0.E0));
#4874=AXIS2_PLACEMENT_3D('',#4871,#4872,#4873);
#4875=CONICAL_SURFACE('',#4874,2.1098525E0,2.648230774952E1);
#4876=ORIENTED_EDGE('',*,*,#4861,.F.);
#4878=ORIENTED_EDGE('',*,*,#4877,.T.);
#4879=ORIENTED_EDGE('',*,*,#4864,.T.);
#4880=ORIENTED_EDGE('',*,*,#4835,.F.);
#4881=EDGE_LOOP('',(#4876,#4878,#4879,#4880));
#4882=FACE_OUTER_BOUND('',#4881,.F.);
#4883=ADVANCED_FACE('',(#4882),#4875,.F.);
#4884=CARTESIAN_POINT('',(0.E0,1.109375E0,0.E0));
#4885=DIRECTION('',(0.E0,-1.E0,0.E0));
#4886=DIRECTION('',(-1.E0,0.E0,0.E0));
#4887=AXIS2_PLACEMENT_3D('',#4884,#4885,#4886);
#4888=CONICAL_SURFACE('',#4887,2.0742775E0,3.111004220218E1);
#4890=ORIENTED_EDGE('',*,*,#4889,.F.);
#4892=ORIENTED_EDGE('',*,*,#4891,.T.);
#4894=ORIENTED_EDGE('',*,*,#4893,.T.);
#4895=ORIENTED_EDGE('',*,*,#4877,.F.);
#4896=EDGE_LOOP('',(#4890,#4892,#4894,#4895));
#4897=FACE_OUTER_BOUND('',#4896,.F.);
#4898=ADVANCED_FACE('',(#4897),#4888,.F.);
#4899=CARTESIAN_POINT('',(0.E0,1.109375E0,0.E0));
#4900=DIRECTION('',(0.E0,-1.E0,0.E0));
#4901=DIRECTION('',(-1.E0,0.E0,0.E0));
#4902=AXIS2_PLACEMENT_3D('',#4899,#4900,#4901);
#4903=CONICAL_SURFACE('',#4902,2.0742775E0,3.111004220218E1);
#4904=ORIENTED_EDGE('',*,*,#4889,.T.);
#4905=ORIENTED_EDGE('',*,*,#4866,.T.);
#4906=ORIENTED_EDGE('',*,*,#4893,.F.);
#4908=ORIENTED_EDGE('',*,*,#4907,.F.);
#4909=EDGE_LOOP('',(#4904,#4905,#4906,#4908));
#4910=FACE_OUTER_BOUND('',#4909,.F.);
#4911=ADVANCED_FACE('',(#4910),#4903,.F.);
#4912=CARTESIAN_POINT('',(0.E0,1.1739585E0,0.E0));
#4913=DIRECTION('',(0.E0,-1.E0,0.E0));
#4914=DIRECTION('',(-1.E0,0.E0,0.E0));
#4915=AXIS2_PLACEMENT_3D('',#4912,#4913,#4914);
#4916=CONICAL_SURFACE('',#4915,2.030136E0,3.736110592535E1);
#4918=ORIENTED_EDGE('',*,*,#4917,.T.);
#4919=ORIENTED_EDGE('',*,*,#4907,.T.);
#4921=ORIENTED_EDGE('',*,*,#4920,.F.);
#4923=ORIENTED_EDGE('',*,*,#4922,.F.);
#4924=EDGE_LOOP('',(#4918,#4919,#4921,#4923));
#4925=FACE_OUTER_BOUND('',#4924,.F.);
#4926=ADVANCED_FACE('',(#4925),#4916,.F.);
#4927=CARTESIAN_POINT('',(0.E0,1.1739585E0,0.E0));
#4928=DIRECTION('',(0.E0,-1.E0,0.E0));
#4929=DIRECTION('',(-1.E0,0.E0,0.E0));
#4930=AXIS2_PLACEMENT_3D('',#4927,#4928,#4929);
#4931=CONICAL_SURFACE('',#4930,2.030136E0,3.736110592535E1);
#4932=ORIENTED_EDGE('',*,*,#4917,.F.);
#4934=ORIENTED_EDGE('',*,*,#4933,.T.);
#4935=ORIENTED_EDGE('',*,*,#4920,.T.);
#4936=ORIENTED_EDGE('',*,*,#4891,.F.);
#4937=EDGE_LOOP('',(#4932,#4934,#4935,#4936));
#4938=FACE_OUTER_BOUND('',#4937,.F.);
#4939=ADVANCED_FACE('',(#4938),#4931,.F.);
#4940=CARTESIAN_POINT('',(0.E0,1.2385415E0,0.E0));
#4941=DIRECTION('',(0.E0,-1.E0,0.E0));
#4942=DIRECTION('',(-1.E0,0.E0,0.E0));
#4943=AXIS2_PLACEMENT_3D('',#4940,#4941,#4942);
#4944=CONICAL_SURFACE('',#4943,1.971863E0,4.615383535261E1);
#4946=ORIENTED_EDGE('',*,*,#4945,.F.);
#4948=ORIENTED_EDGE('',*,*,#4947,.T.);
#4950=ORIENTED_EDGE('',*,*,#4949,.T.);
#4951=ORIENTED_EDGE('',*,*,#4933,.F.);
#4952=EDGE_LOOP('',(#4946,#4948,#4950,#4951));
#4953=FACE_OUTER_BOUND('',#4952,.F.);
#4954=ADVANCED_FACE('',(#4953),#4944,.F.);
#4955=CARTESIAN_POINT('',(0.E0,1.2385415E0,0.E0));
#4956=DIRECTION('',(0.E0,-1.E0,0.E0));
#4957=DIRECTION('',(-1.E0,0.E0,0.E0));
#4958=AXIS2_PLACEMENT_3D('',#4955,#4956,#4957);
#4959=CONICAL_SURFACE('',#4958,1.971863E0,4.615383535261E1);
#4960=ORIENTED_EDGE('',*,*,#4945,.T.);
#4961=ORIENTED_EDGE('',*,*,#4922,.T.);
#4962=ORIENTED_EDGE('',*,*,#4949,.F.);
#4964=ORIENTED_EDGE('',*,*,#4963,.F.);
#4965=EDGE_LOOP('',(#4960,#4961,#4962,#4964));
#4966=FACE_OUTER_BOUND('',#4965,.F.);
#4967=ADVANCED_FACE('',(#4966),#4959,.F.);
#4968=CARTESIAN_POINT('',(0.E0,1.303125E0,0.E0));
#4969=DIRECTION('',(0.E0,-1.E0,0.E0));
#4970=DIRECTION('',(-1.E0,0.E0,0.E0));
#4971=AXIS2_PLACEMENT_3D('',#4968,#4969,#4970);
#4972=CONICAL_SURFACE('',#4971,1.884309E0,5.909017058336E1);
#4974=ORIENTED_EDGE('',*,*,#4973,.T.);
#4975=ORIENTED_EDGE('',*,*,#4963,.T.);
#4977=ORIENTED_EDGE('',*,*,#4976,.F.);
#4979=ORIENTED_EDGE('',*,*,#4978,.F.);
#4980=EDGE_LOOP('',(#4974,#4975,#4977,#4979));
#4981=FACE_OUTER_BOUND('',#4980,.F.);
#4982=ADVANCED_FACE('',(#4981),#4972,.F.);
#4983=CARTESIAN_POINT('',(0.E0,1.303125E0,0.E0));
#4984=DIRECTION('',(0.E0,-1.E0,0.E0));
#4985=DIRECTION('',(-1.E0,0.E0,0.E0));
#4986=AXIS2_PLACEMENT_3D('',#4983,#4984,#4985);
#4987=CONICAL_SURFACE('',#4986,1.884309E0,5.909017058336E1);
#4988=ORIENTED_EDGE('',*,*,#4973,.F.);
#4990=ORIENTED_EDGE('',*,*,#4989,.T.);
#4991=ORIENTED_EDGE('',*,*,#4976,.T.);
#4992=ORIENTED_EDGE('',*,*,#4947,.F.);
#4993=EDGE_LOOP('',(#4988,#4990,#4991,#4992));
#4994=FACE_OUTER_BOUND('',#4993,.F.);
#4995=ADVANCED_FACE('',(#4994),#4987,.F.);
#4996=CARTESIAN_POINT('',(0.E0,1.3677085E0,0.E0));
#4997=DIRECTION('',(0.E0,-1.E0,0.E0));
#4998=DIRECTION('',(-1.E0,0.E0,0.E0));
#4999=AXIS2_PLACEMENT_3D('',#4996,#4997,#4998);
#5000=CONICAL_SURFACE('',#4999,1.335187E0,8.626898371241E1);
#5002=ORIENTED_EDGE('',*,*,#5001,.T.);
#5004=ORIENTED_EDGE('',*,*,#5003,.T.);
#5005=ORIENTED_EDGE('',*,*,#4989,.F.);
#5007=ORIENTED_EDGE('',*,*,#5006,.F.);
#5008=EDGE_LOOP('',(#5002,#5004,#5005,#5007));
#5009=FACE_OUTER_BOUND('',#5008,.F.);
#5010=ADVANCED_FACE('',(#5009),#5000,.F.);
#5011=CARTESIAN_POINT('',(0.E0,1.4E0,0.E0));
#5012=DIRECTION('',(0.E0,-1.E0,0.E0));
#5013=DIRECTION('',(1.E0,0.E0,0.E0));
#5014=AXIS2_PLACEMENT_3D('',#5011,#5012,#5013);
#5015=CYLINDRICAL_SURFACE('',#5014,8.4E-1);
#5016=ORIENTED_EDGE('',*,*,#3348,.T.);
#5018=ORIENTED_EDGE('',*,*,#5017,.F.);
#5019=ORIENTED_EDGE('',*,*,#5001,.F.);
#5021=ORIENTED_EDGE('',*,*,#5020,.T.);
#5022=EDGE_LOOP('',(#5016,#5018,#5019,#5021));
#5023=FACE_OUTER_BOUND('',#5022,.F.);
#5024=ADVANCED_FACE('',(#5023),#5015,.F.);
#5025=CARTESIAN_POINT('',(0.E0,1.4E0,0.E0));
#5026=DIRECTION('',(0.E0,-1.E0,0.E0));
#5027=DIRECTION('',(1.E0,0.E0,0.E0));
#5028=AXIS2_PLACEMENT_3D('',#5025,#5026,#5027);
#5029=CYLINDRICAL_SURFACE('',#5028,8.4E-1);
#5030=ORIENTED_EDGE('',*,*,#3350,.T.);
#5031=ORIENTED_EDGE('',*,*,#5020,.F.);
#5033=ORIENTED_EDGE('',*,*,#5032,.F.);
#5034=ORIENTED_EDGE('',*,*,#5017,.T.);
#5035=EDGE_LOOP('',(#5030,#5031,#5033,#5034));
#5036=FACE_OUTER_BOUND('',#5035,.F.);
#5037=ADVANCED_FACE('',(#5036),#5029,.F.);
#5038=CARTESIAN_POINT('',(0.E0,1.3677085E0,0.E0));
#5039=DIRECTION('',(0.E0,-1.E0,0.E0));
#5040=DIRECTION('',(-1.E0,0.E0,0.E0));
#5041=AXIS2_PLACEMENT_3D('',#5038,#5039,#5040);
#5042=CONICAL_SURFACE('',#5041,1.335187E0,8.626898371241E1);
#5043=ORIENTED_EDGE('',*,*,#5032,.T.);
#5044=ORIENTED_EDGE('',*,*,#5006,.T.);
#5045=ORIENTED_EDGE('',*,*,#4978,.T.);
#5046=ORIENTED_EDGE('',*,*,#5003,.F.);
#5047=EDGE_LOOP('',(#5043,#5044,#5045,#5046));
#5048=FACE_OUTER_BOUND('',#5047,.F.);
#5049=ADVANCED_FACE('',(#5048),#5042,.F.);
#5050=CARTESIAN_POINT('',(-2.433335346039E0,-9.899494936612E0,
-3.423284839700E0));
#5051=DIRECTION('',(0.E0,1.E0,0.E0));
#5052=DIRECTION('',(0.E0,0.E0,1.E0));
#5053=AXIS2_PLACEMENT_3D('',#5050,#5051,#5052);
#5054=CYLINDRICAL_SURFACE('',#5053,7.E-1);
#5056=ORIENTED_EDGE('',*,*,#5055,.T.);
#5057=ORIENTED_EDGE('',*,*,#3651,.F.);
#5058=ORIENTED_EDGE('',*,*,#3285,.T.);
#5060=ORIENTED_EDGE('',*,*,#5059,.T.);
#5061=EDGE_LOOP('',(#5056,#5057,#5058,#5060));
#5062=FACE_OUTER_BOUND('',#5061,.F.);
#5063=ADVANCED_FACE('',(#5062),#5054,.F.);
#5064=CARTESIAN_POINT('',(0.E0,1.8E0,0.E0));
#5065=DIRECTION('',(0.E0,1.E0,0.E0));
#5066=DIRECTION('',(0.E0,0.E0,1.E0));
#5067=AXIS2_PLACEMENT_3D('',#5064,#5065,#5066);
#5068=PLANE('',#5067);
#5070=ORIENTED_EDGE('',*,*,#5069,.F.);
#5072=ORIENTED_EDGE('',*,*,#5071,.F.);
#5074=ORIENTED_EDGE('',*,*,#5073,.F.);
#5076=ORIENTED_EDGE('',*,*,#5075,.F.);
#5078=ORIENTED_EDGE('',*,*,#5077,.F.);
#5080=ORIENTED_EDGE('',*,*,#5079,.F.);
#5081=ORIENTED_EDGE('',*,*,#3653,.F.);
#5082=ORIENTED_EDGE('',*,*,#5055,.F.);
#5084=ORIENTED_EDGE('',*,*,#5083,.F.);
#5086=ORIENTED_EDGE('',*,*,#5085,.F.);
#5088=ORIENTED_EDGE('',*,*,#5087,.F.);
#5090=ORIENTED_EDGE('',*,*,#5089,.F.);
#5091=EDGE_LOOP('',(#5070,#5072,#5074,#5076,#5078,#5080,#5081,#5082,#5084,#5086,
#5088,#5090));
#5092=FACE_OUTER_BOUND('',#5091,.F.);
#5093=ADVANCED_FACE('',(#5092),#5068,.F.);
#5094=CARTESIAN_POINT('',(0.E0,1.8E0,0.E0));
#5095=DIRECTION('',(0.E0,1.E0,0.E0));
#5096=DIRECTION('',(0.E0,0.E0,1.E0));
#5097=AXIS2_PLACEMENT_3D('',#5094,#5095,#5096);
#5098=CYLINDRICAL_SURFACE('',#5097,5.E0);
#5100=ORIENTED_EDGE('',*,*,#5099,.T.);
#5102=ORIENTED_EDGE('',*,*,#5101,.T.);
#5103=ORIENTED_EDGE('',*,*,#5069,.T.);
#5105=ORIENTED_EDGE('',*,*,#5104,.T.);
#5106=EDGE_LOOP('',(#5100,#5102,#5103,#5105));
#5107=FACE_OUTER_BOUND('',#5106,.F.);
#5108=ADVANCED_FACE('',(#5107),#5098,.T.);
#5109=CARTESIAN_POINT('',(0.E0,2.8E0,0.E0));
#5110=DIRECTION('',(0.E0,1.E0,0.E0));
#5111=DIRECTION('',(0.E0,0.E0,1.E0));
#5112=AXIS2_PLACEMENT_3D('',#5109,#5110,#5111);
#5113=PLANE('',#5112);
#5115=ORIENTED_EDGE('',*,*,#5114,.F.);
#5117=ORIENTED_EDGE('',*,*,#5116,.F.);
#5119=ORIENTED_EDGE('',*,*,#5118,.F.);
#5121=ORIENTED_EDGE('',*,*,#5120,.F.);
#5123=ORIENTED_EDGE('',*,*,#5122,.F.);
#5125=ORIENTED_EDGE('',*,*,#5124,.F.);
#5127=ORIENTED_EDGE('',*,*,#5126,.F.);
#5129=ORIENTED_EDGE('',*,*,#5128,.F.);
#5131=ORIENTED_EDGE('',*,*,#5130,.F.);
#5133=ORIENTED_EDGE('',*,*,#5132,.T.);
#5135=ORIENTED_EDGE('',*,*,#5134,.F.);
#5137=ORIENTED_EDGE('',*,*,#5136,.F.);
#5139=ORIENTED_EDGE('',*,*,#5138,.F.);
#5141=ORIENTED_EDGE('',*,*,#5140,.F.);
#5143=ORIENTED_EDGE('',*,*,#5142,.F.);
#5144=ORIENTED_EDGE('',*,*,#5099,.F.);
#5146=ORIENTED_EDGE('',*,*,#5145,.F.);
#5148=ORIENTED_EDGE('',*,*,#5147,.F.);
#5149=EDGE_LOOP('',(#5115,#5117,#5119,#5121,#5123,#5125,#5127,#5129,#5131,#5133,
#5135,#5137,#5139,#5141,#5143,#5144,#5146,#5148));
#5150=FACE_OUTER_BOUND('',#5149,.F.);
#5152=ORIENTED_EDGE('',*,*,#5151,.F.);
#5154=ORIENTED_EDGE('',*,*,#5153,.F.);
#5156=ORIENTED_EDGE('',*,*,#5155,.F.);
#5158=ORIENTED_EDGE('',*,*,#5157,.F.);
#5160=ORIENTED_EDGE('',*,*,#5159,.F.);
#5162=ORIENTED_EDGE('',*,*,#5161,.F.);
#5164=ORIENTED_EDGE('',*,*,#5163,.F.);
#5165=EDGE_LOOP('',(#5152,#5154,#5156,#5158,#5160,#5162,#5164));
#5166=FACE_BOUND('',#5165,.F.);
#5168=ORIENTED_EDGE('',*,*,#5167,.F.);
#5170=ORIENTED_EDGE('',*,*,#5169,.F.);
#5172=ORIENTED_EDGE('',*,*,#5171,.F.);
#5174=ORIENTED_EDGE('',*,*,#5173,.F.);
#5176=ORIENTED_EDGE('',*,*,#5175,.F.);
#5178=ORIENTED_EDGE('',*,*,#5177,.F.);
#5180=ORIENTED_EDGE('',*,*,#5179,.F.);
#5181=EDGE_LOOP('',(#5168,#5170,#5172,#5174,#5176,#5178,#5180));
#5182=FACE_BOUND('',#5181,.F.);
#5184=ORIENTED_EDGE('',*,*,#5183,.F.);
#5186=ORIENTED_EDGE('',*,*,#5185,.F.);
#5188=ORIENTED_EDGE('',*,*,#5187,.F.);
#5190=ORIENTED_EDGE('',*,*,#5189,.F.);
#5192=ORIENTED_EDGE('',*,*,#5191,.F.);
#5194=ORIENTED_EDGE('',*,*,#5193,.F.);
#5195=EDGE_LOOP('',(#5184,#5186,#5188,#5190,#5192,#5194));
#5196=FACE_BOUND('',#5195,.F.);
#5197=ADVANCED_FACE('',(#5150,#5166,#5182,#5196),#5113,.T.);
#5198=CARTESIAN_POINT('',(0.E0,1.8E0,0.E0));
#5199=DIRECTION('',(-7.071067811865E-1,0.E0,7.071067811865E-1));
#5200=DIRECTION('',(7.071067811865E-1,0.E0,7.071067811865E-1));
#5201=AXIS2_PLACEMENT_3D('',#5198,#5199,#5200);
#5202=PLANE('',#5201);
#5203=ORIENTED_EDGE('',*,*,#5085,.T.);
#5205=ORIENTED_EDGE('',*,*,#5204,.T.);
#5206=ORIENTED_EDGE('',*,*,#3281,.T.);
#5208=ORIENTED_EDGE('',*,*,#5207,.T.);
#5209=ORIENTED_EDGE('',*,*,#5114,.T.);
#5211=ORIENTED_EDGE('',*,*,#5210,.T.);
#5212=EDGE_LOOP('',(#5203,#5205,#5206,#5208,#5209,#5211));
#5213=FACE_OUTER_BOUND('',#5212,.F.);
#5214=ADVANCED_FACE('',(#5213),#5202,.F.);
#5215=CARTESIAN_POINT('',(-2.433335346039E0,-9.899494936612E0,
-3.423284839700E0));
#5216=DIRECTION('',(0.E0,1.E0,0.E0));
#5217=DIRECTION('',(0.E0,0.E0,1.E0));
#5218=AXIS2_PLACEMENT_3D('',#5215,#5216,#5217);
#5219=CYLINDRICAL_SURFACE('',#5218,7.E-1);
#5220=ORIENTED_EDGE('',*,*,#5059,.F.);
#5221=ORIENTED_EDGE('',*,*,#3283,.T.);
#5222=ORIENTED_EDGE('',*,*,#5204,.F.);
#5223=ORIENTED_EDGE('',*,*,#5083,.T.);
#5224=EDGE_LOOP('',(#5220,#5221,#5222,#5223));
#5225=FACE_OUTER_BOUND('',#5224,.F.);
#5226=ADVANCED_FACE('',(#5225),#5219,.F.);
#5227=CARTESIAN_POINT('',(-3.008275304423E0,1.5E0,-2.513300557593E0));
#5228=DIRECTION('',(0.E0,1.E0,0.E0));
#5229=DIRECTION('',(0.E0,0.E0,1.E0));
#5230=AXIS2_PLACEMENT_3D('',#5227,#5228,#5229);
#5231=CYLINDRICAL_SURFACE('',#5230,3.5E-1);
#5232=ORIENTED_EDGE('',*,*,#5116,.T.);
#5233=ORIENTED_EDGE('',*,*,#5207,.F.);
#5234=ORIENTED_EDGE('',*,*,#3279,.T.);
#5236=ORIENTED_EDGE('',*,*,#5235,.F.);
#5237=EDGE_LOOP('',(#5232,#5233,#5234,#5236));
#5238=FACE_OUTER_BOUND('',#5237,.F.);
#5239=ADVANCED_FACE('',(#5238),#5231,.T.);
#5240=CARTESIAN_POINT('',(0.E0,1.5E0,0.E0));
#5241=DIRECTION('',(0.E0,1.E0,0.E0));
#5242=DIRECTION('',(0.E0,0.E0,-1.E0));
#5243=AXIS2_PLACEMENT_3D('',#5240,#5241,#5242);
#5244=CYLINDRICAL_SURFACE('',#5243,3.57E0);
#5245=ORIENTED_EDGE('',*,*,#3277,.T.);
#5247=ORIENTED_EDGE('',*,*,#5246,.F.);
#5248=ORIENTED_EDGE('',*,*,#5118,.T.);
#5249=ORIENTED_EDGE('',*,*,#5235,.T.);
#5250=EDGE_LOOP('',(#5245,#5247,#5248,#5249));
#5251=FACE_OUTER_BOUND('',#5250,.F.);
#5252=ADVANCED_FACE('',(#5251),#5244,.F.);
#5253=CARTESIAN_POINT('',(-3.053412544117E0,1.5E0,-2.006784378783E-1));
#5254=DIRECTION('',(0.E0,1.E0,0.E0));
#5255=DIRECTION('',(0.E0,0.E0,-1.E0));
#5256=AXIS2_PLACEMENT_3D('',#5253,#5254,#5255);
#5257=CYLINDRICAL_SURFACE('',#5256,5.1E-1);
#5258=ORIENTED_EDGE('',*,*,#5120,.T.);
#5259=ORIENTED_EDGE('',*,*,#5246,.T.);
#5260=ORIENTED_EDGE('',*,*,#3275,.T.);
#5262=ORIENTED_EDGE('',*,*,#5261,.T.);
#5263=EDGE_LOOP('',(#5258,#5259,#5260,#5262));
#5264=FACE_OUTER_BOUND('',#5263,.F.);
#5265=ADVANCED_FACE('',(#5264),#5257,.F.);
#5266=CARTESIAN_POINT('',(-2.981619277140E0,1.5E0,6.563196524445E-1));
#5267=DIRECTION('',(0.E0,1.E0,0.E0));
#5268=DIRECTION('',(0.E0,0.E0,1.E0));
#5269=AXIS2_PLACEMENT_3D('',#5266,#5267,#5268);
#5270=CYLINDRICAL_SURFACE('',#5269,3.5E-1);
#5271=ORIENTED_EDGE('',*,*,#3271,.T.);
#5273=ORIENTED_EDGE('',*,*,#5272,.F.);
#5274=ORIENTED_EDGE('',*,*,#5124,.T.);
#5275=ORIENTED_EDGE('',*,*,#5122,.T.);
#5276=ORIENTED_EDGE('',*,*,#5261,.F.);
#5277=ORIENTED_EDGE('',*,*,#3273,.T.);
#5278=EDGE_LOOP('',(#5271,#5273,#5274,#5275,#5276,#5277));
#5279=FACE_OUTER_BOUND('',#5278,.F.);
#5280=ADVANCED_FACE('',(#5279),#5270,.T.);
#5281=CARTESIAN_POINT('',(0.E0,2.8E0,0.E0));
#5282=DIRECTION('',(0.E0,-1.E0,0.E0));
#5283=DIRECTION('',(0.E0,0.E0,-1.E0));
#5284=AXIS2_PLACEMENT_3D('',#5281,#5282,#5283);
#5285=CYLINDRICAL_SURFACE('',#5284,2.703E0);
#5287=ORIENTED_EDGE('',*,*,#5286,.T.);
#5289=ORIENTED_EDGE('',*,*,#5288,.F.);
#5290=ORIENTED_EDGE('',*,*,#5126,.T.);
#5291=ORIENTED_EDGE('',*,*,#5272,.T.);
#5292=ORIENTED_EDGE('',*,*,#3269,.T.);
#5294=ORIENTED_EDGE('',*,*,#5293,.T.);
#5295=EDGE_LOOP('',(#5287,#5289,#5290,#5291,#5292,#5294));
#5296=FACE_OUTER_BOUND('',#5295,.F.);
#5297=ADVANCED_FACE('',(#5296),#5285,.F.);
#5298=CARTESIAN_POINT('',(0.E0,2.66E0,0.E0));
#5299=DIRECTION('',(0.E0,1.E0,0.E0));
#5300=DIRECTION('',(0.E0,0.E0,1.E0));
#5301=AXIS2_PLACEMENT_3D('',#5298,#5299,#5300);
#5302=CONICAL_SURFACE('',#5301,2.705443709090E0,1.E0);
#5303=ORIENTED_EDGE('',*,*,#5130,.T.);
#5305=ORIENTED_EDGE('',*,*,#5304,.T.);
#5306=ORIENTED_EDGE('',*,*,#5286,.F.);
#5308=ORIENTED_EDGE('',*,*,#5307,.F.);
#5309=EDGE_LOOP('',(#5303,#5305,#5306,#5308));
#5310=FACE_OUTER_BOUND('',#5309,.F.);
#5311=ADVANCED_FACE('',(#5310),#5302,.F.);
#5312=CARTESIAN_POINT('',(-2.5908E0,3.0402E0,7.752E-1));
#5313=DIRECTION('',(0.E0,1.E0,0.E0));
#5314=DIRECTION('',(0.E0,0.E0,-1.E0));
#5315=AXIS2_PLACEMENT_3D('',#5312,#5313,#5314);
#5316=CYLINDRICAL_SURFACE('',#5315,5.1E-1);
#5317=ORIENTED_EDGE('',*,*,#5304,.F.);
#5318=ORIENTED_EDGE('',*,*,#5128,.T.);
#5319=ORIENTED_EDGE('',*,*,#5288,.T.);
#5320=EDGE_LOOP('',(#5317,#5318,#5319));
#5321=FACE_OUTER_BOUND('',#5320,.F.);
#5322=ADVANCED_FACE('',(#5321),#5316,.T.);
#5323=CARTESIAN_POINT('',(-2.355030479458E0,1.831062176743E0,1.302780247897E0));
#5324=CARTESIAN_POINT('',(-2.358206607997E0,2.162514680385E0,1.308962360565E0));
#5325=CARTESIAN_POINT('',(-2.361382736535E0,2.493967184026E0,1.315144473233E0));
#5326=CARTESIAN_POINT('',(-2.364558865073E0,2.825419687668E0,1.321326585901E0));
#5327=CARTESIAN_POINT('',(-2.352337321165E0,1.831002832186E0,1.307122001527E0));
#5328=CARTESIAN_POINT('',(-2.355528114364E0,2.162454826488E0,1.313270353892E0));
#5329=CARTESIAN_POINT('',(-2.358718907564E0,2.493906820789E0,1.319418706256E0));
#5330=CARTESIAN_POINT('',(-2.361909700763E0,2.825358815091E0,1.325567058620E0));
#5331=CARTESIAN_POINT('',(-2.293085387575E0,1.829606749233E0,1.407318590703E0));
#5332=CARTESIAN_POINT('',(-2.296580762750E0,2.161047750706E0,1.412681435264E0));
#5333=CARTESIAN_POINT('',(-2.300076137925E0,2.492488752180E0,1.418044279825E0));
#5334=CARTESIAN_POINT('',(-2.303571513100E0,2.823929753653E0,1.423407124385E0));
#5335=CARTESIAN_POINT('',(-2.288411446341E0,1.827041278449E0,1.542105722009E0));
#5336=CARTESIAN_POINT('',(-2.291319406569E0,2.158487163207E0,1.546301687404E0));
#5337=CARTESIAN_POINT('',(-2.294227366797E0,2.489933047965E0,1.550497652798E0));
#5338=CARTESIAN_POINT('',(-2.297135327026E0,2.821378932723E0,1.554693618192E0));
#5339=CARTESIAN_POINT('',(-2.340591143096E0,1.824549806290E0,1.646152986415E0));
#5340=CARTESIAN_POINT('',(-2.342272165440E0,2.156001356023E0,1.650021464674E0));
#5341=CARTESIAN_POINT('',(-2.343953187785E0,2.487452905756E0,1.653889942932E0));
#5342=CARTESIAN_POINT('',(-2.345634210130E0,2.818904455489E0,1.657758421191E0));
#5343=CARTESIAN_POINT('',(-2.342982569585E0,1.824440309200E0,1.650679246305E0));
#5344=CARTESIAN_POINT('',(-2.344608726997E0,2.155892105544E0,1.654534839868E0));
#5345=CARTESIAN_POINT('',(-2.346234884409E0,2.487343901889E0,1.658390433432E0));
#5346=CARTESIAN_POINT('',(-2.347861041821E0,2.818795698233E0,1.662246026995E0));
#5347=B_SPLINE_SURFACE_WITH_KNOTS('',3,3,((#5323,#5324,#5325,#5326),(#5327,
#5328,#5329,#5330),(#5331,#5332,#5333,#5334),(#5335,#5336,#5337,#5338),(#5339,
#5340,#5341,#5342),(#5343,#5344,#5345,#5346)),.UNSPECIFIED.,.F.,.F.,.F.,(4,1,1,
4),(4,4),(-4.593289182456E-2,0.E0,1.E0,1.046029796388E0),(-1.383448028948E-2,
1.013834004360E0),.UNSPECIFIED.);
#5349=ORIENTED_EDGE('',*,*,#5348,.F.);
#5351=ORIENTED_EDGE('',*,*,#5350,.T.);
#5352=ORIENTED_EDGE('',*,*,#5132,.F.);
#5353=ORIENTED_EDGE('',*,*,#5307,.T.);
#5354=ORIENTED_EDGE('',*,*,#5293,.F.);
#5355=ORIENTED_EDGE('',*,*,#3267,.F.);
#5356=ORIENTED_EDGE('',*,*,#3323,.T.);
#5357=EDGE_LOOP('',(#5349,#5351,#5352,#5353,#5354,#5355,#5356));
#5358=FACE_OUTER_BOUND('',#5357,.F.);
#5359=ADVANCED_FACE('',(#5358),#5347,.F.);
#5360=CARTESIAN_POINT('',(-1.8616E0,1.85E0,1.8616E0));
#5361=DIRECTION('',(0.E0,1.E0,0.E0));
#5362=DIRECTION('',(0.E0,0.E0,1.E0));
#5363=AXIS2_PLACEMENT_3D('',#5360,#5361,#5362);
#5364=PLANE('',#5363);
#5365=ORIENTED_EDGE('',*,*,#3321,.F.);
#5367=ORIENTED_EDGE('',*,*,#5366,.T.);
#5369=ORIENTED_EDGE('',*,*,#5368,.F.);
#5371=ORIENTED_EDGE('',*,*,#5370,.F.);
#5372=ORIENTED_EDGE('',*,*,#5348,.T.);
#5373=EDGE_LOOP('',(#5365,#5367,#5369,#5371,#5372));
#5374=FACE_OUTER_BOUND('',#5373,.F.);
#5375=ADVANCED_FACE('',(#5374),#5364,.T.);
#5376=CARTESIAN_POINT('',(-1.312036313038E0,2.321330925450E0,2.359662092355E0));
#5377=CARTESIAN_POINT('',(-1.309033358080E0,2.159268803164E0,2.358095915428E0));
#5378=CARTESIAN_POINT('',(-1.306030403122E0,1.997206680878E0,2.356529738502E0));
#5379=CARTESIAN_POINT('',(-1.303027448164E0,1.835144558593E0,2.354963561576E0));
#5380=CARTESIAN_POINT('',(-1.316291950972E0,2.321271302713E0,2.357016492053E0));
#5381=CARTESIAN_POINT('',(-1.313305325834E0,2.159209427945E0,2.355443249952E0));
#5382=CARTESIAN_POINT('',(-1.310318700697E0,1.997147553176E0,2.353870007850E0));
#5383=CARTESIAN_POINT('',(-1.307332075559E0,1.835085678408E0,2.352296765749E0));
#5384=CARTESIAN_POINT('',(-1.415294386146E0,2.319858930976E0,2.298285238322E0));
#5385=CARTESIAN_POINT('',(-1.412690816509E0,2.157802445549E0,2.296564032322E0));
#5386=CARTESIAN_POINT('',(-1.410087246872E0,1.995745960122E0,2.294842826322E0));
#5387=CARTESIAN_POINT('',(-1.407483677236E0,1.833689474696E0,2.293121620322E0));
#5388=CARTESIAN_POINT('',(-1.548220363653E0,2.317303254143E0,2.292752523478E0));
#5389=CARTESIAN_POINT('',(-1.546185637508E0,2.155244375504E0,2.291320980182E0));
#5390=CARTESIAN_POINT('',(-1.544150911364E0,1.993185496865E0,2.289889436885E0));
#5391=CARTESIAN_POINT('',(-1.542116185219E0,1.831126618226E0,2.288457893589E0));
#5392=CARTESIAN_POINT('',(-1.651740688842E0,2.314821863230E0,2.343054517330E0));
#5393=CARTESIAN_POINT('',(-1.649861102197E0,2.152760201927E0,2.342223639432E0));
#5394=CARTESIAN_POINT('',(-1.647981515552E0,1.990698540624E0,2.341392761534E0));
#5395=CARTESIAN_POINT('',(-1.646101928907E0,1.828636879320E0,2.340561883636E0));
#5396=CARTESIAN_POINT('',(-1.656200614822E0,2.314713917577E0,2.345337407824E0));
#5397=CARTESIAN_POINT('',(-1.654327049122E0,2.152652136357E0,2.344533105458E0));
#5398=CARTESIAN_POINT('',(-1.652453483422E0,1.990590355137E0,2.343728803093E0));
#5399=CARTESIAN_POINT('',(-1.650579917722E0,1.828528573917E0,2.342924500727E0));
#5400=B_SPLINE_SURFACE_WITH_KNOTS('',3,3,((#5376,#5377,#5378,#5379),(#5380,
#5381,#5382,#5383),(#5384,#5385,#5386,#5387),(#5388,#5389,#5390,#5391),(#5392,
#5393,#5394,#5395),(#5396,#5397,#5398,#5399)),.UNSPECIFIED.,.F.,.F.,.F.,(4,1,1,
4),(4,4),(-4.553720897336E-2,0.E0,1.E0,1.045538003590E0),(-2.665033541197E-2,
1.026650348880E0),.UNSPECIFIED.);
#5402=ORIENTED_EDGE('',*,*,#5401,.F.);
#5404=ORIENTED_EDGE('',*,*,#5403,.T.);
#5405=ORIENTED_EDGE('',*,*,#5366,.F.);
#5406=ORIENTED_EDGE('',*,*,#3319,.T.);
#5407=EDGE_LOOP('',(#5402,#5404,#5405,#5406));
#5408=FACE_OUTER_BOUND('',#5407,.F.);
#5409=ADVANCED_FACE('',(#5408),#5400,.F.);
#5410=CARTESIAN_POINT('',(0.E0,2.3E0,0.E0));
#5411=DIRECTION('',(0.E0,1.E0,0.E0));
#5412=DIRECTION('',(0.E0,0.E0,1.E0));
#5413=AXIS2_PLACEMENT_3D('',#5410,#5411,#5412);
#5414=PLANE('',#5413);
#5415=ORIENTED_EDGE('',*,*,#3377,.F.);
#5417=ORIENTED_EDGE('',*,*,#5416,.T.);
#5419=ORIENTED_EDGE('',*,*,#5418,.F.);
#5421=ORIENTED_EDGE('',*,*,#5420,.F.);
#5423=ORIENTED_EDGE('',*,*,#5422,.T.);
#5424=ORIENTED_EDGE('',*,*,#3369,.F.);
#5425=ORIENTED_EDGE('',*,*,#3463,.T.);
#5427=ORIENTED_EDGE('',*,*,#5426,.F.);
#5429=ORIENTED_EDGE('',*,*,#5428,.F.);
#5431=ORIENTED_EDGE('',*,*,#5430,.F.);
#5433=ORIENTED_EDGE('',*,*,#5432,.F.);
#5435=ORIENTED_EDGE('',*,*,#5434,.F.);
#5437=ORIENTED_EDGE('',*,*,#5436,.F.);
#5439=ORIENTED_EDGE('',*,*,#5438,.F.);
#5441=ORIENTED_EDGE('',*,*,#5440,.F.);
#5443=ORIENTED_EDGE('',*,*,#5442,.F.);
#5445=ORIENTED_EDGE('',*,*,#5444,.F.);
#5446=ORIENTED_EDGE('',*,*,#3625,.F.);
#5447=ORIENTED_EDGE('',*,*,#3657,.F.);
#5449=ORIENTED_EDGE('',*,*,#5448,.F.);
#5451=ORIENTED_EDGE('',*,*,#5450,.F.);
#5453=ORIENTED_EDGE('',*,*,#5452,.F.);
#5455=ORIENTED_EDGE('',*,*,#5454,.F.);
#5457=ORIENTED_EDGE('',*,*,#5456,.F.);
#5459=ORIENTED_EDGE('',*,*,#5458,.F.);
#5460=ORIENTED_EDGE('',*,*,#5401,.T.);
#5461=ORIENTED_EDGE('',*,*,#3317,.F.);
#5462=EDGE_LOOP('',(#5415,#5417,#5419,#5421,#5423,#5424,#5425,#5427,#5429,#5431,
#5433,#5435,#5437,#5439,#5441,#5443,#5445,#5446,#5447,#5449,#5451,#5453,#5455,
#5457,#5459,#5460,#5461));
#5463=FACE_OUTER_BOUND('',#5462,.F.);
#5464=ADVANCED_FACE('',(#5463),#5414,.T.);
#5465=CARTESIAN_POINT('',(1.303027448164E0,1.835144558593E0,2.354963561576E0));
#5466=CARTESIAN_POINT('',(1.306030403122E0,1.997206680878E0,2.356529738502E0));
#5467=CARTESIAN_POINT('',(1.309033358080E0,2.159268803164E0,2.358095915428E0));
#5468=CARTESIAN_POINT('',(1.312036313038E0,2.321330925450E0,2.359662092355E0));
#5469=CARTESIAN_POINT('',(1.307332075559E0,1.835085678408E0,2.352296765749E0));
#5470=CARTESIAN_POINT('',(1.310318700697E0,1.997147553176E0,2.353870007850E0));
#5471=CARTESIAN_POINT('',(1.313305325834E0,2.159209427945E0,2.355443249952E0));
#5472=CARTESIAN_POINT('',(1.316291950972E0,2.321271302713E0,2.357016492053E0));
#5473=CARTESIAN_POINT('',(1.407483677236E0,1.833689474696E0,2.293121620322E0));
#5474=CARTESIAN_POINT('',(1.410087246872E0,1.995745960122E0,2.294842826322E0));
#5475=CARTESIAN_POINT('',(1.412690816509E0,2.157802445549E0,2.296564032322E0));
#5476=CARTESIAN_POINT('',(1.415294386146E0,2.319858930976E0,2.298285238322E0));
#5477=CARTESIAN_POINT('',(1.542116185219E0,1.831126618226E0,2.288457893589E0));
#5478=CARTESIAN_POINT('',(1.544150911364E0,1.993185496865E0,2.289889436885E0));
#5479=CARTESIAN_POINT('',(1.546185637508E0,2.155244375504E0,2.291320980182E0));
#5480=CARTESIAN_POINT('',(1.548220363653E0,2.317303254143E0,2.292752523478E0));
#5481=CARTESIAN_POINT('',(1.646101928907E0,1.828636879320E0,2.340561883636E0));
#5482=CARTESIAN_POINT('',(1.647981515552E0,1.990698540624E0,2.341392761534E0));
#5483=CARTESIAN_POINT('',(1.649861102197E0,2.152760201927E0,2.342223639432E0));
#5484=CARTESIAN_POINT('',(1.651740688842E0,2.314821863230E0,2.343054517330E0));
#5485=CARTESIAN_POINT('',(1.650579917722E0,1.828528573917E0,2.342924500727E0));
#5486=CARTESIAN_POINT('',(1.652453483422E0,1.990590355137E0,2.343728803093E0));
#5487=CARTESIAN_POINT('',(1.654327049122E0,2.152652136357E0,2.344533105458E0));
#5488=CARTESIAN_POINT('',(1.656200614822E0,2.314713917577E0,2.345337407824E0));
#5489=B_SPLINE_SURFACE_WITH_KNOTS('',3,3,((#5465,#5466,#5467,#5468),(#5469,
#5470,#5471,#5472),(#5473,#5474,#5475,#5476),(#5477,#5478,#5479,#5480),(#5481,
#5482,#5483,#5484),(#5485,#5486,#5487,#5488)),.UNSPECIFIED.,.F.,.F.,.F.,(4,1,1,
4),(4,4),(-4.553720897336E-2,0.E0,1.E0,1.045538003590E0),(-2.665034888045E-2,
1.026650335412E0),.UNSPECIFIED.);
#5491=ORIENTED_EDGE('',*,*,#5490,.F.);
#5493=ORIENTED_EDGE('',*,*,#5492,.T.);
#5494=ORIENTED_EDGE('',*,*,#5416,.F.);
#5495=ORIENTED_EDGE('',*,*,#3375,.T.);
#5496=EDGE_LOOP('',(#5491,#5493,#5494,#5495));
#5497=FACE_OUTER_BOUND('',#5496,.F.);
#5498=ADVANCED_FACE('',(#5497),#5489,.F.);
#5499=CARTESIAN_POINT('',(-1.8616E0,1.85E0,1.8616E0));
#5500=DIRECTION('',(0.E0,1.E0,0.E0));
#5501=DIRECTION('',(0.E0,0.E0,1.E0));
#5502=AXIS2_PLACEMENT_3D('',#5499,#5500,#5501);
#5503=PLANE('',#5502);
#5504=ORIENTED_EDGE('',*,*,#3373,.F.);
#5506=ORIENTED_EDGE('',*,*,#5505,.T.);
#5508=ORIENTED_EDGE('',*,*,#5507,.F.);
#5510=ORIENTED_EDGE('',*,*,#5509,.F.);
#5511=ORIENTED_EDGE('',*,*,#5490,.T.);
#5512=EDGE_LOOP('',(#5504,#5506,#5508,#5510,#5511));
#5513=FACE_OUTER_BOUND('',#5512,.F.);
#5514=ADVANCED_FACE('',(#5513),#5503,.T.);
#5515=CARTESIAN_POINT('',(2.359662092355E0,2.321330925450E0,1.312036313038E0));
#5516=CARTESIAN_POINT('',(2.358095915428E0,2.159268803164E0,1.309033358080E0));
#5517=CARTESIAN_POINT('',(2.356529738502E0,1.997206680878E0,1.306030403122E0));
#5518=CARTESIAN_POINT('',(2.354963561576E0,1.835144558593E0,1.303027448164E0));
#5519=CARTESIAN_POINT('',(2.357016492053E0,2.321271302713E0,1.316291950972E0));
#5520=CARTESIAN_POINT('',(2.355443249952E0,2.159209427945E0,1.313305325834E0));
#5521=CARTESIAN_POINT('',(2.353870007850E0,1.997147553176E0,1.310318700697E0));
#5522=CARTESIAN_POINT('',(2.352296765749E0,1.835085678408E0,1.307332075559E0));
#5523=CARTESIAN_POINT('',(2.298285238322E0,2.319858930976E0,1.415294386146E0));
#5524=CARTESIAN_POINT('',(2.296564032322E0,2.157802445549E0,1.412690816509E0));
#5525=CARTESIAN_POINT('',(2.294842826322E0,1.995745960122E0,1.410087246872E0));
#5526=CARTESIAN_POINT('',(2.293121620322E0,1.833689474696E0,1.407483677236E0));
#5527=CARTESIAN_POINT('',(2.292752523478E0,2.317303254143E0,1.548220363653E0));
#5528=CARTESIAN_POINT('',(2.291320980182E0,2.155244375504E0,1.546185637508E0));
#5529=CARTESIAN_POINT('',(2.289889436885E0,1.993185496865E0,1.544150911364E0));
#5530=CARTESIAN_POINT('',(2.288457893589E0,1.831126618226E0,1.542116185219E0));
#5531=CARTESIAN_POINT('',(2.343054517330E0,2.314821863230E0,1.651740688842E0));
#5532=CARTESIAN_POINT('',(2.342223639432E0,2.152760201927E0,1.649861102197E0));
#5533=CARTESIAN_POINT('',(2.341392761534E0,1.990698540624E0,1.647981515552E0));
#5534=CARTESIAN_POINT('',(2.340561883636E0,1.828636879320E0,1.646101928907E0));
#5535=CARTESIAN_POINT('',(2.345337407824E0,2.314713917577E0,1.656200614822E0));
#5536=CARTESIAN_POINT('',(2.344533105458E0,2.152652136357E0,1.654327049122E0));
#5537=CARTESIAN_POINT('',(2.343728803093E0,1.990590355137E0,1.652453483422E0));
#5538=CARTESIAN_POINT('',(2.342924500727E0,1.828528573917E0,1.650579917722E0));
#5539=B_SPLINE_SURFACE_WITH_KNOTS('',3,3,((#5515,#5516,#5517,#5518),(#5519,
#5520,#5521,#5522),(#5523,#5524,#5525,#5526),(#5527,#5528,#5529,#5530),(#5531,
#5532,#5533,#5534),(#5535,#5536,#5537,#5538)),.UNSPECIFIED.,.F.,.F.,.F.,(4,1,1,
4),(4,4),(-4.553720897336E-2,0.E0,1.E0,1.045538003590E0),(-2.665033541197E-2,
1.026650348880E0),.UNSPECIFIED.);
#5540=ORIENTED_EDGE('',*,*,#5422,.F.);
#5542=ORIENTED_EDGE('',*,*,#5541,.T.);
#5543=ORIENTED_EDGE('',*,*,#5505,.F.);
#5544=ORIENTED_EDGE('',*,*,#3371,.T.);
#5545=EDGE_LOOP('',(#5540,#5542,#5543,#5544));
#5546=FACE_OUTER_BOUND('',#5545,.F.);
#5547=ADVANCED_FACE('',(#5546),#5539,.F.);
#5548=CARTESIAN_POINT('',(1.8616E0,1.85E0,1.8616E0));
#5549=DIRECTION('',(0.E0,1.E0,0.E0));
#5550=DIRECTION('',(0.E0,0.E0,1.E0));
#5551=AXIS2_PLACEMENT_3D('',#5548,#5549,#5550);
#5552=CYLINDRICAL_SURFACE('',#5551,5.25E-1);
#5553=ORIENTED_EDGE('',*,*,#5507,.T.);
#5554=ORIENTED_EDGE('',*,*,#5541,.F.);
#5555=ORIENTED_EDGE('',*,*,#5420,.T.);
#5557=ORIENTED_EDGE('',*,*,#5556,.T.);
#5558=EDGE_LOOP('',(#5553,#5554,#5555,#5557));
#5559=FACE_OUTER_BOUND('',#5558,.F.);
#5560=ADVANCED_FACE('',(#5559),#5552,.F.);
#5561=CARTESIAN_POINT('',(1.8616E0,1.85E0,1.8616E0));
#5562=DIRECTION('',(0.E0,1.E0,0.E0));
#5563=DIRECTION('',(0.E0,0.E0,1.E0));
#5564=AXIS2_PLACEMENT_3D('',#5561,#5562,#5563);
#5565=CYLINDRICAL_SURFACE('',#5564,5.25E-1);
#5566=ORIENTED_EDGE('',*,*,#5556,.F.);
#5567=ORIENTED_EDGE('',*,*,#5418,.T.);
#5568=ORIENTED_EDGE('',*,*,#5492,.F.);
#5569=ORIENTED_EDGE('',*,*,#5509,.T.);
#5570=EDGE_LOOP('',(#5566,#5567,#5568,#5569));
#5571=FACE_OUTER_BOUND('',#5570,.F.);
#5572=ADVANCED_FACE('',(#5571),#5565,.F.);
#5573=CARTESIAN_POINT('',(0.E0,2.8E0,0.E0));
#5574=DIRECTION('',(0.E0,-1.E0,0.E0));
#5575=DIRECTION('',(0.E0,0.E0,-1.E0));
#5576=AXIS2_PLACEMENT_3D('',#5573,#5574,#5575);
#5577=CYLINDRICAL_SURFACE('',#5576,2.703E0);
#5578=ORIENTED_EDGE('',*,*,#5426,.T.);
#5579=ORIENTED_EDGE('',*,*,#3461,.T.);
#5581=ORIENTED_EDGE('',*,*,#5580,.T.);
#5583=ORIENTED_EDGE('',*,*,#5582,.F.);
#5584=ORIENTED_EDGE('',*,*,#3492,.T.);
#5586=ORIENTED_EDGE('',*,*,#5585,.T.);
#5587=EDGE_LOOP('',(#5578,#5579,#5581,#5583,#5584,#5586));
#5588=FACE_OUTER_BOUND('',#5587,.F.);
#5589=ADVANCED_FACE('',(#5588),#5577,.F.);
#5590=CARTESIAN_POINT('',(0.E0,2.66E0,0.E0));
#5591=DIRECTION('',(0.E0,1.E0,0.E0));
#5592=DIRECTION('',(0.E0,0.E0,1.E0));
#5593=AXIS2_PLACEMENT_3D('',#5590,#5591,#5592);
#5594=CONICAL_SURFACE('',#5593,2.705443709090E0,1.E0);
#5595=ORIENTED_EDGE('',*,*,#3496,.T.);
#5597=ORIENTED_EDGE('',*,*,#5596,.T.);
#5598=ORIENTED_EDGE('',*,*,#5580,.F.);
#5599=ORIENTED_EDGE('',*,*,#3459,.F.);
#5600=EDGE_LOOP('',(#5595,#5597,#5598,#5599));
#5601=FACE_OUTER_BOUND('',#5600,.F.);
#5602=ADVANCED_FACE('',(#5601),#5594,.F.);
#5603=CARTESIAN_POINT('',(2.5908E0,3.0402E0,-7.752E-1));
#5604=DIRECTION('',(0.E0,1.E0,0.E0));
#5605=DIRECTION('',(0.E0,0.E0,-1.E0));
#5606=AXIS2_PLACEMENT_3D('',#5603,#5604,#5605);
#5607=CYLINDRICAL_SURFACE('',#5606,5.1E-1);
#5608=ORIENTED_EDGE('',*,*,#5596,.F.);
#5609=ORIENTED_EDGE('',*,*,#3494,.T.);
#5610=ORIENTED_EDGE('',*,*,#5582,.T.);
#5611=EDGE_LOOP('',(#5608,#5609,#5610));
#5612=FACE_OUTER_BOUND('',#5611,.F.);
#5613=ADVANCED_FACE('',(#5612),#5607,.T.);
#5614=CARTESIAN_POINT('',(2.981619277140E0,1.5E0,-6.563196524445E-1));
#5615=DIRECTION('',(0.E0,1.E0,0.E0));
#5616=DIRECTION('',(0.E0,0.E0,1.E0));
#5617=AXIS2_PLACEMENT_3D('',#5614,#5615,#5616);
#5618=CYLINDRICAL_SURFACE('',#5617,3.5E-1);
#5619=ORIENTED_EDGE('',*,*,#5428,.T.);
#5620=ORIENTED_EDGE('',*,*,#5585,.F.);
#5621=ORIENTED_EDGE('',*,*,#3490,.T.);
#5623=ORIENTED_EDGE('',*,*,#5622,.T.);
#5624=EDGE_LOOP('',(#5619,#5620,#5621,#5623));
#5625=FACE_OUTER_BOUND('',#5624,.F.);
#5626=ADVANCED_FACE('',(#5625),#5618,.T.);
#5627=CARTESIAN_POINT('',(2.981619277140E0,1.5E0,-6.563196524445E-1));
#5628=DIRECTION('',(0.E0,1.E0,0.E0));
#5629=DIRECTION('',(0.E0,0.E0,1.E0));
#5630=AXIS2_PLACEMENT_3D('',#5627,#5628,#5629);
#5631=CYLINDRICAL_SURFACE('',#5630,3.5E-1);
#5632=ORIENTED_EDGE('',*,*,#5622,.F.);
#5633=ORIENTED_EDGE('',*,*,#3488,.T.);
#5635=ORIENTED_EDGE('',*,*,#5634,.F.);
#5636=ORIENTED_EDGE('',*,*,#5430,.T.);
#5637=EDGE_LOOP('',(#5632,#5633,#5635,#5636));
#5638=FACE_OUTER_BOUND('',#5637,.F.);
#5639=ADVANCED_FACE('',(#5638),#5631,.T.);
#5640=CARTESIAN_POINT('',(3.053412544117E0,1.5E0,2.006784378783E-1));
#5641=DIRECTION('',(0.E0,1.E0,0.E0));
#5642=DIRECTION('',(0.E0,0.E0,-1.E0));
#5643=AXIS2_PLACEMENT_3D('',#5640,#5641,#5642);
#5644=CYLINDRICAL_SURFACE('',#5643,5.1E-1);
#5645=ORIENTED_EDGE('',*,*,#5432,.T.);
#5646=ORIENTED_EDGE('',*,*,#5634,.T.);
#5647=ORIENTED_EDGE('',*,*,#3486,.T.);
#5649=ORIENTED_EDGE('',*,*,#5648,.T.);
#5650=EDGE_LOOP('',(#5645,#5646,#5647,#5649));
#5651=FACE_OUTER_BOUND('',#5650,.F.);
#5652=ADVANCED_FACE('',(#5651),#5644,.F.);
#5653=CARTESIAN_POINT('',(3.053412544117E0,1.5E0,2.006784378783E-1));
#5654=DIRECTION('',(0.E0,1.E0,0.E0));
#5655=DIRECTION('',(0.E0,0.E0,-1.E0));
#5656=AXIS2_PLACEMENT_3D('',#5653,#5654,#5655);
#5657=CYLINDRICAL_SURFACE('',#5656,5.1E-1);
#5658=ORIENTED_EDGE('',*,*,#5648,.F.);
#5659=ORIENTED_EDGE('',*,*,#3484,.T.);
#5661=ORIENTED_EDGE('',*,*,#5660,.T.);
#5662=ORIENTED_EDGE('',*,*,#5434,.T.);
#5663=EDGE_LOOP('',(#5658,#5659,#5661,#5662));
#5664=FACE_OUTER_BOUND('',#5663,.F.);
#5665=ADVANCED_FACE('',(#5664),#5657,.F.);
#5666=CARTESIAN_POINT('',(0.E0,1.5E0,0.E0));
#5667=DIRECTION('',(0.E0,1.E0,0.E0));
#5668=DIRECTION('',(0.E0,0.E0,-1.E0));
#5669=AXIS2_PLACEMENT_3D('',#5666,#5667,#5668);
#5670=CYLINDRICAL_SURFACE('',#5669,3.57E0);
#5671=ORIENTED_EDGE('',*,*,#5436,.T.);
#5672=ORIENTED_EDGE('',*,*,#5660,.F.);
#5673=ORIENTED_EDGE('',*,*,#3482,.T.);
#5675=ORIENTED_EDGE('',*,*,#5674,.T.);
#5676=EDGE_LOOP('',(#5671,#5672,#5673,#5675));
#5677=FACE_OUTER_BOUND('',#5676,.F.);
#5678=ADVANCED_FACE('',(#5677),#5670,.F.);
#5679=CARTESIAN_POINT('',(3.008275304423E0,1.5E0,2.513300557593E0));
#5680=DIRECTION('',(0.E0,1.E0,0.E0));
#5681=DIRECTION('',(0.E0,0.E0,1.E0));
#5682=AXIS2_PLACEMENT_3D('',#5679,#5680,#5681);
#5683=CYLINDRICAL_SURFACE('',#5682,3.5E-1);
#5684=ORIENTED_EDGE('',*,*,#3480,.T.);
#5686=ORIENTED_EDGE('',*,*,#5685,.F.);
#5687=ORIENTED_EDGE('',*,*,#5438,.T.);
#5688=ORIENTED_EDGE('',*,*,#5674,.F.);
#5689=EDGE_LOOP('',(#5684,#5686,#5687,#5688));
#5690=FACE_OUTER_BOUND('',#5689,.F.);
#5691=ADVANCED_FACE('',(#5690),#5683,.T.);
#5692=CARTESIAN_POINT('',(0.E0,1.030841279223E1,0.E0));
#5693=DIRECTION('',(7.071067811865E-1,0.E0,-7.071067811865E-1));
#5694=DIRECTION('',(-7.071067811865E-1,0.E0,-7.071067811865E-1));
#5695=AXIS2_PLACEMENT_3D('',#5692,#5693,#5694);
#5696=PLANE('',#5695);
#5697=ORIENTED_EDGE('',*,*,#3543,.T.);
#5699=ORIENTED_EDGE('',*,*,#5698,.T.);
#5700=ORIENTED_EDGE('',*,*,#5440,.T.);
#5701=ORIENTED_EDGE('',*,*,#5685,.T.);
#5702=ORIENTED_EDGE('',*,*,#3478,.T.);
#5704=ORIENTED_EDGE('',*,*,#5703,.T.);
#5705=EDGE_LOOP('',(#5697,#5699,#5700,#5701,#5702,#5704));
#5706=FACE_OUTER_BOUND('',#5705,.F.);
#5707=ADVANCED_FACE('',(#5706),#5696,.F.);
#5708=CARTESIAN_POINT('',(2.433335346039E0,-9.899494936612E0,3.423284839700E0));
#5709=DIRECTION('',(0.E0,1.E0,0.E0));
#5710=DIRECTION('',(0.E0,0.E0,1.E0));
#5711=AXIS2_PLACEMENT_3D('',#5708,#5709,#5710);
#5712=CYLINDRICAL_SURFACE('',#5711,7.E-1);
#5713=ORIENTED_EDGE('',*,*,#5442,.T.);
#5714=ORIENTED_EDGE('',*,*,#5698,.F.);
#5715=ORIENTED_EDGE('',*,*,#3541,.T.);
#5716=ORIENTED_EDGE('',*,*,#3539,.T.);
#5717=ORIENTED_EDGE('',*,*,#3627,.F.);
#5718=ORIENTED_EDGE('',*,*,#5444,.T.);
#5719=EDGE_LOOP('',(#5713,#5714,#5715,#5716,#5717,#5718));
#5720=FACE_OUTER_BOUND('',#5719,.F.);
#5721=ADVANCED_FACE('',(#5720),#5712,.F.);
#5722=CARTESIAN_POINT('',(3.526206635566E0,1.030841279223E1,3.031231888736E0));
#5723=DIRECTION('',(0.E0,-1.E0,0.E0));
#5724=DIRECTION('',(0.E0,0.E0,-1.E0));
#5725=AXIS2_PLACEMENT_3D('',#5722,#5723,#5724);
#5726=CYLINDRICAL_SURFACE('',#5725,3.5E-1);
#5727=ORIENTED_EDGE('',*,*,#3476,.T.);
#5728=ORIENTED_EDGE('',*,*,#3518,.F.);
#5729=ORIENTED_EDGE('',*,*,#3545,.T.);
#5730=ORIENTED_EDGE('',*,*,#5703,.F.);
#5731=EDGE_LOOP('',(#5727,#5728,#5729,#5730));
#5732=FACE_OUTER_BOUND('',#5731,.F.);
#5733=ADVANCED_FACE('',(#5732),#5726,.T.);
#5734=CARTESIAN_POINT('',(-2.433335346039E0,-9.899494936612E0,
3.423284839700E0));
#5735=DIRECTION('',(0.E0,1.E0,0.E0));
#5736=DIRECTION('',(0.E0,0.E0,1.E0));
#5737=AXIS2_PLACEMENT_3D('',#5734,#5735,#5736);
#5738=CYLINDRICAL_SURFACE('',#5737,7.E-1);
#5739=ORIENTED_EDGE('',*,*,#5448,.T.);
#5740=ORIENTED_EDGE('',*,*,#3655,.F.);
#5741=ORIENTED_EDGE('',*,*,#5079,.T.);
#5742=ORIENTED_EDGE('',*,*,#5077,.T.);
#5744=ORIENTED_EDGE('',*,*,#5743,.F.);
#5745=ORIENTED_EDGE('',*,*,#5450,.T.);
#5746=EDGE_LOOP('',(#5739,#5740,#5741,#5742,#5744,#5745));
#5747=FACE_OUTER_BOUND('',#5746,.F.);
#5748=ADVANCED_FACE('',(#5747),#5738,.F.);
#5749=CARTESIAN_POINT('',(0.E0,1.8E0,0.E0));
#5750=DIRECTION('',(7.071067811865E-1,0.E0,7.071067811865E-1));
#5751=DIRECTION('',(7.071067811865E-1,0.E0,-7.071067811865E-1));
#5752=AXIS2_PLACEMENT_3D('',#5749,#5750,#5751);
#5753=PLANE('',#5752);
#5754=ORIENTED_EDGE('',*,*,#5138,.T.);
#5756=ORIENTED_EDGE('',*,*,#5755,.T.);
#5757=ORIENTED_EDGE('',*,*,#5452,.T.);
#5758=ORIENTED_EDGE('',*,*,#5743,.T.);
#5759=ORIENTED_EDGE('',*,*,#5075,.T.);
#5761=ORIENTED_EDGE('',*,*,#5760,.T.);
#5762=EDGE_LOOP('',(#5754,#5756,#5757,#5758,#5759,#5761));
#5763=FACE_OUTER_BOUND('',#5762,.F.);
#5764=ADVANCED_FACE('',(#5763),#5753,.T.);
#5765=CARTESIAN_POINT('',(-2.676152184526E0,1.85E0,2.181177437695E0));
#5766=DIRECTION('',(0.E0,1.E0,0.E0));
#5767=DIRECTION('',(0.E0,0.E0,1.E0));
#5768=AXIS2_PLACEMENT_3D('',#5765,#5766,#5767);
#5769=CYLINDRICAL_SURFACE('',#5768,3.5E-1);
#5770=ORIENTED_EDGE('',*,*,#5136,.T.);
#5772=ORIENTED_EDGE('',*,*,#5771,.F.);
#5773=ORIENTED_EDGE('',*,*,#5454,.T.);
#5774=ORIENTED_EDGE('',*,*,#5755,.F.);
#5775=EDGE_LOOP('',(#5770,#5772,#5773,#5774));
#5776=FACE_OUTER_BOUND('',#5775,.F.);
#5777=ADVANCED_FACE('',(#5776),#5769,.T.);
#5778=CARTESIAN_POINT('',(-1.8616E0,1.85E0,1.8616E0));
#5779=DIRECTION('',(0.E0,1.E0,0.E0));
#5780=DIRECTION('',(0.E0,0.E0,1.E0));
#5781=AXIS2_PLACEMENT_3D('',#5778,#5779,#5780);
#5782=CYLINDRICAL_SURFACE('',#5781,5.25E-1);
#5784=ORIENTED_EDGE('',*,*,#5783,.F.);
#5785=ORIENTED_EDGE('',*,*,#5456,.T.);
#5786=ORIENTED_EDGE('',*,*,#5771,.T.);
#5787=ORIENTED_EDGE('',*,*,#5134,.T.);
#5788=ORIENTED_EDGE('',*,*,#5350,.F.);
#5789=ORIENTED_EDGE('',*,*,#5370,.T.);
#5790=EDGE_LOOP('',(#5784,#5785,#5786,#5787,#5788,#5789));
#5791=FACE_OUTER_BOUND('',#5790,.F.);
#5792=ADVANCED_FACE('',(#5791),#5782,.F.);
#5793=CARTESIAN_POINT('',(-1.8616E0,1.85E0,1.8616E0));
#5794=DIRECTION('',(0.E0,1.E0,0.E0));
#5795=DIRECTION('',(0.E0,0.E0,1.E0));
#5796=AXIS2_PLACEMENT_3D('',#5793,#5794,#5795);
#5797=CYLINDRICAL_SURFACE('',#5796,5.25E-1);
#5798=ORIENTED_EDGE('',*,*,#5368,.T.);
#5799=ORIENTED_EDGE('',*,*,#5403,.F.);
#5800=ORIENTED_EDGE('',*,*,#5458,.T.);
#5801=ORIENTED_EDGE('',*,*,#5783,.T.);
#5802=EDGE_LOOP('',(#5798,#5799,#5800,#5801));
#5803=FACE_OUTER_BOUND('',#5802,.F.);
#5804=ADVANCED_FACE('',(#5803),#5797,.F.);
#5805=CARTESIAN_POINT('',(-3.526206635566E0,1.8E0,3.031231888736E0));
#5806=DIRECTION('',(0.E0,1.E0,0.E0));
#5807=DIRECTION('',(0.E0,0.E0,1.E0));
#5808=AXIS2_PLACEMENT_3D('',#5805,#5806,#5807);
#5809=CYLINDRICAL_SURFACE('',#5808,3.5E-1);
#5811=ORIENTED_EDGE('',*,*,#5810,.F.);
#5812=ORIENTED_EDGE('',*,*,#5140,.T.);
#5813=ORIENTED_EDGE('',*,*,#5760,.F.);
#5814=ORIENTED_EDGE('',*,*,#5073,.T.);
#5815=EDGE_LOOP('',(#5811,#5812,#5813,#5814));
#5816=FACE_OUTER_BOUND('',#5815,.F.);
#5817=ADVANCED_FACE('',(#5816),#5809,.T.);
#5818=CARTESIAN_POINT('',(-3.526206635566E0,1.8E0,3.031231888736E0));
#5819=DIRECTION('',(0.E0,1.E0,0.E0));
#5820=DIRECTION('',(0.E0,0.E0,1.E0));
#5821=AXIS2_PLACEMENT_3D('',#5818,#5819,#5820);
#5822=CYLINDRICAL_SURFACE('',#5821,3.5E-1);
#5823=ORIENTED_EDGE('',*,*,#5071,.T.);
#5824=ORIENTED_EDGE('',*,*,#5101,.F.);
#5825=ORIENTED_EDGE('',*,*,#5142,.T.);
#5826=ORIENTED_EDGE('',*,*,#5810,.T.);
#5827=EDGE_LOOP('',(#5823,#5824,#5825,#5826));
#5828=FACE_OUTER_BOUND('',#5827,.F.);
#5829=ADVANCED_FACE('',(#5828),#5822,.T.);
#5830=CARTESIAN_POINT('',(-3.526206635566E0,1.8E0,-3.031231888736E0));
#5831=DIRECTION('',(0.E0,1.E0,0.E0));
#5832=DIRECTION('',(0.E0,0.E0,1.E0));
#5833=AXIS2_PLACEMENT_3D('',#5830,#5831,#5832);
#5834=CYLINDRICAL_SURFACE('',#5833,3.5E-1);
#5835=ORIENTED_EDGE('',*,*,#5087,.T.);
#5836=ORIENTED_EDGE('',*,*,#5210,.F.);
#5837=ORIENTED_EDGE('',*,*,#5147,.T.);
#5838=ORIENTED_EDGE('',*,*,#5145,.T.);
#5839=ORIENTED_EDGE('',*,*,#5104,.F.);
#5840=ORIENTED_EDGE('',*,*,#5089,.T.);
#5841=EDGE_LOOP('',(#5835,#5836,#5837,#5838,#5839,#5840));
#5842=FACE_OUTER_BOUND('',#5841,.F.);
#5843=ADVANCED_FACE('',(#5842),#5834,.T.);
#5844=CARTESIAN_POINT('',(-2.845690241329E0,2.45E0,2.662583318143E0));
#5845=CARTESIAN_POINT('',(-2.857616015744E0,2.45E0,2.671004112358E0));
#5846=CARTESIAN_POINT('',(-2.877014434025E0,2.45E0,2.685750139351E0));
#5847=CARTESIAN_POINT('',(-2.906447863901E0,2.45E0,2.703304887063E0));
#5848=CARTESIAN_POINT('',(-2.932999243267E0,2.45E0,2.716568652221E0));
#5849=CARTESIAN_POINT('',(-2.956520418233E0,2.45E0,2.726231424224E0));
#5850=CARTESIAN_POINT('',(-2.976937070674E0,2.45E0,2.733610878977E0));
#5851=CARTESIAN_POINT('',(-2.994909944690E0,2.45E0,2.738724040177E0));
#5852=CARTESIAN_POINT('',(-3.015192639531E0,2.45E0,2.744230537131E0));
#5853=CARTESIAN_POINT('',(-3.037844557807E0,2.45E0,2.750067679934E0));
#5854=CARTESIAN_POINT('',(-3.063048809450E0,2.45E0,2.755409806153E0));
#5855=CARTESIAN_POINT('',(-3.090556308570E0,2.45E0,2.761267480114E0));
#5856=CARTESIAN_POINT('',(-3.125463486779E0,2.45E0,2.767898693963E0));
#5857=CARTESIAN_POINT('',(-3.151231330484E0,2.45E0,2.772344496383E0));
#5858=CARTESIAN_POINT('',(-3.166936215599E0,2.45E0,2.775130494803E0));
#5860=DIRECTION('',(0.E0,1.E0,0.E0));
#5861=VECTOR('',#5860,1.E0);
#5862=SURFACE_OF_LINEAR_EXTRUSION('',#5859,#5861);
#5863=ORIENTED_EDGE('',*,*,#5151,.T.);
#5865=ORIENTED_EDGE('',*,*,#5864,.F.);
#5867=ORIENTED_EDGE('',*,*,#5866,.T.);
#5869=ORIENTED_EDGE('',*,*,#5868,.F.);
#5870=EDGE_LOOP('',(#5863,#5865,#5867,#5869));
#5871=FACE_OUTER_BOUND('',#5870,.F.);
#5872=ADVANCED_FACE('',(#5871),#5862,.T.);
#5873=CARTESIAN_POINT('',(-3.152125615887E0,2.45E0,2.772518244092E0));
#5874=DIRECTION('',(-1.781329522969E-1,0.E0,-9.840064284881E-1));
#5875=DIRECTION('',(-9.840064284881E-1,0.E0,1.781329522969E-1));
#5876=AXIS2_PLACEMENT_3D('',#5873,#5874,#5875);
#5877=PLANE('',#5876);
#5878=ORIENTED_EDGE('',*,*,#5163,.T.);
#5880=ORIENTED_EDGE('',*,*,#5879,.T.);
#5882=ORIENTED_EDGE('',*,*,#5881,.T.);
#5883=ORIENTED_EDGE('',*,*,#5864,.T.);
#5884=EDGE_LOOP('',(#5878,#5880,#5882,#5883));
#5885=FACE_OUTER_BOUND('',#5884,.F.);
#5886=ADVANCED_FACE('',(#5885),#5877,.T.);
#5887=CARTESIAN_POINT('',(-3.843732186400E0,2.45E0,2.897718564605E0));
#5888=DIRECTION('',(9.826195962975E-1,0.E0,-1.856306250924E-1));
#5889=DIRECTION('',(-1.856306250924E-1,0.E0,-9.826195962975E-1));
#5890=AXIS2_PLACEMENT_3D('',#5887,#5888,#5889);
#5891=PLANE('',#5890);
#5892=ORIENTED_EDGE('',*,*,#5161,.T.);
#5894=ORIENTED_EDGE('',*,*,#5893,.T.);
#5896=ORIENTED_EDGE('',*,*,#5895,.T.);
#5897=ORIENTED_EDGE('',*,*,#5879,.F.);
#5898=EDGE_LOOP('',(#5892,#5894,#5896,#5897));
#5899=FACE_OUTER_BOUND('',#5898,.F.);
#5900=ADVANCED_FACE('',(#5899),#5891,.T.);
#5901=CARTESIAN_POINT('',(-3.885549093451E0,2.45E0,2.676364397939E0));
#5902=DIRECTION('',(1.748064880375E-1,0.E0,9.846028091266E-1));
#5903=DIRECTION('',(9.846028091266E-1,0.E0,-1.748064880375E-1));
#5904=AXIS2_PLACEMENT_3D('',#5901,#5902,#5903);
#5905=PLANE('',#5904);
#5906=ORIENTED_EDGE('',*,*,#5159,.T.);
#5908=ORIENTED_EDGE('',*,*,#5907,.T.);
#5910=ORIENTED_EDGE('',*,*,#5909,.T.);
#5911=ORIENTED_EDGE('',*,*,#5893,.F.);
#5912=EDGE_LOOP('',(#5906,#5908,#5910,#5911));
#5913=FACE_OUTER_BOUND('',#5912,.F.);
#5914=ADVANCED_FACE('',(#5913),#5905,.T.);
#5915=CARTESIAN_POINT('',(-3.408599096138E0,2.45E0,2.605496813745E0));
#5916=CARTESIAN_POINT('',(-3.418925730581E0,2.45E0,2.590778994237E0));
#5917=CARTESIAN_POINT('',(-3.437171844413E0,2.45E0,2.566251687332E0));
#5918=CARTESIAN_POINT('',(-3.458439521369E0,2.45E0,2.528897434025E0));
#5919=CARTESIAN_POINT('',(-3.472832080573E0,2.45E0,2.494668828124E0));
#5920=CARTESIAN_POINT('',(-3.484062449368E0,2.45E0,2.459683816794E0));
#5921=CARTESIAN_POINT('',(-3.491345398660E0,2.45E0,2.423656176847E0));
#5922=CARTESIAN_POINT('',(-3.494728065818E0,2.45E0,2.386734273149E0));
#5923=CARTESIAN_POINT('',(-3.494859645504E0,2.45E0,2.348817885072E0));
#5924=CARTESIAN_POINT('',(-3.490694152214E0,2.45E0,2.310440053905E0));
#5925=CARTESIAN_POINT('',(-3.483341327596E0,2.45E0,2.272262983048E0));
#5926=CARTESIAN_POINT('',(-3.472287865633E0,2.45E0,2.235465673980E0));
#5927=CARTESIAN_POINT('',(-3.457980068923E0,2.45E0,2.200217670952E0));
#5928=CARTESIAN_POINT('',(-3.439795002167E0,2.45E0,2.166945627297E0));
#5929=CARTESIAN_POINT('',(-3.418451590568E0,2.45E0,2.135154880549E0));
#5930=CARTESIAN_POINT('',(-3.393454759924E0,2.45E0,2.105291638395E0));
#5931=CARTESIAN_POINT('',(-3.361557048511E0,2.45E0,2.073472206740E0));
#5932=CARTESIAN_POINT('',(-3.336021463131E0,2.45E0,2.054019270423E0));
#5933=CARTESIAN_POINT('',(-3.321418607691E0,2.45E0,2.042225507509E0));
#5935=DIRECTION('',(0.E0,1.E0,0.E0));
#5936=VECTOR('',#5935,1.E0);
#5937=SURFACE_OF_LINEAR_EXTRUSION('',#5934,#5936);
#5938=ORIENTED_EDGE('',*,*,#5157,.T.);
#5940=ORIENTED_EDGE('',*,*,#5939,.T.);
#5942=ORIENTED_EDGE('',*,*,#5941,.T.);
#5943=ORIENTED_EDGE('',*,*,#5907,.F.);
#5944=EDGE_LOOP('',(#5938,#5940,#5942,#5943));
#5945=FACE_OUTER_BOUND('',#5944,.F.);
#5946=ADVANCED_FACE('',(#5945),#5937,.T.);
#5947=CARTESIAN_POINT('',(-3.345357956127E0,2.45E0,2.060415370871E0));
#5948=CARTESIAN_POINT('',(-3.330431384067E0,2.45E0,2.049776147678E0));
#5949=CARTESIAN_POINT('',(-3.305619466016E0,2.45E0,2.030840278811E0));
#5950=CARTESIAN_POINT('',(-3.267242555527E0,2.45E0,2.009664463390E0));
#5951=CARTESIAN_POINT('',(-3.232622100144E0,2.45E0,1.994210656747E0));
#5952=CARTESIAN_POINT('',(-3.196894974766E0,2.45E0,1.982571948286E0));
#5953=CARTESIAN_POINT('',(-3.160171764373E0,2.45E0,1.975096214771E0));
#5954=CARTESIAN_POINT('',(-3.122589604366E0,2.45E0,1.971419672322E0));
#5955=CARTESIAN_POINT('',(-3.084175872667E0,2.45E0,1.971038268390E0));
#5956=CARTESIAN_POINT('',(-3.045289597650E0,2.45E0,1.974952143713E0));
#5957=CARTESIAN_POINT('',(-3.006942000517E0,2.45E0,1.982144764685E0));
#5958=CARTESIAN_POINT('',(-2.969864737202E0,2.45E0,1.992276304725E0));
#5959=CARTESIAN_POINT('',(-2.934786661418E0,2.45E0,2.006169468374E0));
#5960=CARTESIAN_POINT('',(-2.901749504285E0,2.45E0,2.023543948991E0));
#5961=CARTESIAN_POINT('',(-2.870346223461E0,2.45E0,2.043929748506E0));
#5962=CARTESIAN_POINT('',(-2.841074026682E0,2.45E0,2.067858261670E0));
#5963=CARTESIAN_POINT('',(-2.809943219173E0,2.45E0,2.098452016811E0));
#5964=CARTESIAN_POINT('',(-2.791093653372E0,2.45E0,2.123109139845E0));
#5965=CARTESIAN_POINT('',(-2.779607797778E0,2.45E0,2.137190378132E0));
#5967=DIRECTION('',(0.E0,1.E0,0.E0));
#5968=VECTOR('',#5967,1.E0);
#5969=SURFACE_OF_LINEAR_EXTRUSION('',#5966,#5968);
#5970=ORIENTED_EDGE('',*,*,#5155,.T.);
#5972=ORIENTED_EDGE('',*,*,#5971,.T.);
#5974=ORIENTED_EDGE('',*,*,#5973,.T.);
#5975=ORIENTED_EDGE('',*,*,#5939,.F.);
#5976=EDGE_LOOP('',(#5970,#5972,#5974,#5975));
#5977=FACE_OUTER_BOUND('',#5976,.F.);
#5978=ADVANCED_FACE('',(#5977),#5969,.T.);
#5979=CARTESIAN_POINT('',(-2.797877165978E0,2.45E0,2.113313718684E0));
#5980=CARTESIAN_POINT('',(-2.786955705115E0,2.45E0,2.128553011807E0));
#5981=CARTESIAN_POINT('',(-2.767396287087E0,2.45E0,2.153990412528E0));
#5982=CARTESIAN_POINT('',(-2.745936997013E0,2.45E0,2.193507891566E0));
#5983=CARTESIAN_POINT('',(-2.730145655994E0,2.45E0,2.229032217621E0));
#5984=CARTESIAN_POINT('',(-2.718201441403E0,2.45E0,2.265478099247E0));
#5985=CARTESIAN_POINT('',(-2.710739493618E0,2.45E0,2.302978659891E0));
#5986=CARTESIAN_POINT('',(-2.707298514672E0,2.45E0,2.341248098054E0));
#5987=CARTESIAN_POINT('',(-2.707493877180E0,2.45E0,2.380256004653E0));
#5988=CARTESIAN_POINT('',(-2.711841997488E0,2.45E0,2.419476044643E0));
#5989=CARTESIAN_POINT('',(-2.719550661247E0,2.45E0,2.457995883653E0));
#5990=CARTESIAN_POINT('',(-2.730280301365E0,2.45E0,2.494981907375E0));
#5991=CARTESIAN_POINT('',(-2.744113648615E0,2.45E0,2.529810657136E0));
#5992=CARTESIAN_POINT('',(-2.760563932855E0,2.45E0,2.562704288064E0));
#5993=CARTESIAN_POINT('',(-2.780615059560E0,2.45E0,2.593033815399E0));
#5994=CARTESIAN_POINT('',(-2.803228254382E0,2.45E0,2.621604702381E0));
#5995=CARTESIAN_POINT('',(-2.832516378400E0,2.45E0,2.651559489419E0));
#5996=CARTESIAN_POINT('',(-2.856100949507E0,2.45E0,2.669744544064E0));
#5997=CARTESIAN_POINT('',(-2.869563924856E0,2.45E0,2.680853109810E0));
#5999=DIRECTION('',(0.E0,1.E0,0.E0));
#6000=VECTOR('',#5999,1.E0);
#6001=SURFACE_OF_LINEAR_EXTRUSION('',#5998,#6000);
#6002=ORIENTED_EDGE('',*,*,#5153,.T.);
#6003=ORIENTED_EDGE('',*,*,#5868,.T.);
#6005=ORIENTED_EDGE('',*,*,#6004,.T.);
#6006=ORIENTED_EDGE('',*,*,#5971,.F.);
#6007=EDGE_LOOP('',(#6002,#6003,#6005,#6006));
#6008=FACE_OUTER_BOUND('',#6007,.F.);
#6009=ADVANCED_FACE('',(#6008),#6001,.T.);
#6010=CARTESIAN_POINT('',(-3.489342088471E0,2.45E0,2.305248222015E0));
#6011=DIRECTION('',(-1.827014384728E-13,1.E0,1.303142518085E-13));
#6012=DIRECTION('',(-1.E0,-1.827014384728E-13,0.E0));
#6013=AXIS2_PLACEMENT_3D('',#6010,#6011,#6012);
#6014=PLANE('',#6013);
#6015=ORIENTED_EDGE('',*,*,#5881,.F.);
#6016=ORIENTED_EDGE('',*,*,#5895,.F.);
#6017=ORIENTED_EDGE('',*,*,#5909,.F.);
#6018=ORIENTED_EDGE('',*,*,#5941,.F.);
#6019=ORIENTED_EDGE('',*,*,#5973,.F.);
#6020=ORIENTED_EDGE('',*,*,#6004,.F.);
#6021=ORIENTED_EDGE('',*,*,#5866,.F.);
#6022=EDGE_LOOP('',(#6015,#6016,#6017,#6018,#6019,#6020,#6021));
#6023=FACE_OUTER_BOUND('',#6022,.F.);
#6025=ORIENTED_EDGE('',*,*,#6024,.F.);
#6027=ORIENTED_EDGE('',*,*,#6026,.F.);
#6029=ORIENTED_EDGE('',*,*,#6028,.F.);
#6031=ORIENTED_EDGE('',*,*,#6030,.F.);
#6032=EDGE_LOOP('',(#6025,#6027,#6029,#6031));
#6033=FACE_BOUND('',#6032,.F.);
#6034=ADVANCED_FACE('',(#6023,#6033),#6014,.T.);
#6035=CARTESIAN_POINT('',(-2.952985084196E0,2.45E0,2.274311728423E0));
#6036=CARTESIAN_POINT('',(-2.963481682472E0,2.45E0,2.262634078748E0));
#6037=CARTESIAN_POINT('',(-2.979281584113E0,2.45E0,2.241677226342E0));
#6038=CARTESIAN_POINT('',(-3.009227758119E0,2.45E0,2.220386207451E0));
#6039=CARTESIAN_POINT('',(-3.038314841871E0,2.45E0,2.207709692117E0));
#6040=CARTESIAN_POINT('',(-3.070032773865E0,2.45E0,2.200895517165E0));
#6041=CARTESIAN_POINT('',(-3.102892930042E0,2.45E0,2.199603491772E0));
#6042=CARTESIAN_POINT('',(-3.135453357819E0,2.45E0,2.205742254373E0));
#6043=CARTESIAN_POINT('',(-3.171860261879E0,2.45E0,2.219794817561E0));
#6044=CARTESIAN_POINT('',(-3.194092837813E0,2.45E0,2.237114067986E0));
#6045=CARTESIAN_POINT('',(-3.208079554084E0,2.45E0,2.246427153823E0));
#6047=DIRECTION('',(0.E0,1.E0,0.E0));
#6048=VECTOR('',#6047,1.E0);
#6049=SURFACE_OF_LINEAR_EXTRUSION('',#6046,#6048);
#6051=ORIENTED_EDGE('',*,*,#6050,.T.);
#6053=ORIENTED_EDGE('',*,*,#6052,.T.);
#6054=ORIENTED_EDGE('',*,*,#6024,.T.);
#6056=ORIENTED_EDGE('',*,*,#6055,.F.);
#6057=EDGE_LOOP('',(#6051,#6053,#6054,#6056));
#6058=FACE_OUTER_BOUND('',#6057,.F.);
#6059=ADVANCED_FACE('',(#6058),#6049,.T.);
#6060=CARTESIAN_POINT('',(0.E0,2.8E0,0.E0));
#6061=DIRECTION('',(0.E0,1.E0,0.E0));
#6062=DIRECTION('',(0.E0,0.E0,1.E0));
#6063=AXIS2_PLACEMENT_3D('',#6060,#6061,#6062);
#6064=PLANE('',#6063);
#6065=ORIENTED_EDGE('',*,*,#6050,.F.);
#6067=ORIENTED_EDGE('',*,*,#6066,.F.);
#6069=ORIENTED_EDGE('',*,*,#6068,.F.);
#6071=ORIENTED_EDGE('',*,*,#6070,.F.);
#6072=EDGE_LOOP('',(#6065,#6067,#6069,#6071));
#6073=FACE_OUTER_BOUND('',#6072,.F.);
#6074=ADVANCED_FACE('',(#6073),#6064,.T.);
#6075=CARTESIAN_POINT('',(-3.014862443869E0,2.45E0,2.500023510454E0));
#6076=CARTESIAN_POINT('',(-3.002349150187E0,2.45E0,2.489117082124E0));
#6077=CARTESIAN_POINT('',(-2.980177799133E0,2.45E0,2.472477902917E0));
#6078=CARTESIAN_POINT('',(-2.956983044691E0,2.45E0,2.441652835951E0));
#6079=CARTESIAN_POINT('',(-2.942648361814E0,2.45E0,2.412059199357E0));
#6080=CARTESIAN_POINT('',(-2.934604975239E0,2.45E0,2.380191805053E0));
#6081=CARTESIAN_POINT('',(-2.932262347639E0,2.45E0,2.348023785926E0));
#6082=CARTESIAN_POINT('',(-2.935867823040E0,2.45E0,2.317052269142E0));
#6083=CARTESIAN_POINT('',(-2.947733419579E0,2.45E0,2.283434957642E0));
#6084=CARTESIAN_POINT('',(-2.963010239830E0,2.45E0,2.263226902071E0));
#6085=CARTESIAN_POINT('',(-2.971010265609E0,2.45E0,2.250353155145E0));
#6087=DIRECTION('',(0.E0,1.E0,0.E0));
#6088=VECTOR('',#6087,1.E0);
#6089=SURFACE_OF_LINEAR_EXTRUSION('',#6086,#6088);
#6090=ORIENTED_EDGE('',*,*,#6066,.T.);
#6091=ORIENTED_EDGE('',*,*,#6055,.T.);
#6092=ORIENTED_EDGE('',*,*,#6030,.T.);
#6094=ORIENTED_EDGE('',*,*,#6093,.F.);
#6095=EDGE_LOOP('',(#6090,#6091,#6092,#6094));
#6096=FACE_OUTER_BOUND('',#6095,.F.);
#6097=ADVANCED_FACE('',(#6096),#6089,.T.);
#6098=CARTESIAN_POINT('',(-3.240573023130E0,2.45E0,2.456660305753E0));
#6099=CARTESIAN_POINT('',(-3.230159313371E0,2.45E0,2.468252658248E0));
#6100=CARTESIAN_POINT('',(-3.214648711380E0,2.45E0,2.489014865488E0));
#6101=CARTESIAN_POINT('',(-3.185129075723E0,2.45E0,2.509776446737E0));
#6102=CARTESIAN_POINT('',(-3.156775843475E0,2.45E0,2.522080608089E0));
#6103=CARTESIAN_POINT('',(-3.125798580183E0,2.45E0,2.528102172042E0));
#6104=CARTESIAN_POINT('',(-3.093753791406E0,2.45E0,2.528442565426E0));
#6105=CARTESIAN_POINT('',(-3.061948911496E0,2.45E0,2.522379756373E0));
#6106=CARTESIAN_POINT('',(-3.026635984012E0,2.45E0,2.507594640277E0));
#6107=CARTESIAN_POINT('',(-3.004724721845E0,2.45E0,2.490956168031E0));
#6108=CARTESIAN_POINT('',(-2.990952382823E0,2.45E0,2.481870869481E0));
#6110=DIRECTION('',(0.E0,1.E0,0.E0));
#6111=VECTOR('',#6110,1.E0);
#6112=SURFACE_OF_LINEAR_EXTRUSION('',#6109,#6111);
#6113=ORIENTED_EDGE('',*,*,#6068,.T.);
#6114=ORIENTED_EDGE('',*,*,#6093,.T.);
#6115=ORIENTED_EDGE('',*,*,#6028,.T.);
#6117=ORIENTED_EDGE('',*,*,#6116,.F.);
#6118=EDGE_LOOP('',(#6113,#6114,#6115,#6117));
#6119=FACE_OUTER_BOUND('',#6118,.F.);
#6120=ADVANCED_FACE('',(#6119),#6112,.T.);
#6121=CARTESIAN_POINT('',(-3.184217823548E0,2.45E0,2.228209512174E0));
#6122=CARTESIAN_POINT('',(-3.196642016796E0,2.45E0,2.239037799922E0));
#6123=CARTESIAN_POINT('',(-3.218732718055E0,2.45E0,2.255588350460E0));
#6124=CARTESIAN_POINT('',(-3.241741035495E0,2.45E0,2.286173579522E0));
#6125=CARTESIAN_POINT('',(-3.255931688850E0,2.45E0,2.315423543640E0));
#6126=CARTESIAN_POINT('',(-3.263771904122E0,2.45E0,2.346785740946E0));
#6127=CARTESIAN_POINT('',(-3.265692563273E0,2.45E0,2.378960941456E0));
#6128=CARTESIAN_POINT('',(-3.260846284943E0,2.45E0,2.410518566586E0));
#6129=CARTESIAN_POINT('',(-3.247628432545E0,2.45E0,2.445635419076E0));
#6130=CARTESIAN_POINT('',(-3.231156000532E0,2.45E0,2.466949676725E0));
#6131=CARTESIAN_POINT('',(-3.222338064931E0,2.45E0,2.480483336306E0));
#6133=DIRECTION('',(0.E0,1.E0,0.E0));
#6134=VECTOR('',#6133,1.E0);
#6135=SURFACE_OF_LINEAR_EXTRUSION('',#6132,#6134);
#6136=ORIENTED_EDGE('',*,*,#6070,.T.);
#6137=ORIENTED_EDGE('',*,*,#6116,.T.);
#6138=ORIENTED_EDGE('',*,*,#6026,.T.);
#6139=ORIENTED_EDGE('',*,*,#6052,.F.);
#6140=EDGE_LOOP('',(#6136,#6137,#6138,#6139));
#6141=FACE_OUTER_BOUND('',#6140,.F.);
#6142=ADVANCED_FACE('',(#6141),#6135,.T.);
#6143=CARTESIAN_POINT('',(-4.271264510436E0,2.45E0,1.258766113186E0));
#6144=CARTESIAN_POINT('',(-4.257538954855E0,2.45E0,1.253886356455E0));
#6145=CARTESIAN_POINT('',(-4.235116252742E0,2.45E0,1.244773013888E0));
#6146=CARTESIAN_POINT('',(-4.202246726938E0,2.45E0,1.236545350077E0));
#6147=CARTESIAN_POINT('',(-4.173605012009E0,2.45E0,1.230887320182E0));
#6148=CARTESIAN_POINT('',(-4.148783672346E0,2.45E0,1.227965219926E0));
#6149=CARTESIAN_POINT('',(-4.127372115812E0,2.45E0,1.226662619346E0));
#6150=CARTESIAN_POINT('',(-4.108914118904E0,2.45E0,1.226130137981E0));
#6151=CARTESIAN_POINT('',(-4.088040841495E0,2.45E0,1.226527443080E0));
#6152=CARTESIAN_POINT('',(-4.064825463897E0,2.45E0,1.227183685200E0));
#6153=CARTESIAN_POINT('',(-4.039289830266E0,2.45E0,1.228809719736E0));
#6154=CARTESIAN_POINT('',(-4.011494903914E0,2.45E0,1.230811974856E0));
#6155=CARTESIAN_POINT('',(-3.976351157208E0,2.45E0,1.233670703708E0));
#6156=CARTESIAN_POINT('',(-3.950534126467E0,2.45E0,1.236493514848E0));
#6157=CARTESIAN_POINT('',(-3.934697513973E0,2.45E0,1.238099914185E0));
#6159=DIRECTION('',(0.E0,1.E0,0.E0));
#6160=VECTOR('',#6159,1.E0);
#6161=SURFACE_OF_LINEAR_EXTRUSION('',#6158,#6160);
#6162=ORIENTED_EDGE('',*,*,#5167,.T.);
#6164=ORIENTED_EDGE('',*,*,#6163,.F.);
#6166=ORIENTED_EDGE('',*,*,#6165,.T.);
#6168=ORIENTED_EDGE('',*,*,#6167,.F.);
#6169=EDGE_LOOP('',(#6162,#6164,#6166,#6168));
#6170=FACE_OUTER_BOUND('',#6169,.F.);
#6171=ADVANCED_FACE('',(#6170),#6161,.T.);
#6172=CARTESIAN_POINT('',(-3.949657321028E0,2.45E0,1.236557645820E0));
#6173=DIRECTION('',(-9.670191246206E-2,0.E0,9.953133878966E-1));
#6174=DIRECTION('',(9.953133878966E-1,0.E0,9.670191246206E-2));
#6175=AXIS2_PLACEMENT_3D('',#6172,#6173,#6174);
#6176=PLANE('',#6175);
#6177=ORIENTED_EDGE('',*,*,#5179,.T.);
#6179=ORIENTED_EDGE('',*,*,#6178,.T.);
#6181=ORIENTED_EDGE('',*,*,#6180,.T.);
#6182=ORIENTED_EDGE('',*,*,#6163,.T.);
#6183=EDGE_LOOP('',(#6177,#6179,#6181,#6182));
#6184=FACE_OUTER_BOUND('',#6183,.F.);
#6185=ADVANCED_FACE('',(#6184),#6176,.T.);
#6186=CARTESIAN_POINT('',(-3.253793939617E0,2.45E0,1.304165818897E0));
#6187=DIRECTION('',(-9.963738153276E-1,0.E0,-8.508360670213E-2));
#6188=DIRECTION('',(-8.508360670213E-2,0.E0,9.963738153276E-1));
#6189=AXIS2_PLACEMENT_3D('',#6186,#6187,#6188);
#6190=PLANE('',#6189);
#6191=ORIENTED_EDGE('',*,*,#5177,.T.);
#6193=ORIENTED_EDGE('',*,*,#6192,.T.);
#6195=ORIENTED_EDGE('',*,*,#6194,.T.);
#6196=ORIENTED_EDGE('',*,*,#6178,.F.);
#6197=EDGE_LOOP('',(#6191,#6193,#6195,#6196));
#6198=FACE_OUTER_BOUND('',#6197,.F.);
#6199=ADVANCED_FACE('',(#6198),#6190,.T.);
#6200=CARTESIAN_POINT('',(-3.272824388335E0,2.45E0,1.527022389410E0));
#6201=DIRECTION('',(1.000277123076E-1,0.E0,-9.949846515251E-1));
#6202=DIRECTION('',(-9.949846515251E-1,0.E0,-1.000277123076E-1));
#6203=AXIS2_PLACEMENT_3D('',#6200,#6201,#6202);
#6204=PLANE('',#6203);
#6205=ORIENTED_EDGE('',*,*,#5175,.T.);
#6207=ORIENTED_EDGE('',*,*,#6206,.T.);
#6209=ORIENTED_EDGE('',*,*,#6208,.T.);
#6210=ORIENTED_EDGE('',*,*,#6192,.F.);
#6211=EDGE_LOOP('',(#6205,#6207,#6209,#6210));
#6212=FACE_OUTER_BOUND('',#6211,.F.);
#6213=ADVANCED_FACE('',(#6212),#6204,.T.);
#6214=CARTESIAN_POINT('',(-3.748685264393E0,2.45E0,1.465553305427E0));
#6215=CARTESIAN_POINT('',(-3.742706300840E0,2.45E0,1.482421230249E0));
#6216=CARTESIAN_POINT('',(-3.731618868403E0,2.45E0,1.510812067553E0));
#6217=CARTESIAN_POINT('',(-3.721722495133E0,2.45E0,1.552383020345E0));
#6218=CARTESIAN_POINT('',(-3.716921469860E0,2.45E0,1.588972244095E0));
#6219=CARTESIAN_POINT('',(-3.715903414303E0,2.45E0,1.625475599026E0));
#6220=CARTESIAN_POINT('',(-3.718690750725E0,2.45E0,1.661974714156E0));
#6221=CARTESIAN_POINT('',(-3.725244360267E0,2.45E0,1.698380907232E0));
#6222=CARTESIAN_POINT('',(-3.735590516594E0,2.45E0,1.734720458486E0));
#6223=CARTESIAN_POINT('',(-3.749807207835E0,2.45E0,1.770391545855E0));
#6224=CARTESIAN_POINT('',(-3.767215429225E0,2.45E0,1.804767823821E0));
#6225=CARTESIAN_POINT('',(-3.787530298292E0,2.45E0,1.837080777957E0));
#6226=CARTESIAN_POINT('',(-3.810979390946E0,2.45E0,1.866677487246E0));
#6227=CARTESIAN_POINT('',(-3.837060042140E0,2.45E0,1.893960702906E0));
#6228=CARTESIAN_POINT('',(-3.866351734624E0,2.45E0,1.918267446501E0));
#6229=CARTESIAN_POINT('',(-3.898317362098E0,2.45E0,1.940074916361E0));
#6230=CARTESIAN_POINT('',(-3.937343790841E0,2.45E0,1.962128109752E0));
#6231=CARTESIAN_POINT('',(-3.967106637496E0,2.45E0,1.973731487856E0));
#6232=CARTESIAN_POINT('',(-3.984309275332E0,2.45E0,1.981051513392E0));
#6234=DIRECTION('',(0.E0,1.E0,0.E0));
#6235=VECTOR('',#6234,1.E0);
#6236=SURFACE_OF_LINEAR_EXTRUSION('',#6233,#6235);
#6237=ORIENTED_EDGE('',*,*,#5173,.T.);
#6239=ORIENTED_EDGE('',*,*,#6238,.T.);
#6241=ORIENTED_EDGE('',*,*,#6240,.T.);
#6242=ORIENTED_EDGE('',*,*,#6206,.F.);
#6243=EDGE_LOOP('',(#6237,#6239,#6241,#6242));
#6244=FACE_OUTER_BOUND('',#6243,.F.);
#6245=ADVANCED_FACE('',(#6244),#6236,.T.);
#6246=CARTESIAN_POINT('',(-3.956321724324E0,2.45E0,1.970064761982E0));
#6247=CARTESIAN_POINT('',(-3.973509603536E0,2.45E0,1.976250173361E0));
#6248=CARTESIAN_POINT('',(-4.002511971703E0,2.45E0,1.987750033329E0));
#6249=CARTESIAN_POINT('',(-4.045130963634E0,2.45E0,1.997853293306E0));
#6250=CARTESIAN_POINT('',(-4.082718593093E0,2.45E0,2.002812318342E0));
#6251=CARTESIAN_POINT('',(-4.120119212101E0,2.45E0,2.004486113488E0));
#6252=CARTESIAN_POINT('',(-4.157404985621E0,2.45E0,2.001949929308E0));
#6253=CARTESIAN_POINT('',(-4.194453862404E0,2.45E0,1.995288977241E0));
#6254=CARTESIAN_POINT('',(-4.231347010203E0,2.45E0,1.984986466278E0));
#6255=CARTESIAN_POINT('',(-4.267633681924E0,2.45E0,1.971034949070E0));
#6256=CARTESIAN_POINT('',(-4.302492583160E0,2.45E0,1.953847720410E0));
#6257=CARTESIAN_POINT('',(-4.335185388924E0,2.45E0,1.933936626403E0));
#6258=CARTESIAN_POINT('',(-4.364843023597E0,2.45E0,1.910853021878E0));
#6259=CARTESIAN_POINT('',(-4.392051594216E0,2.45E0,1.885649150894E0));
#6260=CARTESIAN_POINT('',(-4.416252548681E0,2.45E0,1.857496621821E0));
#6261=CARTESIAN_POINT('',(-4.437862148005E0,2.45E0,1.826849062654E0));
#6262=CARTESIAN_POINT('',(-4.459256015443E0,2.45E0,1.789098119084E0));
#6263=CARTESIAN_POINT('',(-4.470697354209E0,2.45E0,1.760409076871E0));
#6264=CARTESIAN_POINT('',(-4.477909662641E0,2.45E0,1.743816770545E0));
#6266=DIRECTION('',(0.E0,1.E0,0.E0));
#6267=VECTOR('',#6266,1.E0);
#6268=SURFACE_OF_LINEAR_EXTRUSION('',#6265,#6267);
#6269=ORIENTED_EDGE('',*,*,#5171,.T.);
#6271=ORIENTED_EDGE('',*,*,#6270,.T.);
#6273=ORIENTED_EDGE('',*,*,#6272,.T.);
#6274=ORIENTED_EDGE('',*,*,#6238,.F.);
#6275=EDGE_LOOP('',(#6269,#6271,#6273,#6274));
#6276=FACE_OUTER_BOUND('',#6275,.F.);
#6277=ADVANCED_FACE('',(#6276),#6268,.T.);
#6278=CARTESIAN_POINT('',(-4.466884083291E0,2.45E0,1.771784318711E0));
#6279=CARTESIAN_POINT('',(-4.473140099299E0,2.45E0,1.754173150792E0));
#6280=CARTESIAN_POINT('',(-4.484730924962E0,2.45E0,1.724384770988E0));
#6281=CARTESIAN_POINT('',(-4.495044065550E0,2.45E0,1.680778901549E0));
#6282=CARTESIAN_POINT('',(-4.500457927329E0,2.45E0,1.642383487054E0));
#6283=CARTESIAN_POINT('',(-4.501718415149E0,2.45E0,1.604269212578E0));
#6284=CARTESIAN_POINT('',(-4.498915690465E0,2.45E0,1.566424307198E0));
#6285=CARTESIAN_POINT('',(-4.492235693656E0,2.45E0,1.528927721369E0));
#6286=CARTESIAN_POINT('',(-4.480874310925E0,2.45E0,1.491894462668E0));
#6287=CARTESIAN_POINT('',(-4.466298013711E0,2.45E0,1.455409813058E0));
#6288=CARTESIAN_POINT('',(-4.448425896485E0,2.45E0,1.420519171362E0));
#6289=CARTESIAN_POINT('',(-4.428101861976E0,2.45E0,1.387914120205E0));
#6290=CARTESIAN_POINT('',(-4.405270173913E0,2.45E0,1.358399435977E0));
#6291=CARTESIAN_POINT('',(-4.380326212214E0,2.45E0,1.331521840126E0));
#6292=CARTESIAN_POINT('',(-4.352898410202E0,2.45E0,1.307688137097E0));
#6293=CARTESIAN_POINT('',(-4.323191128197E0,2.45E0,1.286612115214E0));
#6294=CARTESIAN_POINT('',(-4.287017579788E0,2.45E0,1.265525807811E0));
#6295=CARTESIAN_POINT('',(-4.259326680385E0,2.45E0,1.254646795724E0));
#6296=CARTESIAN_POINT('',(-4.243321166871E0,2.45E0,1.247678723473E0));
#6298=DIRECTION('',(0.E0,1.E0,0.E0));
#6299=VECTOR('',#6298,1.E0);
#6300=SURFACE_OF_LINEAR_EXTRUSION('',#6297,#6299);
#6301=ORIENTED_EDGE('',*,*,#5169,.T.);
#6302=ORIENTED_EDGE('',*,*,#6167,.T.);
#6304=ORIENTED_EDGE('',*,*,#6303,.T.);
#6305=ORIENTED_EDGE('',*,*,#6270,.F.);
#6306=EDGE_LOOP('',(#6301,#6302,#6304,#6305));
#6307=FACE_OUTER_BOUND('',#6306,.F.);
#6308=ADVANCED_FACE('',(#6307),#6300,.T.);
#6309=CARTESIAN_POINT('',(-3.752445702714E0,2.45E0,1.774757870072E0));
#6310=DIRECTION('',(5.612554003232E-13,1.E0,-1.687564667936E-13));
#6311=DIRECTION('',(-1.E0,5.612554003232E-13,0.E0));
#6312=AXIS2_PLACEMENT_3D('',#6309,#6310,#6311);
#6313=PLANE('',#6312);
#6314=ORIENTED_EDGE('',*,*,#6180,.F.);
#6315=ORIENTED_EDGE('',*,*,#6194,.F.);
#6316=ORIENTED_EDGE('',*,*,#6208,.F.);
#6317=ORIENTED_EDGE('',*,*,#6240,.F.);
#6318=ORIENTED_EDGE('',*,*,#6272,.F.);
#6319=ORIENTED_EDGE('',*,*,#6303,.F.);
#6320=ORIENTED_EDGE('',*,*,#6165,.F.);
#6321=EDGE_LOOP('',(#6314,#6315,#6316,#6317,#6318,#6319,#6320));
#6322=FACE_OUTER_BOUND('',#6321,.F.);
#6324=ORIENTED_EDGE('',*,*,#6323,.F.);
#6326=ORIENTED_EDGE('',*,*,#6325,.F.);
#6328=ORIENTED_EDGE('',*,*,#6327,.F.);
#6330=ORIENTED_EDGE('',*,*,#6329,.F.);
#6331=EDGE_LOOP('',(#6324,#6326,#6328,#6330));
#6332=FACE_BOUND('',#6331,.F.);
#6333=ADVANCED_FACE('',(#6322,#6332),#6313,.T.);
#6334=CARTESIAN_POINT('',(-4.274688956784E0,2.45E0,1.659356294573E0));
#6335=CARTESIAN_POINT('',(-4.267891970859E0,2.45E0,1.673368449049E0));
#6336=CARTESIAN_POINT('',(-4.258815556463E0,2.45E0,1.697875492570E0));
#6337=CARTESIAN_POINT('',(-4.235401180045E0,2.45E0,1.725810628532E0));
#6338=CARTESIAN_POINT('',(-4.211282541539E0,2.45E0,1.746162521981E0));
#6339=CARTESIAN_POINT('',(-4.182498915918E0,2.45E0,1.761053253504E0));
#6340=CARTESIAN_POINT('',(-4.151240224418E0,2.45E0,1.771054029348E0));
#6341=CARTESIAN_POINT('',(-4.118513845444E0,2.45E0,1.773873829826E0));
#6342=CARTESIAN_POINT('',(-4.080116823672E0,2.45E0,1.770403096861E0));
#6343=CARTESIAN_POINT('',(-4.054401438502E0,2.45E0,1.759906476133E0));
#6344=CARTESIAN_POINT('',(-4.038587106592E0,2.45E0,1.754828469227E0));
#6346=DIRECTION('',(0.E0,1.E0,0.E0));
#6347=VECTOR('',#6346,1.E0);
#6348=SURFACE_OF_LINEAR_EXTRUSION('',#6345,#6347);
#6350=ORIENTED_EDGE('',*,*,#6349,.T.);
#6352=ORIENTED_EDGE('',*,*,#6351,.T.);
#6353=ORIENTED_EDGE('',*,*,#6323,.T.);
#6355=ORIENTED_EDGE('',*,*,#6354,.F.);
#6356=EDGE_LOOP('',(#6350,#6352,#6353,#6355));
#6357=FACE_OUTER_BOUND('',#6356,.F.);
#6358=ADVANCED_FACE('',(#6357),#6348,.T.);
#6359=CARTESIAN_POINT('',(0.E0,2.8E0,0.E0));
#6360=DIRECTION('',(0.E0,1.E0,0.E0));
#6361=DIRECTION('',(0.E0,0.E0,1.E0));
#6362=AXIS2_PLACEMENT_3D('',#6359,#6360,#6361);
#6363=PLANE('',#6362);
#6364=ORIENTED_EDGE('',*,*,#6349,.F.);
#6366=ORIENTED_EDGE('',*,*,#6365,.F.);
#6368=ORIENTED_EDGE('',*,*,#6367,.F.);
#6370=ORIENTED_EDGE('',*,*,#6369,.F.);
#6371=EDGE_LOOP('',(#6364,#6366,#6368,#6370));
#6372=FACE_OUTER_BOUND('',#6371,.F.);
#6373=ADVANCED_FACE('',(#6372),#6363,.T.);
#6374=CARTESIAN_POINT('',(-4.153811166309E0,2.45E0,1.459733553388E0));
#6375=CARTESIAN_POINT('',(-4.168788045853E0,2.45E0,1.466777695568E0));
#6376=CARTESIAN_POINT('',(-4.194707384539E0,2.45E0,1.476693588038E0));
#6377=CARTESIAN_POINT('',(-4.225388056033E0,2.45E0,1.500106713687E0));
#6378=CARTESIAN_POINT('',(-4.247468244391E0,2.45E0,1.524568743746E0));
#6379=CARTESIAN_POINT('',(-4.263935337088E0,2.45E0,1.552971323392E0));
#6380=CARTESIAN_POINT('',(-4.275012726679E0,2.45E0,1.583173821028E0));
#6381=CARTESIAN_POINT('',(-4.279747699385E0,2.45E0,1.613830287912E0));
#6382=CARTESIAN_POINT('',(-4.277586200409E0,2.45E0,1.649305701215E0));
#6383=CARTESIAN_POINT('',(-4.268150618463E0,2.45E0,1.672788800303E0));
#6384=CARTESIAN_POINT('',(-4.263863706685E0,2.45E0,1.687323742949E0));
#6386=DIRECTION('',(0.E0,1.E0,0.E0));
#6387=VECTOR('',#6386,1.E0);
#6388=SURFACE_OF_LINEAR_EXTRUSION('',#6385,#6387);
#6389=ORIENTED_EDGE('',*,*,#6365,.T.);
#6390=ORIENTED_EDGE('',*,*,#6354,.T.);
#6391=ORIENTED_EDGE('',*,*,#6329,.T.);
#6393=ORIENTED_EDGE('',*,*,#6392,.F.);
#6394=EDGE_LOOP('',(#6389,#6390,#6391,#6393));
#6395=FACE_OUTER_BOUND('',#6394,.F.);
#6396=ADVANCED_FACE('',(#6395),#6388,.T.);
#6397=CARTESIAN_POINT('',(-3.949549089914E0,2.45E0,1.562416679974E0));
#6398=CARTESIAN_POINT('',(-3.956389272679E0,2.45E0,1.548508616037E0));
#6399=CARTESIAN_POINT('',(-3.965660774777E0,2.45E0,1.524425291268E0));
#6400=CARTESIAN_POINT('',(-3.988262605130E0,2.45E0,1.496425516014E0));
#6401=CARTESIAN_POINT('',(-4.012282437008E0,2.45E0,1.476943911291E0));
#6402=CARTESIAN_POINT('',(-4.040613626603E0,2.45E0,1.463081442146E0));
#6403=CARTESIAN_POINT('',(-4.071159879555E0,2.45E0,1.453773249175E0));
#6404=CARTESIAN_POINT('',(-4.103185638362E0,2.45E0,1.451501657687E0));
#6405=CARTESIAN_POINT('',(-4.140874207259E0,2.45E0,1.455238681195E0));
#6406=CARTESIAN_POINT('',(-4.166155115287E0,2.45E0,1.465735450579E0));
#6407=CARTESIAN_POINT('',(-4.181714228156E0,2.45E0,1.470818907762E0));
#6409=DIRECTION('',(0.E0,1.E0,0.E0));
#6410=VECTOR('',#6409,1.E0);
#6411=SURFACE_OF_LINEAR_EXTRUSION('',#6408,#6410);
#6412=ORIENTED_EDGE('',*,*,#6367,.T.);
#6413=ORIENTED_EDGE('',*,*,#6392,.T.);
#6414=ORIENTED_EDGE('',*,*,#6327,.T.);
#6416=ORIENTED_EDGE('',*,*,#6415,.F.);
#6417=EDGE_LOOP('',(#6412,#6413,#6414,#6416));
#6418=FACE_OUTER_BOUND('',#6417,.F.);
#6419=ADVANCED_FACE('',(#6418),#6411,.T.);
#6420=CARTESIAN_POINT('',(-4.066492270506E0,2.45E0,1.765890570498E0));
#6421=CARTESIAN_POINT('',(-4.051610821265E0,2.45E0,1.758820615139E0));
#6422=CARTESIAN_POINT('',(-4.025924534059E0,2.45E0,1.748851264329E0));
#6423=CARTESIAN_POINT('',(-3.995533279004E0,2.45E0,1.725723300403E0));
#6424=CARTESIAN_POINT('',(-3.973587293293E0,2.45E0,1.701832153201E0));
#6425=CARTESIAN_POINT('',(-3.957593678578E0,2.45E0,1.673756639446E0));
#6426=CARTESIAN_POINT('',(-3.946908510739E0,2.45E0,1.643550744304E0));
#6427=CARTESIAN_POINT('',(-3.942762092232E0,2.45E0,1.611997309129E0));
#6428=CARTESIAN_POINT('',(-3.945909657172E0,2.45E0,1.574797450152E0));
#6429=CARTESIAN_POINT('',(-3.955855250011E0,2.45E0,1.549863683444E0));
#6430=CARTESIAN_POINT('',(-3.960588545956E0,2.45E0,1.534523122993E0));
#6432=DIRECTION('',(0.E0,1.E0,0.E0));
#6433=VECTOR('',#6432,1.E0);
#6434=SURFACE_OF_LINEAR_EXTRUSION('',#6431,#6433);
#6435=ORIENTED_EDGE('',*,*,#6369,.T.);
#6436=ORIENTED_EDGE('',*,*,#6415,.T.);
#6437=ORIENTED_EDGE('',*,*,#6325,.T.);
#6438=ORIENTED_EDGE('',*,*,#6351,.F.);
#6439=EDGE_LOOP('',(#6435,#6436,#6437,#6438));
#6440=FACE_OUTER_BOUND('',#6439,.F.);
#6441=ADVANCED_FACE('',(#6440),#6434,.T.);
#6442=CARTESIAN_POINT('',(-4.520631934853E0,2.45E0,5.664447848433E-1));
#6443=DIRECTION('',(-9.941559170512E-1,0.E0,1.079537520984E-1));
#6444=DIRECTION('',(1.079537520984E-1,0.E0,9.941559170512E-1));
#6445=AXIS2_PLACEMENT_3D('',#6442,#6443,#6444);
#6446=PLANE('',#6445);
#6447=ORIENTED_EDGE('',*,*,#5183,.T.);
#6449=ORIENTED_EDGE('',*,*,#6448,.T.);
#6451=ORIENTED_EDGE('',*,*,#6450,.T.);
#6453=ORIENTED_EDGE('',*,*,#6452,.F.);
#6454=EDGE_LOOP('',(#6447,#6449,#6451,#6453));
#6455=FACE_OUTER_BOUND('',#6454,.F.);
#6456=ADVANCED_FACE('',(#6455),#6446,.T.);
#6457=CARTESIAN_POINT('',(-4.493087864340E0,2.45E0,8.201006342023E-1));
#6458=DIRECTION('',(4.301950661391E-1,0.E0,-9.027359553433E-1));
#6459=DIRECTION('',(-9.027359553433E-1,0.E0,-4.301950661391E-1));
#6460=AXIS2_PLACEMENT_3D('',#6457,#6458,#6459);
#6461=PLANE('',#6460);
#6462=ORIENTED_EDGE('',*,*,#5193,.T.);
#6464=ORIENTED_EDGE('',*,*,#6463,.T.);
#6466=ORIENTED_EDGE('',*,*,#6465,.T.);
#6467=ORIENTED_EDGE('',*,*,#6448,.F.);
#6468=EDGE_LOOP('',(#6462,#6464,#6466,#6467));
#6469=FACE_OUTER_BOUND('',#6468,.F.);
#6470=ADVANCED_FACE('',(#6469),#6461,.T.);
#6471=CARTESIAN_POINT('',(-4.727963665622E0,2.45E0,7.081715476638E-1));
#6472=DIRECTION('',(9.940896524787E-1,0.E0,-1.085622532686E-1));
#6473=DIRECTION('',(-1.085622532686E-1,0.E0,-9.940896524787E-1));
#6474=AXIS2_PLACEMENT_3D('',#6471,#6472,#6473);
#6475=PLANE('',#6474);
#6476=ORIENTED_EDGE('',*,*,#5191,.T.);
#6478=ORIENTED_EDGE('',*,*,#6477,.T.);
#6480=ORIENTED_EDGE('',*,*,#6479,.T.);
#6481=ORIENTED_EDGE('',*,*,#6463,.F.);
#6482=EDGE_LOOP('',(#6476,#6478,#6480,#6481));
#6483=FACE_OUTER_BOUND('',#6482,.F.);
#6484=ADVANCED_FACE('',(#6483),#6475,.T.);
#6485=CARTESIAN_POINT('',(-4.766274963699E0,2.45E0,3.573602495869E-1));
#6486=DIRECTION('',(1.079245683529E-1,0.E0,9.941590856326E-1));
#6487=DIRECTION('',(9.941590856326E-1,0.E0,-1.079245683529E-1));
#6488=AXIS2_PLACEMENT_3D('',#6485,#6486,#6487);
#6489=PLANE('',#6488);
#6490=ORIENTED_EDGE('',*,*,#5189,.T.);
#6492=ORIENTED_EDGE('',*,*,#6491,.T.);
#6494=ORIENTED_EDGE('',*,*,#6493,.T.);
#6495=ORIENTED_EDGE('',*,*,#6477,.F.);
#6496=EDGE_LOOP('',(#6490,#6492,#6494,#6495));
#6497=FACE_OUTER_BOUND('',#6496,.F.);
#6498=ADVANCED_FACE('',(#6497),#6489,.T.);
#6499=CARTESIAN_POINT('',(-3.534554210494E0,2.45E0,2.236463072792E-1));
#6500=DIRECTION('',(-9.941544446562E-1,0.E0,1.079673106562E-1));
#6501=DIRECTION('',(1.079673106562E-1,0.E0,9.941544446562E-1));
#6502=AXIS2_PLACEMENT_3D('',#6499,#6500,#6501);
#6503=PLANE('',#6502);
#6504=ORIENTED_EDGE('',*,*,#5187,.T.);
#6506=ORIENTED_EDGE('',*,*,#6505,.T.);
#6508=ORIENTED_EDGE('',*,*,#6507,.T.);
#6509=ORIENTED_EDGE('',*,*,#6491,.F.);
#6510=EDGE_LOOP('',(#6504,#6506,#6508,#6509));
#6511=FACE_OUTER_BOUND('',#6510,.F.);
#6512=ADVANCED_FACE('',(#6511),#6503,.T.);
#6513=CARTESIAN_POINT('',(-3.509263745750E0,2.45E0,4.565189034331E-1));
#6514=DIRECTION('',(-1.080538924550E-1,0.E0,-9.941450378719E-1));
#6515=DIRECTION('',(-9.941450378719E-1,0.E0,1.080538924550E-1));
#6516=AXIS2_PLACEMENT_3D('',#6513,#6514,#6515);
#6517=PLANE('',#6516);
#6518=ORIENTED_EDGE('',*,*,#5185,.T.);
#6519=ORIENTED_EDGE('',*,*,#6452,.T.);
#6521=ORIENTED_EDGE('',*,*,#6520,.T.);
#6522=ORIENTED_EDGE('',*,*,#6505,.F.);
#6523=EDGE_LOOP('',(#6518,#6519,#6521,#6522));
#6524=FACE_OUTER_BOUND('',#6523,.F.);
#6525=ADVANCED_FACE('',(#6524),#6517,.T.);
#6526=CARTESIAN_POINT('',(0.E0,2.45E0,0.E0));
#6527=DIRECTION('',(0.E0,1.E0,0.E0));
#6528=DIRECTION('',(0.E0,0.E0,1.E0));
#6529=AXIS2_PLACEMENT_3D('',#6526,#6527,#6528);
#6530=PLANE('',#6529);
#6531=ORIENTED_EDGE('',*,*,#6465,.F.);
#6532=ORIENTED_EDGE('',*,*,#6479,.F.);
#6533=ORIENTED_EDGE('',*,*,#6493,.F.);
#6534=ORIENTED_EDGE('',*,*,#6507,.F.);
#6535=ORIENTED_EDGE('',*,*,#6520,.F.);
#6536=ORIENTED_EDGE('',*,*,#6450,.F.);
#6537=EDGE_LOOP('',(#6531,#6532,#6533,#6534,#6535,#6536));
#6538=FACE_OUTER_BOUND('',#6537,.F.);
#6539=ADVANCED_FACE('',(#6538),#6530,.T.);
#6540=CARTESIAN_POINT('',(3.526206635566E0,1.030841279223E1,-3.031231888736E0));
#6541=DIRECTION('',(0.E0,-1.E0,0.E0));
#6542=DIRECTION('',(0.E0,0.E0,-1.E0));
#6543=AXIS2_PLACEMENT_3D('',#6540,#6541,#6542);
#6544=CYLINDRICAL_SURFACE('',#6543,3.5E-1);
#6545=ORIENTED_EDGE('',*,*,#3504,.T.);
#6546=ORIENTED_EDGE('',*,*,#3567,.F.);
#6547=ORIENTED_EDGE('',*,*,#3550,.T.);
#6549=ORIENTED_EDGE('',*,*,#6548,.T.);
#6550=EDGE_LOOP('',(#6545,#6546,#6547,#6549));
#6551=FACE_OUTER_BOUND('',#6550,.F.);
#6552=ADVANCED_FACE('',(#6551),#6544,.T.);
#6553=CARTESIAN_POINT('',(3.526206635566E0,1.030841279223E1,-3.031231888736E0));
#6554=DIRECTION('',(0.E0,-1.E0,0.E0));
#6555=DIRECTION('',(0.E0,0.E0,-1.E0));
#6556=AXIS2_PLACEMENT_3D('',#6553,#6554,#6555);
#6557=CYLINDRICAL_SURFACE('',#6556,3.5E-1);
#6558=ORIENTED_EDGE('',*,*,#6548,.F.);
#6559=ORIENTED_EDGE('',*,*,#3548,.T.);
#6560=ORIENTED_EDGE('',*,*,#3521,.F.);
#6561=ORIENTED_EDGE('',*,*,#3506,.T.);
#6562=EDGE_LOOP('',(#6558,#6559,#6560,#6561));
#6563=FACE_OUTER_BOUND('',#6562,.F.);
#6564=ADVANCED_FACE('',(#6563),#6557,.T.);
#6565=CARTESIAN_POINT('',(-2.359662092355E0,2.321330925450E0,
-1.312036313038E0));
#6566=CARTESIAN_POINT('',(-2.358095915428E0,2.159268803164E0,
-1.309033358080E0));
#6567=CARTESIAN_POINT('',(-2.356529738502E0,1.997206680878E0,
-1.306030403122E0));
#6568=CARTESIAN_POINT('',(-2.354963561576E0,1.835144558593E0,
-1.303027448164E0));
#6569=CARTESIAN_POINT('',(-2.357016492053E0,2.321271302713E0,
-1.316291950972E0));
#6570=CARTESIAN_POINT('',(-2.355443249952E0,2.159209427945E0,
-1.313305325834E0));
#6571=CARTESIAN_POINT('',(-2.353870007850E0,1.997147553176E0,
-1.310318700697E0));
#6572=CARTESIAN_POINT('',(-2.352296765749E0,1.835085678408E0,
-1.307332075559E0));
#6573=CARTESIAN_POINT('',(-2.298285238322E0,2.319858930976E0,
-1.415294386146E0));
#6574=CARTESIAN_POINT('',(-2.296564032322E0,2.157802445549E0,
-1.412690816509E0));
#6575=CARTESIAN_POINT('',(-2.294842826322E0,1.995745960122E0,
-1.410087246872E0));
#6576=CARTESIAN_POINT('',(-2.293121620322E0,1.833689474696E0,
-1.407483677236E0));
#6577=CARTESIAN_POINT('',(-2.292752523478E0,2.317303254143E0,
-1.548220363653E0));
#6578=CARTESIAN_POINT('',(-2.291320980182E0,2.155244375504E0,
-1.546185637508E0));
#6579=CARTESIAN_POINT('',(-2.289889436885E0,1.993185496865E0,
-1.544150911364E0));
#6580=CARTESIAN_POINT('',(-2.288457893589E0,1.831126618226E0,
-1.542116185219E0));
#6581=CARTESIAN_POINT('',(-2.343054517330E0,2.314821863230E0,
-1.651740688842E0));
#6582=CARTESIAN_POINT('',(-2.342223639432E0,2.152760201927E0,
-1.649861102197E0));
#6583=CARTESIAN_POINT('',(-2.341392761534E0,1.990698540624E0,
-1.647981515552E0));
#6584=CARTESIAN_POINT('',(-2.340561883636E0,1.828636879320E0,
-1.646101928907E0));
#6585=CARTESIAN_POINT('',(-2.345337407824E0,2.314713917577E0,
-1.656200614822E0));
#6586=CARTESIAN_POINT('',(-2.344533105458E0,2.152652136357E0,
-1.654327049122E0));
#6587=CARTESIAN_POINT('',(-2.343728803093E0,1.990590355137E0,
-1.652453483422E0));
#6588=CARTESIAN_POINT('',(-2.342924500727E0,1.828528573917E0,
-1.650579917722E0));
#6589=B_SPLINE_SURFACE_WITH_KNOTS('',3,3,((#6565,#6566,#6567,#6568),(#6569,
#6570,#6571,#6572),(#6573,#6574,#6575,#6576),(#6577,#6578,#6579,#6580),(#6581,
#6582,#6583,#6584),(#6585,#6586,#6587,#6588)),.UNSPECIFIED.,.F.,.F.,.F.,(4,1,1,
4),(4,4),(-4.553720897336E-2,0.E0,1.E0,1.045538003590E0),(-2.665033541197E-2,
1.026650348880E0),.UNSPECIFIED.);
#6590=ORIENTED_EDGE('',*,*,#3263,.F.);
#6592=ORIENTED_EDGE('',*,*,#6591,.T.);
#6594=ORIENTED_EDGE('',*,*,#6593,.F.);
#6595=ORIENTED_EDGE('',*,*,#3326,.T.);
#6596=EDGE_LOOP('',(#6590,#6592,#6594,#6595));
#6597=FACE_OUTER_BOUND('',#6596,.F.);
#6598=ADVANCED_FACE('',(#6597),#6589,.F.);
#6599=CARTESIAN_POINT('',(-1.8616E0,1.85E0,-1.8616E0));
#6600=DIRECTION('',(0.E0,1.E0,0.E0));
#6601=DIRECTION('',(0.E0,0.E0,1.E0));
#6602=AXIS2_PLACEMENT_3D('',#6599,#6600,#6601);
#6603=CYLINDRICAL_SURFACE('',#6602,5.25E-1);
#6605=ORIENTED_EDGE('',*,*,#6604,.T.);
#6606=ORIENTED_EDGE('',*,*,#6591,.F.);
#6607=ORIENTED_EDGE('',*,*,#3261,.T.);
#6608=ORIENTED_EDGE('',*,*,#3259,.T.);
#6610=ORIENTED_EDGE('',*,*,#6609,.F.);
#6612=ORIENTED_EDGE('',*,*,#6611,.T.);
#6613=EDGE_LOOP('',(#6605,#6606,#6607,#6608,#6610,#6612));
#6614=FACE_OUTER_BOUND('',#6613,.F.);
#6615=ADVANCED_FACE('',(#6614),#6603,.F.);
#6616=CARTESIAN_POINT('',(-1.8616E0,1.85E0,1.8616E0));
#6617=DIRECTION('',(0.E0,1.E0,0.E0));
#6618=DIRECTION('',(0.E0,0.E0,1.E0));
#6619=AXIS2_PLACEMENT_3D('',#6616,#6617,#6618);
#6620=PLANE('',#6619);
#6621=ORIENTED_EDGE('',*,*,#3328,.F.);
#6622=ORIENTED_EDGE('',*,*,#6593,.T.);
#6623=ORIENTED_EDGE('',*,*,#6604,.F.);
#6624=ORIENTED_EDGE('',*,*,#6611,.F.);
#6626=ORIENTED_EDGE('',*,*,#6625,.T.);
#6627=EDGE_LOOP('',(#6621,#6622,#6623,#6624,#6626));
#6628=FACE_OUTER_BOUND('',#6627,.F.);
#6629=ADVANCED_FACE('',(#6628),#6620,.T.);
#6630=CARTESIAN_POINT('',(-1.303027448164E0,1.835144558593E0,
-2.354963561576E0));
#6631=CARTESIAN_POINT('',(-1.306030403122E0,1.997206680878E0,
-2.356529738502E0));
#6632=CARTESIAN_POINT('',(-1.309033358080E0,2.159268803164E0,
-2.358095915428E0));
#6633=CARTESIAN_POINT('',(-1.312036313038E0,2.321330925450E0,
-2.359662092355E0));
#6634=CARTESIAN_POINT('',(-1.307332075559E0,1.835085678408E0,
-2.352296765749E0));
#6635=CARTESIAN_POINT('',(-1.310318700697E0,1.997147553176E0,
-2.353870007850E0));
#6636=CARTESIAN_POINT('',(-1.313305325834E0,2.159209427945E0,
-2.355443249952E0));
#6637=CARTESIAN_POINT('',(-1.316291950972E0,2.321271302713E0,
-2.357016492053E0));
#6638=CARTESIAN_POINT('',(-1.407483677236E0,1.833689474696E0,
-2.293121620322E0));
#6639=CARTESIAN_POINT('',(-1.410087246872E0,1.995745960122E0,
-2.294842826322E0));
#6640=CARTESIAN_POINT('',(-1.412690816509E0,2.157802445549E0,
-2.296564032322E0));
#6641=CARTESIAN_POINT('',(-1.415294386146E0,2.319858930976E0,
-2.298285238322E0));
#6642=CARTESIAN_POINT('',(-1.542116185219E0,1.831126618226E0,
-2.288457893589E0));
#6643=CARTESIAN_POINT('',(-1.544150911364E0,1.993185496865E0,
-2.289889436885E0));
#6644=CARTESIAN_POINT('',(-1.546185637508E0,2.155244375504E0,
-2.291320980182E0));
#6645=CARTESIAN_POINT('',(-1.548220363653E0,2.317303254143E0,
-2.292752523478E0));
#6646=CARTESIAN_POINT('',(-1.646101928907E0,1.828636879320E0,
-2.340561883636E0));
#6647=CARTESIAN_POINT('',(-1.647981515552E0,1.990698540624E0,
-2.341392761534E0));
#6648=CARTESIAN_POINT('',(-1.649861102197E0,2.152760201927E0,
-2.342223639432E0));
#6649=CARTESIAN_POINT('',(-1.651740688842E0,2.314821863230E0,
-2.343054517330E0));
#6650=CARTESIAN_POINT('',(-1.650579917722E0,1.828528573917E0,
-2.342924500727E0));
#6651=CARTESIAN_POINT('',(-1.652453483422E0,1.990590355137E0,
-2.343728803093E0));
#6652=CARTESIAN_POINT('',(-1.654327049122E0,2.152652136357E0,
-2.344533105458E0));
#6653=CARTESIAN_POINT('',(-1.656200614822E0,2.314713917577E0,
-2.345337407824E0));
#6654=B_SPLINE_SURFACE_WITH_KNOTS('',3,3,((#6630,#6631,#6632,#6633),(#6634,
#6635,#6636,#6637),(#6638,#6639,#6640,#6641),(#6642,#6643,#6644,#6645),(#6646,
#6647,#6648,#6649),(#6650,#6651,#6652,#6653)),.UNSPECIFIED.,.F.,.F.,.F.,(4,1,1,
4),(4,4),(-4.553720897336E-2,0.E0,1.E0,1.045538003590E0),(-2.665034888045E-2,
1.026650335412E0),.UNSPECIFIED.);
#6655=ORIENTED_EDGE('',*,*,#6625,.F.);
#6656=ORIENTED_EDGE('',*,*,#6609,.T.);
#6657=ORIENTED_EDGE('',*,*,#3257,.F.);
#6658=ORIENTED_EDGE('',*,*,#3330,.T.);
#6659=EDGE_LOOP('',(#6655,#6656,#6657,#6658));
#6660=FACE_OUTER_BOUND('',#6659,.F.);
#6661=ADVANCED_FACE('',(#6660),#6654,.F.);
#6665=DIMENSIONAL_EXPONENTS(0.E0,0.E0,0.E0,0.E0,0.E0,0.E0,0.E0);
#6667=PLANE_ANGLE_MEASURE_WITH_UNIT(PLANE_ANGLE_MEASURE(1.745329251994E-2),
#6666);
#6668=(CONVERSION_BASED_UNIT('DEGREE',#6667)NAMED_UNIT(*)PLANE_ANGLE_UNIT());
#6670=UNCERTAINTY_MEASURE_WITH_UNIT(LENGTH_MEASURE(1.253217061383E-3),#6664,
'closure',
'Maximum model space distance between geometric entities at asserted connectivities');
#6671=(GEOMETRIC_REPRESENTATION_CONTEXT(3)GLOBAL_UNCERTAINTY_ASSIGNED_CONTEXT((
#6670))GLOBAL_UNIT_ASSIGNED_CONTEXT((#6664,#6668,#6669))REPRESENTATION_CONTEXT(
'ID1','3'));
#6673=APPLICATION_CONTEXT(
'CONFIGURATION CONTROLLED 3D DESIGNS OF MECHANICAL PARTS AND ASSEMBLIES');
#6674=APPLICATION_PROTOCOL_DEFINITION('international standard',
'config_control_design',1994,#6673);
#6675=DESIGN_CONTEXT('',#6673,'design');
#6676=MECHANICAL_CONTEXT('',#6673,'mechanical');
#6677=PRODUCT('LARGER_OPTIM_HOUSING','LARGER_OPTIM_HOUSING','NOT SPECIFIED',(
#6676));
#6678=PRODUCT_DEFINITION_FORMATION_WITH_SPECIFIED_SOURCE('2','LAST_VERSION',
#6677,.MADE.);
#6682=PRODUCT_CATEGORY('part','');
#6683=PRODUCT_RELATED_PRODUCT_CATEGORY('detail','',(#6677));
#6684=PRODUCT_CATEGORY_RELATIONSHIP('','',#6682,#6683);
#6685=SECURITY_CLASSIFICATION_LEVEL('unclassified');
#6686=SECURITY_CLASSIFICATION('','',#6685);
#6687=CC_DESIGN_SECURITY_CLASSIFICATION(#6686,(#6678));
#6688=APPROVAL_STATUS('approved');
#6689=APPROVAL(#6688,'');
#6690=CC_DESIGN_APPROVAL(#6689,(#6686,#6678,#6679));
#6691=CALENDAR_DATE(125,29,12);
#6692=COORDINATED_UNIVERSAL_TIME_OFFSET(8,0,.BEHIND.);
#6693=LOCAL_TIME(9,27,1.2E1,#6692);
#6694=DATE_AND_TIME(#6691,#6693);
#6695=APPROVAL_DATE_TIME(#6694,#6689);
#6696=DATE_TIME_ROLE('creation_date');
#6697=CC_DESIGN_DATE_AND_TIME_ASSIGNMENT(#6694,#6696,(#6679));
#6698=DATE_TIME_ROLE('classification_date');
#6699=CC_DESIGN_DATE_AND_TIME_ASSIGNMENT(#6694,#6698,(#6686));
#6700=PERSON('UNSPECIFIED','UNSPECIFIED',$,$,$,$);
#6701=ORGANIZATION('UNSPECIFIED','UNSPECIFIED','UNSPECIFIED');
#6702=PERSON_AND_ORGANIZATION(#6700,#6701);
#6703=APPROVAL_ROLE('approver');
#6704=APPROVAL_PERSON_ORGANIZATION(#6702,#6689,#6703);
#6705=PERSON_AND_ORGANIZATION_ROLE('creator');
#6706=CC_DESIGN_PERSON_AND_ORGANIZATION_ASSIGNMENT(#6702,#6705,(#6678,#6679));
#6707=PERSON_AND_ORGANIZATION_ROLE('design_supplier');
#6708=CC_DESIGN_PERSON_AND_ORGANIZATION_ASSIGNMENT(#6702,#6707,(#6678));
#6709=PERSON_AND_ORGANIZATION_ROLE('classification_officer');
#6710=CC_DESIGN_PERSON_AND_ORGANIZATION_ASSIGNMENT(#6702,#6709,(#6686));
#6711=PERSON_AND_ORGANIZATION_ROLE('design_owner');
#6712=CC_DESIGN_PERSON_AND_ORGANIZATION_ASSIGNMENT(#6702,#6711,(#6677));
#13=CIRCLE('',#12,2.699159885716E0);
#18=CIRCLE('',#17,5.25E-1);
#23=CIRCLE('',#22,5.25E-1);
#28=CIRCLE('',#27,2.699159885716E0);
#33=CIRCLE('',#32,2.703E0);
#38=CIRCLE('',#37,3.5E-1);
#43=CIRCLE('',#42,3.5E-1);
#48=CIRCLE('',#47,5.1E-1);
#53=CIRCLE('',#52,3.57E0);
#58=CIRCLE('',#57,3.5E-1);
#67=CIRCLE('',#66,7.E-1);
#72=CIRCLE('',#71,7.E-1);
#77=CIRCLE('',#76,3.5E0);
#82=CIRCLE('',#81,3.5E0);
#87=CIRCLE('',#86,7.E-1);
#92=CIRCLE('',#91,7.E-1);
#101=CIRCLE('',#100,3.5E-1);
#106=CIRCLE('',#105,5.25E-1);
#111=CIRCLE('',#110,5.25E-1);
#116=CIRCLE('',#115,2.699159885716E0);
#121=CIRCLE('',#120,2.685195833773E0);
#146=CIRCLE('',#145,8.4E-1);
#151=CIRCLE('',#150,8.4E-1);
#156=CIRCLE('',#155,2.685195833773E0);
#184=B_SPLINE_CURVE_WITH_KNOTS('',3,(#177,#178,#179,#180,#181,#182,#183),
.UNSPECIFIED.,.F.,.F.,(4,1,1,1,4),(0.E0,2.5E-1,5.E-1,7.5E-1,1.E0),
.UNSPECIFIED.);
#192=B_SPLINE_CURVE_WITH_KNOTS('',3,(#185,#186,#187,#188,#189,#190,#191),
.UNSPECIFIED.,.F.,.F.,(4,1,1,1,4),(0.E0,2.5E-1,5.E-1,7.5E-1,1.E0),
.UNSPECIFIED.);
#197=CIRCLE('',#196,2.691305106498E0);
#202=CIRCLE('',#201,5.25E-1);
#207=CIRCLE('',#206,5.25E-1);
#215=B_SPLINE_CURVE_WITH_KNOTS('',3,(#208,#209,#210,#211,#212,#213,#214),
.UNSPECIFIED.,.F.,.F.,(4,1,1,1,4),(0.E0,2.5E-1,5.E-1,7.5E-1,1.E0),
.UNSPECIFIED.);
#223=B_SPLINE_CURVE_WITH_KNOTS('',3,(#216,#217,#218,#219,#220,#221,#222),
.UNSPECIFIED.,.F.,.F.,(4,1,1,1,4),(0.E0,2.5E-1,5.E-1,7.5E-1,1.E0),
.UNSPECIFIED.);
#249=B_SPLINE_CURVE_WITH_KNOTS('',3,(#224,#225,#226,#227,#228,#229,#230,#231,
#232,#233,#234,#235,#236,#237,#238,#239,#240,#241,#242,#243,#244,#245,#246,#247,
#248),.UNSPECIFIED.,.F.,.F.,(4,1,1,1,1,1,1,1,1,1,1,1,1,1,1,1,1,1,1,1,1,1,4),(
0.E0,4.545454545455E-2,9.090909090909E-2,1.363636363636E-1,1.818181818182E-1,
2.272727272727E-1,2.727272727273E-1,3.181818181818E-1,3.636363636364E-1,
4.090909090909E-1,4.545454545455E-1,5.E-1,5.454545454545E-1,5.909090909091E-1,
6.363636363636E-1,6.818181818182E-1,7.272727272727E-1,7.727272727273E-1,
8.181818181818E-1,8.636363636364E-1,9.090909090909E-1,9.545454545455E-1,1.E0),
.UNSPECIFIED.);
#256=B_SPLINE_CURVE_WITH_KNOTS('',3,(#250,#251,#252,#253,#254,#255),
.UNSPECIFIED.,.F.,.F.,(4,1,1,4),(0.E0,3.333333333333E-1,6.666666666667E-1,1.E0),
.UNSPECIFIED.);
#261=CIRCLE('',#260,5.E0);
#266=CIRCLE('',#265,3.5E-1);
#275=CIRCLE('',#274,3.5E-1);
#280=CIRCLE('',#279,3.57E0);
#285=CIRCLE('',#284,5.1E-1);
#290=CIRCLE('',#289,5.1E-1);
#295=CIRCLE('',#294,3.5E-1);
#300=CIRCLE('',#299,3.5E-1);
#305=CIRCLE('',#304,2.703E0);
#310=CIRCLE('',#309,5.1E-1);
#315=CIRCLE('',#314,2.707887418180E0);
#320=CIRCLE('',#319,5.25E-1);
#325=CIRCLE('',#324,3.5E-1);
#334=CIRCLE('',#333,3.5E-1);
#339=CIRCLE('',#338,3.5E-1);
#348=CIRCLE('',#347,7.E-1);
#353=CIRCLE('',#352,7.E-1);
#358=CIRCLE('',#357,3.5E0);
#363=CIRCLE('',#362,7.E-1);
#368=CIRCLE('',#367,7.E-1);
#377=CIRCLE('',#376,3.5E-1);
#382=CIRCLE('',#381,5.E0);
#387=CIRCLE('',#386,3.5E-1);
#392=CIRCLE('',#391,3.5E-1);
#421=CIRCLE('',#420,3.5E0);
#430=CIRCLE('',#429,3.5E0);
#439=CIRCLE('',#438,3.5E0);
#444=CIRCLE('',#443,3.5E0);
#453=CIRCLE('',#452,1.8E0);
#458=CIRCLE('',#457,1.8E0);
#471=CIRCLE('',#470,2.177241E0);
#476=CIRCLE('',#475,2.177241E0);
#481=CIRCLE('',#480,2.229158E0);
#494=CIRCLE('',#493,2.229158E0);
#507=CIRCLE('',#506,2.260931E0);
#512=CIRCLE('',#511,2.260931E0);
#517=CIRCLE('',#516,2.283561E0);
#530=CIRCLE('',#529,2.283561E0);
#543=CIRCLE('',#542,2.300804E0);
#548=CIRCLE('',#547,2.300804E0);
#553=CIRCLE('',#552,2.314429E0);
#566=CIRCLE('',#565,2.314429E0);
#579=CIRCLE('',#578,2.325421E0);
#584=CIRCLE('',#583,2.325421E0);
#589=CIRCLE('',#588,2.334385E0);
#602=CIRCLE('',#601,2.334385E0);
#615=CIRCLE('',#614,2.341722E0);
#620=CIRCLE('',#619,2.341722E0);
#625=CIRCLE('',#624,2.347709E0);
#638=CIRCLE('',#637,2.347709E0);
#651=CIRCLE('',#650,2.352548E0);
#656=CIRCLE('',#655,2.352548E0);
#661=CIRCLE('',#660,2.356387E0);
#674=CIRCLE('',#673,2.356387E0);
#687=CIRCLE('',#686,2.35934E0);
#692=CIRCLE('',#691,2.35934E0);
#697=CIRCLE('',#696,2.361492E0);
#710=CIRCLE('',#709,2.361492E0);
#723=CIRCLE('',#722,2.362912E0);
#728=CIRCLE('',#727,2.362912E0);
#733=CIRCLE('',#732,2.363651E0);
#746=CIRCLE('',#745,2.363651E0);
#759=CIRCLE('',#758,2.363751E0);
#764=CIRCLE('',#763,2.363751E0);
#769=CIRCLE('',#768,2.363241E0);
#782=CIRCLE('',#781,2.363241E0);
#795=CIRCLE('',#794,2.362146E0);
#800=CIRCLE('',#799,2.362146E0);
#805=CIRCLE('',#804,2.360481E0);
#818=CIRCLE('',#817,2.360481E0);
#831=CIRCLE('',#830,2.358257E0);
#836=CIRCLE('',#835,2.358257E0);
#841=CIRCLE('',#840,2.355478E0);
#854=CIRCLE('',#853,2.355478E0);
#867=CIRCLE('',#866,2.352145E0);
#872=CIRCLE('',#871,2.352145E0);
#877=CIRCLE('',#876,2.348252E0);
#890=CIRCLE('',#889,2.348252E0);
#903=CIRCLE('',#902,2.343788E0);
#908=CIRCLE('',#907,2.343788E0);
#913=CIRCLE('',#912,2.338739E0);
#926=CIRCLE('',#925,2.338739E0);
#939=CIRCLE('',#938,2.333084E0);
#944=CIRCLE('',#943,2.333084E0);
#949=CIRCLE('',#948,2.326795E0);
#962=CIRCLE('',#961,2.326795E0);
#975=CIRCLE('',#974,2.319839000003E0);
#980=CIRCLE('',#979,2.319839000003E0);
#985=CIRCLE('',#984,2.312175E0);
#998=CIRCLE('',#997,2.312175E0);
#1011=CIRCLE('',#1010,2.303752E0);
#1016=CIRCLE('',#1015,2.303752E0);
#1021=CIRCLE('',#1020,2.294509E0);
#1034=CIRCLE('',#1033,2.294509E0);
#1047=CIRCLE('',#1046,2.284371E0);
#1052=CIRCLE('',#1051,2.284371E0);
#1057=CIRCLE('',#1056,2.273246E0);
#1070=CIRCLE('',#1069,2.273246E0);
#1083=CIRCLE('',#1082,2.261022E0);
#1088=CIRCLE('',#1087,2.261022E0);
#1093=CIRCLE('',#1092,2.247559E0);
#1106=CIRCLE('',#1105,2.247559E0);
#1119=CIRCLE('',#1118,2.232681E0);
#1124=CIRCLE('',#1123,2.232681E0);
#1129=CIRCLE('',#1128,2.216162E0);
#1142=CIRCLE('',#1141,2.216162E0);
#1155=CIRCLE('',#1154,2.197707E0);
#1160=CIRCLE('',#1159,2.197707E0);
#1165=CIRCLE('',#1164,2.176923E0);
#1178=CIRCLE('',#1177,2.176923E0);
#1191=CIRCLE('',#1190,2.153262E0);
#1196=CIRCLE('',#1195,2.153262E0);
#1201=CIRCLE('',#1200,2.12594E0);
#1214=CIRCLE('',#1213,2.12594E0);
#1227=CIRCLE('',#1226,2.093765E0);
#1232=CIRCLE('',#1231,2.093765E0);
#1237=CIRCLE('',#1236,2.05479E0);
#1250=CIRCLE('',#1249,2.05479E0);
#1263=CIRCLE('',#1262,2.005482E0);
#1268=CIRCLE('',#1267,2.005482E0);
#1273=CIRCLE('',#1272,1.938244E0);
#1286=CIRCLE('',#1285,1.938244E0);
#1299=CIRCLE('',#1298,1.830374E0);
#1304=CIRCLE('',#1303,1.830374E0);
#1309=CIRCLE('',#1308,8.4E-1);
#1322=CIRCLE('',#1321,8.4E-1);
#1339=CIRCLE('',#1338,5.E0);
#1344=CIRCLE('',#1343,3.5E-1);
#1349=CIRCLE('',#1348,3.5E-1);
#1358=CIRCLE('',#1357,7.E-1);
#1363=CIRCLE('',#1362,7.E-1);
#1368=CIRCLE('',#1367,3.5E0);
#1373=CIRCLE('',#1372,7.E-1);
#1378=CIRCLE('',#1377,7.E-1);
#1387=CIRCLE('',#1386,3.5E-1);
#1392=CIRCLE('',#1391,3.5E-1);
#1401=CIRCLE('',#1400,3.5E-1);
#1406=CIRCLE('',#1405,3.57E0);
#1411=CIRCLE('',#1410,5.1E-1);
#1416=CIRCLE('',#1415,3.5E-1);
#1421=CIRCLE('',#1420,3.5E-1);
#1426=CIRCLE('',#1425,2.703E0);
#1431=CIRCLE('',#1430,5.1E-1);
#1436=CIRCLE('',#1435,2.707887418180E0);
#1441=CIRCLE('',#1440,5.25E-1);
#1446=CIRCLE('',#1445,3.5E-1);
#1455=CIRCLE('',#1454,3.5E-1);
#1460=CIRCLE('',#1459,3.5E-1);
#1465=CIRCLE('',#1464,5.E0);
#1470=CIRCLE('',#1469,3.5E-1);
#1475=CIRCLE('',#1474,3.5E-1);
#1491=B_SPLINE_CURVE_WITH_KNOTS('',3,(#1476,#1477,#1478,#1479,#1480,#1481,#1482,
#1483,#1484,#1485,#1486,#1487,#1488,#1489,#1490),.UNSPECIFIED.,.F.,.F.,(4,1,1,1,
1,1,1,1,1,1,1,1,4),(0.E0,9.146410579274E-2,1.843318348568E-1,2.787066780981E-1,
3.743894723672E-1,4.267783383258E-1,4.857393446241E-1,5.525792567442E-1,
6.273244597401E-1,7.088622387520E-1,7.983533401487E-1,8.956528674775E-1,1.E0),
.UNSPECIFIED.);
#1511=B_SPLINE_CURVE_WITH_KNOTS('',3,(#1492,#1493,#1494,#1495,#1496,#1497,#1498,
#1499,#1500,#1501,#1502,#1503,#1504,#1505,#1506,#1507,#1508,#1509,#1510),
.UNSPECIFIED.,.F.,.F.,(4,1,1,1,1,1,1,1,1,1,1,1,1,1,1,1,4),(0.E0,
6.741873147991E-2,1.325424735206E-1,1.956689816330E-1,2.581388583168E-1,
3.204296780588E-1,3.829882198022E-1,4.465139100302E-1,5.116415206931E-1,
5.764239192956E-1,6.391942110306E-1,7.004586630552E-1,7.602102476085E-1,
8.194338337967E-1,8.786389824196E-1,9.389195133559E-1,1.E0),.UNSPECIFIED.);
#1531=B_SPLINE_CURVE_WITH_KNOTS('',3,(#1512,#1513,#1514,#1515,#1516,#1517,#1518,
#1519,#1520,#1521,#1522,#1523,#1524,#1525,#1526,#1527,#1528,#1529,#1530),
.UNSPECIFIED.,.F.,.F.,(4,1,1,1,1,1,1,1,1,1,1,1,1,1,1,1,4),(0.E0,
6.536169852672E-2,1.282875085083E-1,1.901149866637E-1,2.512803132018E-1,
3.123577269003E-1,3.737231332342E-1,4.364203716554E-1,5.006404347495E-1,
5.652580118982E-1,6.277943503832E-1,6.890502048912E-1,7.500849902859E-1,
8.107776714E-1,8.725358552576E-1,9.354136139603E-1,1.E0),.UNSPECIFIED.);
#1551=B_SPLINE_CURVE_WITH_KNOTS('',3,(#1532,#1533,#1534,#1535,#1536,#1537,#1538,
#1539,#1540,#1541,#1542,#1543,#1544,#1545,#1546,#1547,#1548,#1549,#1550),
.UNSPECIFIED.,.F.,.F.,(4,1,1,1,1,1,1,1,1,1,1,1,1,1,1,1,4),(0.E0,
6.365181521387E-2,1.253055750915E-1,1.858919837729E-1,2.456369221463E-1,
3.054282174463E-1,3.659383600912E-1,4.274052713658E-1,4.912585814762E-1,
5.551486976808E-1,6.180268076049E-1,6.795892598228E-1,7.415635692556E-1,
8.038459953401E-1,8.672784712405E-1,9.324746198148E-1,1.E0),.UNSPECIFIED.);
#1579=B_SPLINE_CURVE_WITH_KNOTS('',3,(#1564,#1565,#1566,#1567,#1568,#1569,#1570,
#1571,#1572,#1573,#1574,#1575,#1576,#1577,#1578),.UNSPECIFIED.,.F.,.F.,(4,1,1,1,
1,1,1,1,1,1,1,1,4),(0.E0,9.211670325658E-2,1.844229544778E-1,2.778376314713E-1,
3.734441532754E-1,4.250378591298E-1,4.845986491430E-1,5.513837800076E-1,
6.262488027910E-1,7.084580023546E-1,7.979982262106E-1,8.948826970229E-1,1.E0),
.UNSPECIFIED.);
#1599=B_SPLINE_CURVE_WITH_KNOTS('',3,(#1580,#1581,#1582,#1583,#1584,#1585,#1586,
#1587,#1588,#1589,#1590,#1591,#1592,#1593,#1594,#1595,#1596,#1597,#1598),
.UNSPECIFIED.,.F.,.F.,(4,1,1,1,1,1,1,1,1,1,1,1,1,1,1,1,4),(0.E0,
6.738249105533E-2,1.325320391020E-1,1.956501078344E-1,2.582080973089E-1,
3.200752678794E-1,3.823635540950E-1,4.454816228274E-1,5.106376634295E-1,
5.757612347814E-1,6.384178695824E-1,6.997135320798E-1,7.593753191890E-1,
8.188510555431E-1,8.784319606690E-1,9.386877770748E-1,1.E0),.UNSPECIFIED.);
#1619=B_SPLINE_CURVE_WITH_KNOTS('',3,(#1600,#1601,#1602,#1603,#1604,#1605,#1606,
#1607,#1608,#1609,#1610,#1611,#1612,#1613,#1614,#1615,#1616,#1617,#1618),
.UNSPECIFIED.,.F.,.F.,(4,1,1,1,1,1,1,1,1,1,1,1,1,1,1,1,4),(0.E0,
6.533082343776E-2,1.288105981489E-1,1.906759125410E-1,2.520410193816E-1,
3.130837868481E-1,3.745150882588E-1,4.373163169836E-1,5.016651373982E-1,
5.658941066561E-1,6.287088163789E-1,6.900297538084E-1,7.508794112248E-1,
8.112709368058E-1,8.726953462771E-1,9.355289245381E-1,1.E0),.UNSPECIFIED.);
#1639=B_SPLINE_CURVE_WITH_KNOTS('',3,(#1620,#1621,#1622,#1623,#1624,#1625,#1626,
#1627,#1628,#1629,#1630,#1631,#1632,#1633,#1634,#1635,#1636,#1637,#1638),
.UNSPECIFIED.,.F.,.F.,(4,1,1,1,1,1,1,1,1,1,1,1,1,1,1,1,4),(0.E0,
6.359878287046E-2,1.254717556782E-1,1.857387003512E-1,2.455175538907E-1,
3.054453777362E-1,3.661545437762E-1,4.278570975879E-1,4.916811322675E-1,
5.554505931581E-1,6.178755749803E-1,6.797924507412E-1,7.415816471359E-1,
8.038977085143E-1,8.673387408133E-1,9.324640430982E-1,1.E0),.UNSPECIFIED.);
#1712=CIRCLE('',#1711,2.703E0);
#1723=B_SPLINE_CURVE_WITH_KNOTS('',3,(#1717,#1718,#1719,#1720,#1721,#1722),
.UNSPECIFIED.,.F.,.F.,(4,1,1,4),(0.E0,3.333333333333E-1,6.666666666667E-1,1.E0),
.UNSPECIFIED.);
#1731=B_SPLINE_CURVE_WITH_KNOTS('',3,(#1724,#1725,#1726,#1727,#1728,#1729,
#1730),.UNSPECIFIED.,.F.,.F.,(4,1,1,1,4),(0.E0,2.5E-1,5.E-1,7.5E-1,1.E0),
.UNSPECIFIED.);
#1739=B_SPLINE_CURVE_WITH_KNOTS('',3,(#1732,#1733,#1734,#1735,#1736,#1737,
#1738),.UNSPECIFIED.,.F.,.F.,(4,1,1,1,4),(0.E0,2.5E-1,5.E-1,7.5E-1,1.E0),
.UNSPECIFIED.);
#1765=B_SPLINE_CURVE_WITH_KNOTS('',3,(#1740,#1741,#1742,#1743,#1744,#1745,#1746,
#1747,#1748,#1749,#1750,#1751,#1752,#1753,#1754,#1755,#1756,#1757,#1758,#1759,
#1760,#1761,#1762,#1763,#1764),.UNSPECIFIED.,.F.,.F.,(4,1,1,1,1,1,1,1,1,1,1,1,1,
1,1,1,1,1,1,1,1,1,4),(0.E0,4.545454545455E-2,9.090909090909E-2,
1.363636363636E-1,1.818181818182E-1,2.272727272727E-1,2.727272727273E-1,
3.181818181818E-1,3.636363636364E-1,4.090909090909E-1,4.545454545455E-1,5.E-1,
5.454545454545E-1,5.909090909091E-1,6.363636363636E-1,6.818181818182E-1,
7.272727272727E-1,7.727272727273E-1,8.181818181818E-1,8.636363636364E-1,
9.090909090909E-1,9.545454545455E-1,1.E0),.UNSPECIFIED.);
#1772=B_SPLINE_CURVE_WITH_KNOTS('',3,(#1766,#1767,#1768,#1769,#1770,#1771),
.UNSPECIFIED.,.F.,.F.,(4,1,1,4),(0.E0,3.333333333333E-1,6.666666666667E-1,1.E0),
.UNSPECIFIED.);
#1777=CIRCLE('',#1776,2.691305106498E0);
#1782=CIRCLE('',#1781,5.25E-1);
#1787=CIRCLE('',#1786,5.25E-1);
#1795=B_SPLINE_CURVE_WITH_KNOTS('',3,(#1788,#1789,#1790,#1791,#1792,#1793,
#1794),.UNSPECIFIED.,.F.,.F.,(4,1,1,1,4),(0.E0,2.5E-1,5.E-1,7.5E-1,1.E0),
.UNSPECIFIED.);
#1803=B_SPLINE_CURVE_WITH_KNOTS('',3,(#1796,#1797,#1798,#1799,#1800,#1801,
#1802),.UNSPECIFIED.,.F.,.F.,(4,1,1,1,4),(0.E0,2.5E-1,5.E-1,7.5E-1,1.E0),
.UNSPECIFIED.);
#1808=CIRCLE('',#1807,2.699159885716E0);
#1813=CIRCLE('',#1812,5.25E-1);
#1818=CIRCLE('',#1817,5.25E-1);
#1823=CIRCLE('',#1822,2.699159885716E0);
#1828=CIRCLE('',#1827,2.703E0);
#1833=CIRCLE('',#1832,3.5E-1);
#1838=CIRCLE('',#1837,3.5E-1);
#1843=CIRCLE('',#1842,5.1E-1);
#1848=CIRCLE('',#1847,5.1E-1);
#1853=CIRCLE('',#1852,3.57E0);
#1858=CIRCLE('',#1857,3.5E-1);
#1867=CIRCLE('',#1866,7.E-1);
#1872=CIRCLE('',#1871,7.E-1);
#1877=CIRCLE('',#1876,3.5E0);
#1882=CIRCLE('',#1881,3.5E0);
#1887=CIRCLE('',#1886,7.E-1);
#1892=CIRCLE('',#1891,7.E-1);
#1901=CIRCLE('',#1900,3.5E-1);
#1906=CIRCLE('',#1905,5.25E-1);
#1911=CIRCLE('',#1910,5.25E-1);
#1916=CIRCLE('',#1915,2.699159885716E0);
#1924=B_SPLINE_CURVE_WITH_KNOTS('',3,(#1917,#1918,#1919,#1920,#1921,#1922,
#1923),.UNSPECIFIED.,.F.,.F.,(4,1,1,1,4),(0.E0,2.5E-1,5.E-1,7.5E-1,1.E0),
.UNSPECIFIED.);
#1932=B_SPLINE_CURVE_WITH_KNOTS('',3,(#1925,#1926,#1927,#1928,#1929,#1930,
#1931),.UNSPECIFIED.,.F.,.F.,(4,1,1,1,4),(0.E0,2.5E-1,5.E-1,7.5E-1,1.E0),
.UNSPECIFIED.);
#1937=CIRCLE('',#1936,2.691305106498E0);
#1942=CIRCLE('',#1941,5.25E-1);
#1947=CIRCLE('',#1946,5.25E-1);
#1955=B_SPLINE_CURVE_WITH_KNOTS('',3,(#1948,#1949,#1950,#1951,#1952,#1953,
#1954),.UNSPECIFIED.,.F.,.F.,(4,1,1,1,4),(0.E0,2.5E-1,5.E-1,7.5E-1,1.E0),
.UNSPECIFIED.);
#1963=B_SPLINE_CURVE_WITH_KNOTS('',3,(#1956,#1957,#1958,#1959,#1960,#1961,
#1962),.UNSPECIFIED.,.F.,.F.,(4,1,1,1,4),(0.E0,2.5E-1,5.E-1,7.5E-1,1.E0),
.UNSPECIFIED.);
#1984=CIRCLE('',#1983,2.703E0);
#1995=B_SPLINE_CURVE_WITH_KNOTS('',3,(#1989,#1990,#1991,#1992,#1993,#1994),
.UNSPECIFIED.,.F.,.F.,(4,1,1,4),(0.E0,3.333333333333E-1,6.666666666667E-1,1.E0),
.UNSPECIFIED.);
#2147=B_SPLINE_CURVE_WITH_KNOTS('',3,(#2128,#2129,#2130,#2131,#2132,#2133,#2134,
#2135,#2136,#2137,#2138,#2139,#2140,#2141,#2142,#2143,#2144,#2145,#2146),
.UNSPECIFIED.,.F.,.F.,(4,1,1,1,1,1,1,1,1,1,1,1,1,1,1,1,4),(0.E0,
6.752538018522E-2,1.327215287595E-1,1.961540046599E-1,2.584364307444E-1,
3.204107401772E-1,3.819731923951E-1,4.448513023192E-1,5.087414185238E-1,
5.725947286342E-1,6.340616399088E-1,6.945717825537E-1,7.543630778537E-1,
8.141080162271E-1,8.746944249085E-1,9.363481847861E-1,1.E0),.UNSPECIFIED.);
#2167=B_SPLINE_CURVE_WITH_KNOTS('',3,(#2148,#2149,#2150,#2151,#2152,#2153,#2154,
#2155,#2156,#2157,#2158,#2159,#2160,#2161,#2162,#2163,#2164,#2165,#2166),
.UNSPECIFIED.,.F.,.F.,(4,1,1,1,1,1,1,1,1,1,1,1,1,1,1,1,4),(0.E0,
6.458638603965E-2,1.274641447424E-1,1.892223286E-1,2.499150097141E-1,
3.109497951088E-1,3.722056496168E-1,4.347419881018E-1,4.993595652505E-1,
5.635796283446E-1,6.262768667658E-1,6.876422730997E-1,7.487196867982E-1,
8.098850133363E-1,8.717124914917E-1,9.346383014733E-1,1.E0),.UNSPECIFIED.);
#2187=B_SPLINE_CURVE_WITH_KNOTS('',3,(#2168,#2169,#2170,#2171,#2172,#2173,#2174,
#2175,#2176,#2177,#2178,#2179,#2180,#2181,#2182,#2183,#2184,#2185,#2186),
.UNSPECIFIED.,.F.,.F.,(4,1,1,1,1,1,1,1,1,1,1,1,1,1,1,1,4),(0.E0,
6.108048664407E-2,1.213610175804E-1,1.805661662033E-1,2.397897523915E-1,
2.995413369448E-1,3.608057889694E-1,4.235760807044E-1,4.883584793069E-1,
5.534860899698E-1,6.170117801978E-1,6.795703219412E-1,7.418611416832E-1,
8.043310183670E-1,8.674575264794E-1,9.325812685201E-1,1.E0),.UNSPECIFIED.);
#2203=B_SPLINE_CURVE_WITH_KNOTS('',3,(#2188,#2189,#2190,#2191,#2192,#2193,#2194,
#2195,#2196,#2197,#2198,#2199,#2200,#2201,#2202),.UNSPECIFIED.,.F.,.F.,(4,1,1,1,
1,1,1,1,1,1,1,1,4),(0.E0,1.043471325225E-1,2.016466598513E-1,2.911377612480E-1,
3.726755402599E-1,4.474207432558E-1,5.142606553759E-1,5.732216616742E-1,
6.256105276328E-1,7.212933219019E-1,8.156681651432E-1,9.085358942073E-1,1.E0),
.UNSPECIFIED.);
#2215=B_SPLINE_CURVE_WITH_KNOTS('',3,(#2204,#2205,#2206,#2207,#2208,#2209,#2210,
#2211,#2212,#2213,#2214),.UNSPECIFIED.,.F.,.F.,(4,1,1,1,1,1,1,1,4),(0.E0,
1.355730255420E-1,2.635914918540E-1,3.875153176647E-1,5.143145499366E-1,
6.391832838205E-1,7.587067523142E-1,8.770208460027E-1,1.E0),.UNSPECIFIED.);
#2227=B_SPLINE_CURVE_WITH_KNOTS('',3,(#2216,#2217,#2218,#2219,#2220,#2221,#2222,
#2223,#2224,#2225,#2226),.UNSPECIFIED.,.F.,.F.,(4,1,1,1,1,1,1,1,4),(0.E0,
1.285785046208E-1,2.502540047053E-1,3.711181216198E-1,4.946260503365E-1,
6.198766353860E-1,7.418264715113E-1,8.676574968750E-1,1.E0),.UNSPECIFIED.);
#2239=B_SPLINE_CURVE_WITH_KNOTS('',3,(#2228,#2229,#2230,#2231,#2232,#2233,#2234,
#2235,#2236,#2237,#2238),.UNSPECIFIED.,.F.,.F.,(4,1,1,1,1,1,1,1,4),(0.E0,
1.352389592E-1,2.630142635796E-1,3.881192104731E-1,5.139325802828E-1,
6.382629240580E-1,7.571272438014E-1,8.754988300411E-1,1.E0),.UNSPECIFIED.);
#2251=B_SPLINE_CURVE_WITH_KNOTS('',3,(#2240,#2241,#2242,#2243,#2244,#2245,#2246,
#2247,#2248,#2249,#2250),.UNSPECIFIED.,.F.,.F.,(4,1,1,1,1,1,1,1,4),(0.E0,
1.188446412640E-1,2.350844973118E-1,3.542542406149E-1,4.816193786495E-1,
6.108164526564E-1,7.367143013714E-1,8.643641383051E-1,1.E0),.UNSPECIFIED.);
#2267=B_SPLINE_CURVE_WITH_KNOTS('',3,(#2256,#2257,#2258,#2259,#2260,#2261,#2262,
#2263,#2264,#2265,#2266),.UNSPECIFIED.,.F.,.F.,(4,1,1,1,1,1,1,1,4),(0.E0,
1.229791539973E-1,2.412932476858E-1,3.608167161795E-1,4.856854500634E-1,
6.124846823353E-1,7.364085081460E-1,8.644269744580E-1,1.E0),.UNSPECIFIED.);
#2279=B_SPLINE_CURVE_WITH_KNOTS('',3,(#2268,#2269,#2270,#2271,#2272,#2273,#2274,
#2275,#2276,#2277,#2278),.UNSPECIFIED.,.F.,.F.,(4,1,1,1,1,1,1,1,4),(0.E0,
1.356358616949E-1,2.632856986286E-1,3.891835473436E-1,5.183806213505E-1,
6.457457593851E-1,7.649155026882E-1,8.811553587360E-1,1.E0),.UNSPECIFIED.);
#2291=B_SPLINE_CURVE_WITH_KNOTS('',3,(#2280,#2281,#2282,#2283,#2284,#2285,#2286,
#2287,#2288,#2289,#2290),.UNSPECIFIED.,.F.,.F.,(4,1,1,1,1,1,1,1,4),(0.E0,
1.245011699589E-1,2.428727561986E-1,3.617370759420E-1,4.860674197172E-1,
6.118807895269E-1,7.369857364204E-1,8.647610408E-1,1.E0),.UNSPECIFIED.);
#2303=B_SPLINE_CURVE_WITH_KNOTS('',3,(#2292,#2293,#2294,#2295,#2296,#2297,#2298,
#2299,#2300,#2301,#2302),.UNSPECIFIED.,.F.,.F.,(4,1,1,1,1,1,1,1,4),(0.E0,
1.323425031250E-1,2.581735284887E-1,3.801233646140E-1,5.053739496635E-1,
6.288818783802E-1,7.497459952947E-1,8.714214953792E-1,1.E0),.UNSPECIFIED.);
#2375=B_SPLINE_CURVE_WITH_KNOTS('',3,(#2356,#2357,#2358,#2359,#2360,#2361,#2362,
#2363,#2364,#2365,#2366,#2367,#2368,#2369,#2370,#2371,#2372,#2373,#2374),
.UNSPECIFIED.,.F.,.F.,(4,1,1,1,1,1,1,1,1,1,1,1,1,1,1,1,4),(0.E0,
6.753595690178E-2,1.326612591867E-1,1.961022914857E-1,2.584183528641E-1,
3.202075492588E-1,3.821244250197E-1,4.445494068419E-1,5.083188677325E-1,
5.721429024121E-1,6.338454562238E-1,6.945546222638E-1,7.544824461093E-1,
8.142612996488E-1,8.745282443218E-1,9.364012171295E-1,1.E0),.UNSPECIFIED.);
#2395=B_SPLINE_CURVE_WITH_KNOTS('',3,(#2376,#2377,#2378,#2379,#2380,#2381,#2382,
#2383,#2384,#2385,#2386,#2387,#2388,#2389,#2390,#2391,#2392,#2393,#2394),
.UNSPECIFIED.,.F.,.F.,(4,1,1,1,1,1,1,1,1,1,1,1,1,1,1,1,4),(0.E0,
6.447107546192E-2,1.273046537229E-1,1.887290631942E-1,2.491205887752E-1,
3.099702461916E-1,3.712911836211E-1,4.341058933439E-1,4.983348626018E-1,
5.626836830164E-1,6.254849117412E-1,6.869162131519E-1,7.479589806184E-1,
8.093240874590E-1,8.711894018511E-1,9.346691765622E-1,1.E0),.UNSPECIFIED.);
#2415=B_SPLINE_CURVE_WITH_KNOTS('',3,(#2396,#2397,#2398,#2399,#2400,#2401,#2402,
#2403,#2404,#2405,#2406,#2407,#2408,#2409,#2410,#2411,#2412,#2413,#2414),
.UNSPECIFIED.,.F.,.F.,(4,1,1,1,1,1,1,1,1,1,1,1,1,1,1,1,4),(0.E0,
6.131222292522E-2,1.215680393310E-1,1.811489444569E-1,2.406246808110E-1,
3.002864679202E-1,3.615821304176E-1,4.242387652186E-1,4.893623365705E-1,
5.545183771726E-1,6.176364459050E-1,6.799247321206E-1,7.417919026911E-1,
8.043498921656E-1,8.674679608980E-1,9.326175089447E-1,1.E0),.UNSPECIFIED.);
#2431=B_SPLINE_CURVE_WITH_KNOTS('',3,(#2416,#2417,#2418,#2419,#2420,#2421,#2422,
#2423,#2424,#2425,#2426,#2427,#2428,#2429,#2430),.UNSPECIFIED.,.F.,.F.,(4,1,1,1,
1,1,1,1,1,1,1,1,4),(0.E0,1.051173029771E-1,2.020017737894E-1,2.915419976454E-1,
3.737511972090E-1,4.486162199924E-1,5.154013508570E-1,5.749621408702E-1,
6.265558467246E-1,7.221623685287E-1,8.155770455222E-1,9.078832967434E-1,1.E0),
.UNSPECIFIED.);
#2443=B_SPLINE_CURVE_WITH_KNOTS('',3,(#2432,#2433,#2434,#2435,#2436,#2437,#2438,
#2439,#2440,#2441,#2442),.UNSPECIFIED.,.F.,.F.,(4,1,1,1,1,1,1,1,4),(0.E0,
1.345036008618E-1,2.610305667668E-1,3.855362588568E-1,5.132731189078E-1,
6.393433809968E-1,7.590013655798E-1,8.774302784951E-1,1.E0),.UNSPECIFIED.);
#2455=B_SPLINE_CURVE_WITH_KNOTS('',3,(#2444,#2445,#2446,#2447,#2448,#2449,#2450,
#2451,#2452,#2453,#2454),.UNSPECIFIED.,.F.,.F.,(4,1,1,1,1,1,1,1,4),(0.E0,
1.278809005274E-1,2.501539524212E-1,3.700652852034E-1,4.938877934398E-1,
6.190764739952E-1,7.415938737041E-1,8.672705920931E-1,1.E0),.UNSPECIFIED.);
#2467=B_SPLINE_CURVE_WITH_KNOTS('',3,(#2456,#2457,#2458,#2459,#2460,#2461,#2462,
#2463,#2464,#2465,#2466),.UNSPECIFIED.,.F.,.F.,(4,1,1,1,1,1,1,1,4),(0.E0,
1.344412162444E-1,2.617149636843E-1,3.856636406901E-1,5.123410746903E-1,
6.374391745604E-1,7.569208765218E-1,8.757836149566E-1,1.E0),.UNSPECIFIED.);
#2479=B_SPLINE_CURVE_WITH_KNOTS('',3,(#2468,#2469,#2470,#2471,#2472,#2473,#2474,
#2475,#2476,#2477,#2478),.UNSPECIFIED.,.F.,.F.,(4,1,1,1,1,1,1,1,4),(0.E0,
1.189967803016E-1,2.347692216454E-1,3.535483910725E-1,4.805006332064E-1,
6.099381575893E-1,7.361029974955E-1,8.647273637650E-1,1.E0),.UNSPECIFIED.);
#2495=B_SPLINE_CURVE_WITH_KNOTS('',3,(#2484,#2485,#2486,#2487,#2488,#2489,#2490,
#2491,#2492,#2493,#2494),.UNSPECIFIED.,.F.,.F.,(4,1,1,1,1,1,1,1,4),(0.E0,
1.225697215049E-1,2.409986344202E-1,3.606566190032E-1,4.867268810922E-1,
6.144637411432E-1,7.389694332332E-1,8.654963991382E-1,1.E0),.UNSPECIFIED.);
#2507=B_SPLINE_CURVE_WITH_KNOTS('',3,(#2496,#2497,#2498,#2499,#2500,#2501,#2502,
#2503,#2504,#2505,#2506),.UNSPECIFIED.,.F.,.F.,(4,1,1,1,1,1,1,1,4),(0.E0,
1.352726362350E-1,2.638970025045E-1,3.900618424107E-1,5.194993667936E-1,
6.464516089275E-1,7.652307783546E-1,8.810032196984E-1,1.E0),.UNSPECIFIED.);
#2519=B_SPLINE_CURVE_WITH_KNOTS('',3,(#2508,#2509,#2510,#2511,#2512,#2513,#2514,
#2515,#2516,#2517,#2518),.UNSPECIFIED.,.F.,.F.,(4,1,1,1,1,1,1,1,4),(0.E0,
1.242163850434E-1,2.430791234782E-1,3.625608254396E-1,4.876589253097E-1,
6.143363593099E-1,7.382850363157E-1,8.655587837556E-1,1.E0),.UNSPECIFIED.);
#2531=B_SPLINE_CURVE_WITH_KNOTS('',3,(#2520,#2521,#2522,#2523,#2524,#2525,#2526,
#2527,#2528,#2529,#2530),.UNSPECIFIED.,.F.,.F.,(4,1,1,1,1,1,1,1,4),(0.E0,
1.327294079069E-1,2.584061262959E-1,3.809235260048E-1,5.061122065602E-1,
6.299347147966E-1,7.498460475788E-1,8.721190994726E-1,1.E0),.UNSPECIFIED.);
#2611=B_SPLINE_CURVE_WITH_KNOTS('',3,(#2604,#2605,#2606,#2607,#2608,#2609,
#2610),.UNSPECIFIED.,.F.,.F.,(4,1,1,1,4),(0.E0,2.5E-1,5.E-1,7.5E-1,1.E0),
.UNSPECIFIED.);
#2619=B_SPLINE_CURVE_WITH_KNOTS('',3,(#2612,#2613,#2614,#2615,#2616,#2617,
#2618),.UNSPECIFIED.,.F.,.F.,(4,1,1,1,4),(0.E0,2.5E-1,5.E-1,7.5E-1,1.E0),
.UNSPECIFIED.);
#2632=CIRCLE('',#2631,2.691305106498E0);
#2637=CIRCLE('',#2636,5.25E-1);
#2642=CIRCLE('',#2641,5.25E-1);
#2650=B_SPLINE_CURVE_WITH_KNOTS('',3,(#2643,#2644,#2645,#2646,#2647,#2648,
#2649),.UNSPECIFIED.,.F.,.F.,(4,1,1,1,4),(0.E0,2.5E-1,5.E-1,7.5E-1,1.E0),
.UNSPECIFIED.);
#2658=B_SPLINE_CURVE_WITH_KNOTS('',3,(#2651,#2652,#2653,#2654,#2655,#2656,
#2657),.UNSPECIFIED.,.F.,.F.,(4,1,1,1,4),(0.E0,2.5E-1,5.E-1,7.5E-1,1.E0),
.UNSPECIFIED.);
#3231=EDGE_CURVE('',#2916,#2918,#106,.T.);
#3233=EDGE_CURVE('',#2918,#2823,#396,.T.);
#3235=EDGE_CURVE('',#2823,#2752,#320,.T.);
#3237=EDGE_CURVE('',#2751,#2752,#4,.T.);
#3239=EDGE_CURVE('',#2751,#3005,#207,.T.);
#3241=EDGE_CURVE('',#3005,#2666,#202,.T.);
#3243=EDGE_CURVE('',#2665,#2666,#8,.T.);
#3245=EDGE_CURVE('',#2665,#2916,#111,.T.);
#3255=EDGE_CURVE('',#2877,#2996,#13,.T.);
#3257=EDGE_CURVE('',#2877,#2778,#2658,.T.);
#3259=EDGE_CURVE('',#2776,#2778,#18,.T.);
#3261=EDGE_CURVE('',#2775,#2776,#23,.T.);
#3263=EDGE_CURVE('',#2775,#2904,#2611,.T.);
#3265=EDGE_CURVE('',#2667,#2904,#28,.T.);
#3267=EDGE_CURVE('',#2667,#2668,#1772,.T.);
#3269=EDGE_CURVE('',#2974,#2668,#33,.T.);
#3271=EDGE_CURVE('',#2972,#2974,#38,.T.);
#3273=EDGE_CURVE('',#2971,#2972,#43,.T.);
#3275=EDGE_CURVE('',#2696,#2971,#48,.T.);
#3277=EDGE_CURVE('',#2695,#2696,#53,.T.);
#3279=EDGE_CURVE('',#2861,#2695,#58,.T.);
#3281=EDGE_CURVE('',#2886,#2861,#62,.T.);
#3283=EDGE_CURVE('',#2885,#2886,#67,.T.);
#3285=EDGE_CURVE('',#2662,#2885,#72,.T.);
#3287=EDGE_CURVE('',#2661,#2662,#77,.T.);
#3289=EDGE_CURVE('',#2881,#2661,#82,.T.);
#3291=EDGE_CURVE('',#2690,#2881,#87,.T.);
#3293=EDGE_CURVE('',#2689,#2690,#92,.T.);
#3295=EDGE_CURVE('',#2953,#2689,#96,.T.);
#3297=EDGE_CURVE('',#2918,#2953,#101,.T.);
#3301=EDGE_CURVE('',#2665,#2958,#184,.T.);
#3303=EDGE_CURVE('',#2996,#2958,#116,.T.);
#3313=EDGE_CURVE('',#3017,#3016,#121,.T.);
#3315=EDGE_CURVE('',#2790,#3016,#125,.T.);
#3317=EDGE_CURVE('',#2790,#2900,#1916,.T.);
#3319=EDGE_CURVE('',#2977,#2900,#129,.T.);
#3321=EDGE_CURVE('',#2977,#2848,#1777,.T.);
#3323=EDGE_CURVE('',#2667,#2848,#133,.T.);
#3326=EDGE_CURVE('',#2715,#2904,#137,.T.);
#3328=EDGE_CURVE('',#2715,#2716,#2632,.T.);
#3330=EDGE_CURVE('',#2877,#2716,#141,.T.);
#3333=EDGE_CURVE('',#2996,#3017,#160,.T.);
#3343=EDGE_CURVE('',#3016,#3017,#156,.T.);
#3348=EDGE_CURVE('',#3220,#3221,#146,.T.);
#3350=EDGE_CURVE('',#3221,#3220,#151,.T.);
#3363=EDGE_CURVE('',#2951,#2958,#164,.T.);
#3365=EDGE_CURVE('',#2951,#2896,#197,.T.);
#3367=EDGE_CURVE('',#2845,#2896,#168,.T.);
#3369=EDGE_CURVE('',#2845,#2871,#1823,.T.);
#3371=EDGE_CURVE('',#2898,#2871,#172,.T.);
#3373=EDGE_CURVE('',#2898,#2940,#1937,.T.);
#3375=EDGE_CURVE('',#2789,#2940,#176,.T.);
#3377=EDGE_CURVE('',#2789,#2790,#1808,.T.);
#3410=EDGE_CURVE('',#2951,#2666,#192,.T.);
#3425=EDGE_CURVE('',#2751,#2896,#215,.T.);
#3457=EDGE_CURVE('',#2850,#2752,#223,.T.);
#3459=EDGE_CURVE('',#2850,#2892,#1988,.T.);
#3461=EDGE_CURVE('',#2846,#2892,#249,.T.);
#3463=EDGE_CURVE('',#2845,#2846,#256,.T.);
#3474=EDGE_CURVE('',#2932,#2852,#261,.T.);
#3476=EDGE_CURVE('',#2798,#2932,#266,.T.);
#3478=EDGE_CURVE('',#2797,#2798,#270,.T.);
#3480=EDGE_CURVE('',#2960,#2797,#275,.T.);
#3482=EDGE_CURVE('',#2704,#2960,#280,.T.);
#3484=EDGE_CURVE('',#2702,#2704,#285,.T.);
#3486=EDGE_CURVE('',#2701,#2702,#290,.T.);
#3488=EDGE_CURVE('',#2772,#2701,#295,.T.);
#3490=EDGE_CURVE('',#2671,#2772,#300,.T.);
#3492=EDGE_CURVE('',#2728,#2671,#305,.T.);
#3494=EDGE_CURVE('',#2727,#2728,#310,.T.);
#3496=EDGE_CURVE('',#2850,#2727,#315,.T.);
#3500=EDGE_CURVE('',#2983,#2823,#325,.T.);
#3502=EDGE_CURVE('',#2988,#2983,#329,.T.);
#3504=EDGE_CURVE('',#2992,#2988,#334,.T.);
#3506=EDGE_CURVE('',#2852,#2992,#339,.T.);
#3516=EDGE_CURVE('',#2759,#2760,#382,.T.);
#3518=EDGE_CURVE('',#2760,#2932,#2035,.T.);
#3521=EDGE_CURVE('',#2852,#2759,#2603,.T.);
#3531=EDGE_CURVE('',#2821,#2679,#343,.T.);
#3533=EDGE_CURVE('',#2820,#2821,#348,.T.);
#3535=EDGE_CURVE('',#2875,#2820,#353,.T.);
#3537=EDGE_CURVE('',#3001,#2875,#358,.T.);
#3539=EDGE_CURVE('',#3003,#3001,#363,.T.);
#3541=EDGE_CURVE('',#2692,#3003,#368,.T.);
#3543=EDGE_CURVE('',#2912,#2692,#372,.T.);
#3545=EDGE_CURVE('',#2760,#2912,#377,.T.);
#3548=EDGE_CURVE('',#2680,#2759,#387,.T.);
#3550=EDGE_CURVE('',#2679,#2680,#392,.T.);
#3561=EDGE_CURVE('',#2983,#2953,#400,.T.);
#3564=EDGE_CURVE('',#2689,#2821,#404,.T.);
#3567=EDGE_CURVE('',#2679,#2988,#2595,.T.);
#3592=EDGE_CURVE('',#2690,#2820,#408,.T.);
#3604=EDGE_CURVE('',#2875,#2881,#412,.T.);
#3615=EDGE_CURVE('',#3013,#3217,#416,.T.);
#3617=EDGE_CURVE('',#3216,#3217,#421,.T.);
#3619=EDGE_CURVE('',#3216,#3021,#425,.T.);
#3621=EDGE_CURVE('',#3020,#3021,#430,.T.);
#3623=EDGE_CURVE('',#2724,#3020,#434,.T.);
#3625=EDGE_CURVE('',#2724,#2686,#1877,.T.);
#3627=EDGE_CURVE('',#2686,#3001,#2031,.T.);
#3632=EDGE_CURVE('',#2661,#3012,#448,.T.);
#3634=EDGE_CURVE('',#3012,#3013,#444,.T.);
#3645=EDGE_CURVE('',#3216,#3217,#439,.T.);
#3651=EDGE_CURVE('',#2662,#2748,#1334,.T.);
#3653=EDGE_CURVE('',#2748,#2834,#1368,.T.);
#3655=EDGE_CURVE('',#2834,#2723,#2043,.T.);
#3657=EDGE_CURVE('',#2723,#2724,#1882,.T.);
#3673=EDGE_CURVE('',#3117,#3213,#453,.T.);
#3675=EDGE_CURVE('',#3117,#3213,#458,.T.);
#3685=EDGE_CURVE('',#3115,#3117,#462,.T.);
#3688=EDGE_CURVE('',#3211,#3213,#466,.T.);
#3690=EDGE_CURVE('',#3115,#3211,#471,.T.);
#3701=EDGE_CURVE('',#3115,#3211,#476,.T.);
#3713=EDGE_CURVE('',#3113,#3115,#485,.T.);
#3715=EDGE_CURVE('',#3113,#3209,#481,.T.);
#3717=EDGE_CURVE('',#3209,#3211,#489,.T.);
#3731=EDGE_CURVE('',#3113,#3209,#494,.T.);
#3741=EDGE_CURVE('',#3111,#3113,#498,.T.);
#3744=EDGE_CURVE('',#3207,#3209,#502,.T.);
#3746=EDGE_CURVE('',#3111,#3207,#507,.T.);
#3757=EDGE_CURVE('',#3111,#3207,#512,.T.);
#3769=EDGE_CURVE('',#3109,#3111,#521,.T.);
#3771=EDGE_CURVE('',#3109,#3205,#517,.T.);
#3773=EDGE_CURVE('',#3205,#3207,#525,.T.);
#3787=EDGE_CURVE('',#3109,#3205,#530,.T.);
#3797=EDGE_CURVE('',#3107,#3109,#534,.T.);
#3800=EDGE_CURVE('',#3203,#3205,#538,.T.);
#3802=EDGE_CURVE('',#3107,#3203,#543,.T.);
#3813=EDGE_CURVE('',#3107,#3203,#548,.T.);
#3825=EDGE_CURVE('',#3105,#3107,#557,.T.);
#3827=EDGE_CURVE('',#3105,#3201,#553,.T.);
#3829=EDGE_CURVE('',#3201,#3203,#561,.T.);
#3843=EDGE_CURVE('',#3105,#3201,#566,.T.);
#3853=EDGE_CURVE('',#3103,#3105,#570,.T.);
#3856=EDGE_CURVE('',#3199,#3201,#574,.T.);
#3858=EDGE_CURVE('',#3103,#3199,#579,.T.);
#3869=EDGE_CURVE('',#3103,#3199,#584,.T.);
#3881=EDGE_CURVE('',#3101,#3103,#593,.T.);
#3883=EDGE_CURVE('',#3101,#3197,#589,.T.);
#3885=EDGE_CURVE('',#3197,#3199,#597,.T.);
#3899=EDGE_CURVE('',#3101,#3197,#602,.T.);
#3909=EDGE_CURVE('',#3099,#3101,#606,.T.);
#3912=EDGE_CURVE('',#3195,#3197,#610,.T.);
#3914=EDGE_CURVE('',#3099,#3195,#615,.T.);
#3925=EDGE_CURVE('',#3099,#3195,#620,.T.);
#3937=EDGE_CURVE('',#3097,#3099,#629,.T.);
#3939=EDGE_CURVE('',#3097,#3193,#625,.T.);
#3941=EDGE_CURVE('',#3193,#3195,#633,.T.);
#3955=EDGE_CURVE('',#3097,#3193,#638,.T.);
#3965=EDGE_CURVE('',#3095,#3097,#642,.T.);
#3968=EDGE_CURVE('',#3191,#3193,#646,.T.);
#3970=EDGE_CURVE('',#3095,#3191,#651,.T.);
#3981=EDGE_CURVE('',#3095,#3191,#656,.T.);
#3993=EDGE_CURVE('',#3093,#3095,#665,.T.);
#3995=EDGE_CURVE('',#3093,#3189,#661,.T.);
#3997=EDGE_CURVE('',#3189,#3191,#669,.T.);
#4011=EDGE_CURVE('',#3093,#3189,#674,.T.);
#4021=EDGE_CURVE('',#3091,#3093,#678,.T.);
#4024=EDGE_CURVE('',#3187,#3189,#682,.T.);
#4026=EDGE_CURVE('',#3091,#3187,#687,.T.);
#4037=EDGE_CURVE('',#3091,#3187,#692,.T.);
#4049=EDGE_CURVE('',#3089,#3091,#701,.T.);
#4051=EDGE_CURVE('',#3089,#3185,#697,.T.);
#4053=EDGE_CURVE('',#3185,#3187,#705,.T.);
#4067=EDGE_CURVE('',#3089,#3185,#710,.T.);
#4077=EDGE_CURVE('',#3087,#3089,#714,.T.);
#4080=EDGE_CURVE('',#3183,#3185,#718,.T.);
#4082=EDGE_CURVE('',#3087,#3183,#723,.T.);
#4093=EDGE_CURVE('',#3087,#3183,#728,.T.);
#4105=EDGE_CURVE('',#3085,#3087,#737,.T.);
#4107=EDGE_CURVE('',#3085,#3181,#733,.T.);
#4109=EDGE_CURVE('',#3181,#3183,#741,.T.);
#4123=EDGE_CURVE('',#3085,#3181,#746,.T.);
#4133=EDGE_CURVE('',#3083,#3085,#750,.T.);
#4136=EDGE_CURVE('',#3179,#3181,#754,.T.);
#4138=EDGE_CURVE('',#3083,#3179,#759,.T.);
#4149=EDGE_CURVE('',#3083,#3179,#764,.T.);
#4161=EDGE_CURVE('',#3081,#3083,#773,.T.);
#4163=EDGE_CURVE('',#3081,#3177,#769,.T.);
#4165=EDGE_CURVE('',#3177,#3179,#777,.T.);
#4179=EDGE_CURVE('',#3081,#3177,#782,.T.);
#4189=EDGE_CURVE('',#3079,#3081,#786,.T.);
#4192=EDGE_CURVE('',#3175,#3177,#790,.T.);
#4194=EDGE_CURVE('',#3079,#3175,#795,.T.);
#4205=EDGE_CURVE('',#3079,#3175,#800,.T.);
#4217=EDGE_CURVE('',#3077,#3079,#809,.T.);
#4219=EDGE_CURVE('',#3077,#3173,#805,.T.);
#4221=EDGE_CURVE('',#3173,#3175,#813,.T.);
#4235=EDGE_CURVE('',#3077,#3173,#818,.T.);
#4245=EDGE_CURVE('',#3075,#3077,#822,.T.);
#4248=EDGE_CURVE('',#3171,#3173,#826,.T.);
#4250=EDGE_CURVE('',#3075,#3171,#831,.T.);
#4261=EDGE_CURVE('',#3075,#3171,#836,.T.);
#4273=EDGE_CURVE('',#3073,#3075,#845,.T.);
#4275=EDGE_CURVE('',#3073,#3169,#841,.T.);
#4277=EDGE_CURVE('',#3169,#3171,#849,.T.);
#4291=EDGE_CURVE('',#3073,#3169,#854,.T.);
#4301=EDGE_CURVE('',#3071,#3073,#858,.T.);
#4304=EDGE_CURVE('',#3167,#3169,#862,.T.);
#4306=EDGE_CURVE('',#3071,#3167,#867,.T.);
#4317=EDGE_CURVE('',#3071,#3167,#872,.T.);
#4329=EDGE_CURVE('',#3069,#3071,#881,.T.);
#4331=EDGE_CURVE('',#3069,#3165,#877,.T.);
#4333=EDGE_CURVE('',#3165,#3167,#885,.T.);
#4347=EDGE_CURVE('',#3069,#3165,#890,.T.);
#4357=EDGE_CURVE('',#3067,#3069,#894,.T.);
#4360=EDGE_CURVE('',#3163,#3165,#898,.T.);
#4362=EDGE_CURVE('',#3067,#3163,#903,.T.);
#4373=EDGE_CURVE('',#3067,#3163,#908,.T.);
#4385=EDGE_CURVE('',#3065,#3067,#917,.T.);
#4387=EDGE_CURVE('',#3065,#3161,#913,.T.);
#4389=EDGE_CURVE('',#3161,#3163,#921,.T.);
#4403=EDGE_CURVE('',#3065,#3161,#926,.T.);
#4413=EDGE_CURVE('',#3063,#3065,#930,.T.);
#4416=EDGE_CURVE('',#3159,#3161,#934,.T.);
#4418=EDGE_CURVE('',#3063,#3159,#939,.T.);
#4429=EDGE_CURVE('',#3063,#3159,#944,.T.);
#4441=EDGE_CURVE('',#3061,#3063,#953,.T.);
#4443=EDGE_CURVE('',#3061,#3157,#949,.T.);
#4445=EDGE_CURVE('',#3157,#3159,#957,.T.);
#4459=EDGE_CURVE('',#3061,#3157,#962,.T.);
#4469=EDGE_CURVE('',#3059,#3061,#966,.T.);
#4472=EDGE_CURVE('',#3155,#3157,#970,.T.);
#4474=EDGE_CURVE('',#3059,#3155,#975,.T.);
#4485=EDGE_CURVE('',#3059,#3155,#980,.T.);
#4497=EDGE_CURVE('',#3057,#3059,#989,.T.);
#4499=EDGE_CURVE('',#3057,#3153,#985,.T.);
#4501=EDGE_CURVE('',#3153,#3155,#993,.T.);
#4515=EDGE_CURVE('',#3057,#3153,#998,.T.);
#4525=EDGE_CURVE('',#3055,#3057,#1002,.T.);
#4528=EDGE_CURVE('',#3151,#3153,#1006,.T.);
#4530=EDGE_CURVE('',#3055,#3151,#1011,.T.);
#4541=EDGE_CURVE('',#3055,#3151,#1016,.T.);
#4553=EDGE_CURVE('',#3053,#3055,#1025,.T.);
#4555=EDGE_CURVE('',#3053,#3149,#1021,.T.);
#4557=EDGE_CURVE('',#3149,#3151,#1029,.T.);
#4571=EDGE_CURVE('',#3053,#3149,#1034,.T.);
#4581=EDGE_CURVE('',#3051,#3053,#1038,.T.);
#4584=EDGE_CURVE('',#3147,#3149,#1042,.T.);
#4586=EDGE_CURVE('',#3051,#3147,#1047,.T.);
#4597=EDGE_CURVE('',#3051,#3147,#1052,.T.);
#4609=EDGE_CURVE('',#3049,#3051,#1061,.T.);
#4611=EDGE_CURVE('',#3049,#3145,#1057,.T.);
#4613=EDGE_CURVE('',#3145,#3147,#1065,.T.);
#4627=EDGE_CURVE('',#3049,#3145,#1070,.T.);
#4637=EDGE_CURVE('',#3047,#3049,#1074,.T.);
#4640=EDGE_CURVE('',#3143,#3145,#1078,.T.);
#4642=EDGE_CURVE('',#3047,#3143,#1083,.T.);
#4653=EDGE_CURVE('',#3047,#3143,#1088,.T.);
#4665=EDGE_CURVE('',#3045,#3047,#1097,.T.);
#4667=EDGE_CURVE('',#3045,#3141,#1093,.T.);
#4669=EDGE_CURVE('',#3141,#3143,#1101,.T.);
#4683=EDGE_CURVE('',#3045,#3141,#1106,.T.);
#4693=EDGE_CURVE('',#3043,#3045,#1110,.T.);
#4696=EDGE_CURVE('',#3139,#3141,#1114,.T.);
#4698=EDGE_CURVE('',#3043,#3139,#1119,.T.);
#4709=EDGE_CURVE('',#3043,#3139,#1124,.T.);
#4721=EDGE_CURVE('',#3041,#3043,#1133,.T.);
#4723=EDGE_CURVE('',#3041,#3137,#1129,.T.);
#4725=EDGE_CURVE('',#3137,#3139,#1137,.T.);
#4739=EDGE_CURVE('',#3041,#3137,#1142,.T.);
#4749=EDGE_CURVE('',#3039,#3041,#1146,.T.);
#4752=EDGE_CURVE('',#3135,#3137,#1150,.T.);
#4754=EDGE_CURVE('',#3039,#3135,#1155,.T.);
#4765=EDGE_CURVE('',#3039,#3135,#1160,.T.);
#4777=EDGE_CURVE('',#3037,#3039,#1169,.T.);
#4779=EDGE_CURVE('',#3037,#3133,#1165,.T.);
#4781=EDGE_CURVE('',#3133,#3135,#1173,.T.);
#4795=EDGE_CURVE('',#3037,#3133,#1178,.T.);
#4805=EDGE_CURVE('',#3035,#3037,#1182,.T.);
#4808=EDGE_CURVE('',#3131,#3133,#1186,.T.);
#4810=EDGE_CURVE('',#3035,#3131,#1191,.T.);
#4821=EDGE_CURVE('',#3035,#3131,#1196,.T.);
#4833=EDGE_CURVE('',#3033,#3035,#1205,.T.);
#4835=EDGE_CURVE('',#3033,#3129,#1201,.T.);
#4837=EDGE_CURVE('',#3129,#3131,#1209,.T.);
#4851=EDGE_CURVE('',#3033,#3129,#1214,.T.);
#4861=EDGE_CURVE('',#3031,#3033,#1218,.T.);
#4864=EDGE_CURVE('',#3127,#3129,#1222,.T.);
#4866=EDGE_CURVE('',#3031,#3127,#1227,.T.);
#4877=EDGE_CURVE('',#3031,#3127,#1232,.T.);
#4889=EDGE_CURVE('',#3029,#3031,#1241,.T.);
#4891=EDGE_CURVE('',#3029,#3125,#1237,.T.);
#4893=EDGE_CURVE('',#3125,#3127,#1245,.T.);
#4907=EDGE_CURVE('',#3029,#3125,#1250,.T.);
#4917=EDGE_CURVE('',#3027,#3029,#1254,.T.);
#4920=EDGE_CURVE('',#3123,#3125,#1258,.T.);
#4922=EDGE_CURVE('',#3027,#3123,#1263,.T.);
#4933=EDGE_CURVE('',#3027,#3123,#1268,.T.);
#4945=EDGE_CURVE('',#3025,#3027,#1277,.T.);
#4947=EDGE_CURVE('',#3025,#3121,#1273,.T.);
#4949=EDGE_CURVE('',#3121,#3123,#1281,.T.);
#4963=EDGE_CURVE('',#3025,#3121,#1286,.T.);
#4973=EDGE_CURVE('',#3024,#3025,#1290,.T.);
#4976=EDGE_CURVE('',#3120,#3121,#1294,.T.);
#4978=EDGE_CURVE('',#3024,#3120,#1299,.T.);
#4989=EDGE_CURVE('',#3024,#3120,#1304,.T.);
#5001=EDGE_CURVE('',#3224,#3225,#1309,.T.);
#5003=EDGE_CURVE('',#3225,#3120,#1330,.T.);
#5006=EDGE_CURVE('',#3224,#3024,#1326,.T.);
#5017=EDGE_CURVE('',#3225,#3221,#1317,.T.);
#5020=EDGE_CURVE('',#3224,#3220,#1313,.T.);
#5032=EDGE_CURVE('',#3225,#3224,#1322,.T.);
#5055=EDGE_CURVE('',#2676,#2748,#1373,.T.);
#5059=EDGE_CURVE('',#2885,#2676,#1679,.T.);
#5069=EDGE_CURVE('',#2769,#2770,#1339,.T.);
#5071=EDGE_CURVE('',#2986,#2769,#1344,.T.);
#5073=EDGE_CURVE('',#2968,#2986,#1349,.T.);
#5075=EDGE_CURVE('',#2837,#2968,#1353,.T.);
#5077=EDGE_CURVE('',#2835,#2837,#1358,.T.);
#5079=EDGE_CURVE('',#2834,#2835,#1363,.T.);
#5083=EDGE_CURVE('',#2675,#2676,#1378,.T.);
#5085=EDGE_CURVE('',#2756,#2675,#1382,.T.);
#5087=EDGE_CURVE('',#2930,#2756,#1387,.T.);
#5089=EDGE_CURVE('',#2770,#2930,#1392,.T.);
#5099=EDGE_CURVE('',#2962,#2873,#1465,.T.);
#5101=EDGE_CURVE('',#2873,#2769,#2079,.T.);
#5104=EDGE_CURVE('',#2770,#2962,#2087,.T.);
#5114=EDGE_CURVE('',#2862,#2755,#1396,.T.);
#5116=EDGE_CURVE('',#2842,#2862,#1401,.T.);
#5118=EDGE_CURVE('',#2841,#2842,#1406,.T.);
#5120=EDGE_CURVE('',#2766,#2841,#1411,.T.);
#5122=EDGE_CURVE('',#2764,#2766,#1416,.T.);
#5124=EDGE_CURVE('',#2763,#2764,#1421,.T.);
#5126=EDGE_CURVE('',#2782,#2763,#1426,.T.);
#5128=EDGE_CURVE('',#2854,#2782,#1431,.T.);
#5130=EDGE_CURVE('',#2810,#2854,#1436,.T.);
#5132=EDGE_CURVE('',#2810,#2914,#1739,.T.);
#5134=EDGE_CURVE('',#2708,#2914,#1441,.T.);
#5136=EDGE_CURVE('',#2938,#2708,#1446,.T.);
#5138=EDGE_CURVE('',#2922,#2938,#1450,.T.);
#5140=EDGE_CURVE('',#2921,#2922,#1455,.T.);
#5142=EDGE_CURVE('',#2873,#2921,#1460,.T.);
#5145=EDGE_CURVE('',#2979,#2962,#1470,.T.);
#5147=EDGE_CURVE('',#2755,#2979,#1475,.T.);
#5151=EDGE_CURVE('',#2882,#2806,#1491,.T.);
#5153=EDGE_CURVE('',#2899,#2882,#1511,.T.);
#5155=EDGE_CURVE('',#2889,#2899,#1531,.T.);
#5157=EDGE_CURVE('',#2966,#2889,#1551,.T.);
#5159=EDGE_CURVE('',#2830,#2966,#1555,.T.);
#5161=EDGE_CURVE('',#2807,#2830,#1559,.T.);
#5163=EDGE_CURVE('',#2806,#2807,#1563,.T.);
#5167=EDGE_CURVE('',#2909,#2910,#1579,.T.);
#5169=EDGE_CURVE('',#2924,#2909,#1599,.T.);
#5171=EDGE_CURVE('',#2923,#2924,#1619,.T.);
#5173=EDGE_CURVE('',#2794,#2923,#1639,.T.);
#5175=EDGE_CURVE('',#2793,#2794,#1643,.T.);
#5177=EDGE_CURVE('',#2719,#2793,#1647,.T.);
#5179=EDGE_CURVE('',#2910,#2719,#1651,.T.);
#5183=EDGE_CURVE('',#2802,#2908,#1655,.T.);
#5185=EDGE_CURVE('',#2869,#2802,#1659,.T.);
#5187=EDGE_CURVE('',#2857,#2869,#1663,.T.);
#5189=EDGE_CURVE('',#2864,#2857,#1667,.T.);
#5191=EDGE_CURVE('',#2949,#2864,#1671,.T.);
#5193=EDGE_CURVE('',#2908,#2949,#1675,.T.);
#5204=EDGE_CURVE('',#2675,#2886,#1683,.T.);
#5207=EDGE_CURVE('',#2861,#2862,#1687,.T.);
#5210=EDGE_CURVE('',#2755,#2756,#2083,.T.);
#5235=EDGE_CURVE('',#2842,#2695,#1691,.T.);
#5246=EDGE_CURVE('',#2841,#2696,#1695,.T.);
#5261=EDGE_CURVE('',#2971,#2766,#1703,.T.);
#5272=EDGE_CURVE('',#2763,#2974,#1699,.T.);
#5286=EDGE_CURVE('',#2811,#2878,#1712,.T.);
#5288=EDGE_CURVE('',#2782,#2878,#1707,.T.);
#5293=EDGE_CURVE('',#2668,#2811,#1765,.T.);
#5304=EDGE_CURVE('',#2854,#2878,#1723,.T.);
#5307=EDGE_CURVE('',#2810,#2811,#1716,.T.);
#5348=EDGE_CURVE('',#2847,#2848,#1731,.T.);
#5350=EDGE_CURVE('',#2847,#2914,#2063,.T.);
#5366=EDGE_CURVE('',#2977,#2964,#1803,.T.);
#5368=EDGE_CURVE('',#2942,#2964,#1782,.T.);
#5370=EDGE_CURVE('',#2847,#2942,#1787,.T.);
#5401=EDGE_CURVE('',#2785,#2900,#1795,.T.);
#5403=EDGE_CURVE('',#2785,#2964,#2067,.T.);
#5416=EDGE_CURVE('',#2789,#2865,#1932,.T.);
#5418=EDGE_CURVE('',#2731,#2865,#1813,.T.);
#5420=EDGE_CURVE('',#2711,#2731,#1818,.T.);
#5422=EDGE_CURVE('',#2711,#2871,#1955,.T.);
#5426=EDGE_CURVE('',#2672,#2846,#1828,.T.);
#5428=EDGE_CURVE('',#3009,#2672,#1833,.T.);
#5430=EDGE_CURVE('',#3007,#3009,#1838,.T.);
#5432=EDGE_CURVE('',#2944,#3007,#1843,.T.);
#5434=EDGE_CURVE('',#2926,#2944,#1848,.T.);
#5436=EDGE_CURVE('',#2990,#2926,#1853,.T.);
#5438=EDGE_CURVE('',#2825,#2990,#1858,.T.);
#5440=EDGE_CURVE('',#2684,#2825,#1862,.T.);
#5442=EDGE_CURVE('',#2683,#2684,#1867,.T.);
#5444=EDGE_CURVE('',#2686,#2683,#1872,.T.);
#5448=EDGE_CURVE('',#2947,#2723,#1887,.T.);
#5450=EDGE_CURVE('',#2934,#2947,#1892,.T.);
#5452=EDGE_CURVE('',#2928,#2934,#1896,.T.);
#5454=EDGE_CURVE('',#2707,#2928,#1901,.T.);
#5456=EDGE_CURVE('',#2786,#2707,#1906,.T.);
#5458=EDGE_CURVE('',#2785,#2786,#1911,.T.);
#5490=EDGE_CURVE('',#2867,#2940,#1924,.T.);
#5492=EDGE_CURVE('',#2867,#2865,#1975,.T.);
#5505=EDGE_CURVE('',#2898,#2712,#1963,.T.);
#5507=EDGE_CURVE('',#2732,#2712,#1942,.T.);
#5509=EDGE_CURVE('',#2867,#2732,#1947,.T.);
#5541=EDGE_CURVE('',#2711,#2712,#1967,.T.);
#5556=EDGE_CURVE('',#2731,#2732,#1971,.T.);
#5580=EDGE_CURVE('',#2892,#2879,#1984,.T.);
#5582=EDGE_CURVE('',#2728,#2879,#1979,.T.);
#5585=EDGE_CURVE('',#2671,#2672,#1999,.T.);
#5596=EDGE_CURVE('',#2727,#2879,#1995,.T.);
#5622=EDGE_CURVE('',#2772,#3009,#2003,.T.);
#5634=EDGE_CURVE('',#3007,#2701,#2007,.T.);
#5648=EDGE_CURVE('',#2702,#2944,#2011,.T.);
#5660=EDGE_CURVE('',#2704,#2926,#2015,.T.);
#5674=EDGE_CURVE('',#2960,#2990,#2023,.T.);
#5685=EDGE_CURVE('',#2825,#2797,#2019,.T.);
#5698=EDGE_CURVE('',#2692,#2684,#2027,.T.);
#5703=EDGE_CURVE('',#2798,#2912,#2039,.T.);
#5743=EDGE_CURVE('',#2934,#2837,#2047,.T.);
#5755=EDGE_CURVE('',#2938,#2928,#2055,.T.);
#5760=EDGE_CURVE('',#2968,#2922,#2075,.T.);
#5771=EDGE_CURVE('',#2707,#2708,#2051,.T.);
#5783=EDGE_CURVE('',#2786,#2942,#2059,.T.);
#5810=EDGE_CURVE('',#2921,#2986,#2071,.T.);
#5859=B_SPLINE_CURVE_WITH_KNOTS('',3,(#5844,#5845,#5846,#5847,#5848,#5849,#5850,
#5851,#5852,#5853,#5854,#5855,#5856,#5857,#5858),.UNSPECIFIED.,.F.,.F.,(4,1,1,1,
1,1,1,1,1,1,1,1,4),(0.E0,1.271204013964E-1,2.118813522206E-1,2.980178554778E-1,
3.853481337295E-1,4.331637757829E-1,4.869778509817E-1,5.479830522653E-1,
6.162034614357E-1,6.906234967569E-1,7.723025786202E-1,8.611084591370E-1,1.E0),
.UNSPECIFIED.);
#5864=EDGE_CURVE('',#2843,#2806,#2091,.T.);
#5866=EDGE_CURVE('',#2843,#2844,#2203,.T.);
#5868=EDGE_CURVE('',#2882,#2844,#2095,.T.);
#5879=EDGE_CURVE('',#2807,#2827,#2099,.T.);
#5881=EDGE_CURVE('',#2827,#2843,#2119,.T.);
#5893=EDGE_CURVE('',#2830,#2831,#2103,.T.);
#5895=EDGE_CURVE('',#2831,#2827,#2123,.T.);
#5907=EDGE_CURVE('',#2966,#2902,#2107,.T.);
#5909=EDGE_CURVE('',#2902,#2831,#2127,.T.);
#5934=B_SPLINE_CURVE_WITH_KNOTS('',3,(#5915,#5916,#5917,#5918,#5919,#5920,#5921,
#5922,#5923,#5924,#5925,#5926,#5927,#5928,#5929,#5930,#5931,#5932,#5933),
.UNSPECIFIED.,.F.,.F.,(4,1,1,1,1,1,1,1,1,1,1,1,1,1,1,1,4),(0.E0,
8.411606634162E-2,1.428787710944E-1,2.006241746585E-1,2.575675659631E-1,
3.145551404350E-1,3.722278542135E-1,4.308124720286E-1,4.916715861678E-1,
5.525657804976E-1,6.124954233323E-1,6.711711020050E-1,7.302393251706E-1,
7.896012168469E-1,8.500592304453E-1,9.121982149500E-1,1.E0),.UNSPECIFIED.);
#5939=EDGE_CURVE('',#2889,#2890,#2111,.T.);
#5941=EDGE_CURVE('',#2890,#2902,#2147,.T.);
#5966=B_SPLINE_CURVE_WITH_KNOTS('',3,(#5947,#5948,#5949,#5950,#5951,#5952,#5953,
#5954,#5955,#5956,#5957,#5958,#5959,#5960,#5961,#5962,#5963,#5964,#5965),
.UNSPECIFIED.,.F.,.F.,(4,1,1,1,1,1,1,1,1,1,1,1,1,1,1,1,4),(0.E0,
8.573553959539E-2,1.457115012527E-1,2.046406188961E-1,2.629386253942E-1,
3.211528402478E-1,3.796415471622E-1,4.393996522810E-1,5.006091948023E-1,
5.621976166373E-1,6.218023645184E-1,6.801866551986E-1,7.383602400863E-1,
7.962077579243E-1,8.550708296614E-1,9.150009925970E-1,1.E0),.UNSPECIFIED.);
#5971=EDGE_CURVE('',#2899,#2984,#2115,.T.);
#5973=EDGE_CURVE('',#2984,#2890,#2167,.T.);
#5998=B_SPLINE_CURVE_WITH_KNOTS('',3,(#5979,#5980,#5981,#5982,#5983,#5984,#5985,
#5986,#5987,#5988,#5989,#5990,#5991,#5992,#5993,#5994,#5995,#5996,#5997),
.UNSPECIFIED.,.F.,.F.,(4,1,1,1,1,1,1,1,1,1,1,1,1,1,1,1,4),(0.E0,
8.769511196376E-2,1.497656017556E-1,2.099324956504E-1,2.694735435309E-1,
3.288439293498E-1,3.884694853299E-1,4.490168461428E-1,5.110910231810E-1,
5.728361730319E-1,6.326635513472E-1,6.910556895265E-1,7.480058892978E-1,
8.044528453041E-1,8.608822281692E-1,9.183365752766E-1,1.E0),.UNSPECIFIED.);
#6004=EDGE_CURVE('',#2844,#2984,#2187,.T.);
#6024=EDGE_CURVE('',#2815,#2740,#2215,.T.);
#6026=EDGE_CURVE('',#2799,#2815,#2227,.T.);
#6028=EDGE_CURVE('',#2736,#2799,#2239,.T.);
#6030=EDGE_CURVE('',#2740,#2736,#2251,.T.);
#6046=B_SPLINE_CURVE_WITH_KNOTS('',3,(#6035,#6036,#6037,#6038,#6039,#6040,#6041,
#6042,#6043,#6044,#6045),.UNSPECIFIED.,.F.,.F.,(4,1,1,1,1,1,1,1,4),(0.E0,
1.618580546535E-1,2.679719974587E-1,3.751706084121E-1,4.871632989905E-1,
6.008874214646E-1,7.120326397081E-1,8.268502729142E-1,1.E0),.UNSPECIFIED.);
#6050=EDGE_CURVE('',#2739,#2814,#2267,.T.);
#6052=EDGE_CURVE('',#2814,#2815,#2315,.T.);
#6055=EDGE_CURVE('',#2739,#2740,#2255,.T.);
#6066=EDGE_CURVE('',#2735,#2739,#2279,.T.);
#6068=EDGE_CURVE('',#2945,#2735,#2291,.T.);
#6070=EDGE_CURVE('',#2814,#2945,#2303,.T.);
#6086=B_SPLINE_CURVE_WITH_KNOTS('',3,(#6075,#6076,#6077,#6078,#6079,#6080,#6081,
#6082,#6083,#6084,#6085),.UNSPECIFIED.,.F.,.F.,(4,1,1,1,1,1,1,1,4),(0.E0,
1.738267907155E-1,2.880982133492E-1,4.008012658933E-1,5.164577665323E-1,
6.304743282982E-1,7.371544183731E-1,8.412116897053E-1,1.E0),.UNSPECIFIED.);
#6093=EDGE_CURVE('',#2735,#2736,#2307,.T.);
#6109=B_SPLINE_CURVE_WITH_KNOTS('',3,(#6098,#6099,#6100,#6101,#6102,#6103,#6104,
#6105,#6106,#6107,#6108),.UNSPECIFIED.,.F.,.F.,(4,1,1,1,1,1,1,1,4),(0.E0,
1.640188770455E-1,2.699206000372E-1,3.762631494862E-1,4.874959042732E-1,
6.000554556105E-1,7.119812128947E-1,8.262960186639E-1,1.E0),.UNSPECIFIED.);
#6116=EDGE_CURVE('',#2945,#2799,#2311,.T.);
#6132=B_SPLINE_CURVE_WITH_KNOTS('',3,(#6121,#6122,#6123,#6124,#6125,#6126,#6127,
#6128,#6129,#6130,#6131),.UNSPECIFIED.,.F.,.F.,(4,1,1,1,1,1,1,1,4),(0.E0,
1.703876305270E-1,2.831999018438E-1,3.925325402790E-1,5.048244249103E-1,
6.155539522578E-1,7.239132023745E-1,8.329998881777E-1,1.E0),.UNSPECIFIED.);
#6158=B_SPLINE_CURVE_WITH_KNOTS('',3,(#6143,#6144,#6145,#6146,#6147,#6148,#6149,
#6150,#6151,#6152,#6153,#6154,#6155,#6156,#6157),.UNSPECIFIED.,.F.,.F.,(4,1,1,1,
1,1,1,1,1,1,1,1,4),(0.E0,1.280364282519E-1,2.122104724553E-1,2.973952898049E-1,
3.845788498130E-1,4.316271354898E-1,4.859406029423E-1,5.468419447599E-1,
6.151113377175E-1,6.900778833896E-1,7.717295880263E-1,8.600785093712E-1,1.E0),
.UNSPECIFIED.);
#6163=EDGE_CURVE('',#2936,#2910,#2319,.T.);
#6165=EDGE_CURVE('',#2936,#2976,#2431,.T.);
#6167=EDGE_CURVE('',#2909,#2976,#2323,.T.);
#6178=EDGE_CURVE('',#2719,#2720,#2327,.T.);
#6180=EDGE_CURVE('',#2720,#2936,#2347,.T.);
#6192=EDGE_CURVE('',#2793,#2955,#2331,.T.);
#6194=EDGE_CURVE('',#2955,#2720,#2351,.T.);
#6206=EDGE_CURVE('',#2794,#2997,#2335,.T.);
#6208=EDGE_CURVE('',#2997,#2955,#2355,.T.);
#6233=B_SPLINE_CURVE_WITH_KNOTS('',3,(#6214,#6215,#6216,#6217,#6218,#6219,#6220,
#6221,#6222,#6223,#6224,#6225,#6226,#6227,#6228,#6229,#6230,#6231,#6232),
.UNSPECIFIED.,.F.,.F.,(4,1,1,1,1,1,1,1,1,1,1,1,1,1,1,1,4),(0.E0,
8.417085148717E-2,1.431273423031E-1,2.005535077010E-1,2.575145889253E-1,
3.146176185008E-1,3.724651604510E-1,4.312592652442E-1,4.920748514957E-1,
5.528384363813E-1,6.123209163799E-1,6.713192407127E-1,7.301959040514E-1,
7.895745977463E-1,8.500252350498E-1,9.120807515671E-1,1.E0),.UNSPECIFIED.);
#6238=EDGE_CURVE('',#2923,#2957,#2339,.T.);
#6240=EDGE_CURVE('',#2957,#2997,#2375,.T.);
#6265=B_SPLINE_CURVE_WITH_KNOTS('',3,(#6246,#6247,#6248,#6249,#6250,#6251,#6252,
#6253,#6254,#6255,#6256,#6257,#6258,#6259,#6260,#6261,#6262,#6263,#6264),
.UNSPECIFIED.,.F.,.F.,(4,1,1,1,1,1,1,1,1,1,1,1,1,1,1,1,4),(0.E0,
8.579104938610E-2,1.462826285591E-1,2.052357452114E-1,2.637122006776E-1,
3.218814903127E-1,3.804210243595E-1,4.402659988706E-1,5.015857149930E-1,
5.627912217349E-1,6.226490426506E-1,6.810834079009E-1,7.390686777920E-1,
7.966173815749E-1,8.551503481079E-1,9.150261493594E-1,1.E0),.UNSPECIFIED.);
#6270=EDGE_CURVE('',#2924,#2981,#2343,.T.);
#6272=EDGE_CURVE('',#2981,#2957,#2395,.T.);
#6297=B_SPLINE_CURVE_WITH_KNOTS('',3,(#6278,#6279,#6280,#6281,#6282,#6283,#6284,
#6285,#6286,#6287,#6288,#6289,#6290,#6291,#6292,#6293,#6294,#6295,#6296),
.UNSPECIFIED.,.F.,.F.,(4,1,1,1,1,1,1,1,1,1,1,1,1,1,1,1,4),(0.E0,
8.773864258592E-2,1.498229534158E-1,2.099713645046E-1,2.695860476434E-1,
3.285424143876E-1,3.879000836028E-1,4.480484946916E-1,5.101389926072E-1,
5.721985489262E-1,6.319072362030E-1,6.903189838990E-1,7.471737288145E-1,
8.038511765230E-1,8.606288448917E-1,9.180496704723E-1,1.E0),.UNSPECIFIED.);
#6303=EDGE_CURVE('',#2976,#2981,#2415,.T.);
#6323=EDGE_CURVE('',#2698,#2779,#2443,.T.);
#6325=EDGE_CURVE('',#2697,#2698,#2455,.T.);
#6327=EDGE_CURVE('',#2780,#2697,#2467,.T.);
#6329=EDGE_CURVE('',#2779,#2780,#2479,.T.);
#6345=B_SPLINE_CURVE_WITH_KNOTS('',3,(#6334,#6335,#6336,#6337,#6338,#6339,#6340,
#6341,#6342,#6343,#6344),.UNSPECIFIED.,.F.,.F.,(4,1,1,1,1,1,1,1,4),(0.E0,
1.617367895087E-1,2.678671607010E-1,3.750989675910E-1,4.880771532591E-1,
6.025488649251E-1,7.141249572137E-1,8.275124191669E-1,1.E0),.UNSPECIFIED.);
#6349=EDGE_CURVE('',#2906,#2816,#2495,.T.);
#6351=EDGE_CURVE('',#2816,#2698,#2543,.T.);
#6354=EDGE_CURVE('',#2906,#2779,#2483,.T.);
#6365=EDGE_CURVE('',#2838,#2906,#2507,.T.);
#6367=EDGE_CURVE('',#2817,#2838,#2519,.T.);
#6369=EDGE_CURVE('',#2816,#2817,#2531,.T.);
#6385=B_SPLINE_CURVE_WITH_KNOTS('',3,(#6374,#6375,#6376,#6377,#6378,#6379,#6380,
#6381,#6382,#6383,#6384),.UNSPECIFIED.,.F.,.F.,(4,1,1,1,1,1,1,1,4),(0.E0,
1.735499985626E-1,2.886793154242E-1,4.016071552390E-1,5.174643150498E-1,
6.310969441917E-1,7.374140054932E-1,8.410397995E-1,1.E0),.UNSPECIFIED.);
#6392=EDGE_CURVE('',#2838,#2780,#2535,.T.);
#6408=B_SPLINE_CURVE_WITH_KNOTS('',3,(#6397,#6398,#6399,#6400,#6401,#6402,#6403,
#6404,#6405,#6406,#6407),.UNSPECIFIED.,.F.,.F.,(4,1,1,1,1,1,1,1,4),(0.E0,
1.639825563412E-1,2.702671647201E-1,3.771052375142E-1,4.889653774431E-1,
6.022377253668E-1,7.130700750848E-1,8.268756341834E-1,1.E0),.UNSPECIFIED.);
#6415=EDGE_CURVE('',#2817,#2697,#2539,.T.);
#6431=B_SPLINE_CURVE_WITH_KNOTS('',3,(#6420,#6421,#6422,#6423,#6424,#6425,#6426,
#6427,#6428,#6429,#6430),.UNSPECIFIED.,.F.,.F.,(4,1,1,1,1,1,1,1,4),(0.E0,
1.708432962957E-1,2.834772679518E-1,3.932797954451E-1,5.054763778996E-1,
6.164485695819E-1,7.239154881247E-1,8.334990262520E-1,1.E0),.UNSPECIFIED.);
#6448=EDGE_CURVE('',#2908,#2746,#2551,.T.);
#6450=EDGE_CURVE('',#2746,#2803,#2591,.T.);
#6452=EDGE_CURVE('',#2802,#2803,#2547,.T.);
#6463=EDGE_CURVE('',#2949,#2744,#2555,.T.);
#6465=EDGE_CURVE('',#2744,#2746,#2571,.T.);
#6477=EDGE_CURVE('',#2864,#2743,#2559,.T.);
#6479=EDGE_CURVE('',#2743,#2744,#2575,.T.);
#6491=EDGE_CURVE('',#2857,#2858,#2563,.T.);
#6493=EDGE_CURVE('',#2858,#2743,#2579,.T.);
#6505=EDGE_CURVE('',#2869,#2894,#2567,.T.);
#6507=EDGE_CURVE('',#2894,#2858,#2583,.T.);
#6520=EDGE_CURVE('',#2803,#2894,#2587,.T.);
#6548=EDGE_CURVE('',#2680,#2992,#2599,.T.);
#6591=EDGE_CURVE('',#2775,#2975,#2623,.T.);
#6593=EDGE_CURVE('',#2715,#2975,#2619,.T.);
#6604=EDGE_CURVE('',#2999,#2975,#2637,.T.);
#6609=EDGE_CURVE('',#2994,#2778,#2627,.T.);
#6611=EDGE_CURVE('',#2994,#2999,#2642,.T.);
#6625=EDGE_CURVE('',#2994,#2716,#2650,.T.);
#6662=CLOSED_SHELL('',(#3249,#3307,#3337,#3354,#3382,#3415,#3429,#3468,#3510,
#3525,#3554,#3571,#3583,#3596,#3609,#3638,#3663,#3679,#3694,#3707,#3722,#3735,
#3750,#3763,#3778,#3791,#3806,#3819,#3834,#3847,#3862,#3875,#3890,#3903,#3918,
#3931,#3946,#3959,#3974,#3987,#4002,#4015,#4030,#4043,#4058,#4071,#4086,#4099,
#4114,#4127,#4142,#4155,#4170,#4183,#4198,#4211,#4226,#4239,#4254,#4267,#4282,
#4295,#4310,#4323,#4338,#4351,#4366,#4379,#4394,#4407,#4422,#4435,#4450,#4463,
#4478,#4491,#4506,#4519,#4534,#4547,#4562,#4575,#4590,#4603,#4618,#4631,#4646,
#4659,#4674,#4687,#4702,#4715,#4730,#4743,#4758,#4771,#4786,#4799,#4814,#4827,
#4842,#4855,#4870,#4883,#4898,#4911,#4926,#4939,#4954,#4967,#4982,#4995,#5010,
#5024,#5037,#5049,#5063,#5093,#5108,#5197,#5214,#5226,#5239,#5252,#5265,#5280,
#5297,#5311,#5322,#5359,#5375,#5409,#5464,#5498,#5514,#5547,#5560,#5572,#5589,
#5602,#5613,#5626,#5639,#5652,#5665,#5678,#5691,#5707,#5721,#5733,#5748,#5764,
#5777,#5792,#5804,#5817,#5829,#5843,#5872,#5886,#5900,#5914,#5946,#5978,#6009,
#6034,#6059,#6074,#6097,#6120,#6142,#6171,#6185,#6199,#6213,#6245,#6277,#6308,
#6333,#6358,#6373,#6396,#6419,#6441,#6456,#6470,#6484,#6498,#6512,#6525,#6539,
#6552,#6564,#6598,#6615,#6629,#6661));
#6663=MANIFOLD_SOLID_BREP('',#6662);
#6664=(LENGTH_UNIT()NAMED_UNIT(*)SI_UNIT(.MILLI.,.METRE.));
#6666=(NAMED_UNIT(*)PLANE_ANGLE_UNIT()SI_UNIT($,.RADIAN.));
#6669=(NAMED_UNIT(*)SI_UNIT($,.STERADIAN.)SOLID_ANGLE_UNIT());
#6672=ADVANCED_BREP_SHAPE_REPRESENTATION('',(#6663),#6671);
#6679=PRODUCT_DEFINITION('design','',#6678,#6675);
#6680=PRODUCT_DEFINITION_SHAPE('','SHAPE FOR LARGER_OPTIM_HOUSING.',#6679);
#6681=SHAPE_DEFINITION_REPRESENTATION(#6680,#6672);
ENDSEC;
END-ISO-10303-21;
